1:-453.22174255371095 -631.0911889648437 20.014371738433837 0.13572299480438232 0.007293008733540773 -0.007021024357527494 -0.1364171952009201 -0.03175663575530052 0.012094184756278992 0.11118427664041519 -0.009032469242811203 -0.13930031657218933 -0.10393648594617844 -0.28478434681892395 -0.1862490028142929 0.2346208095550537 0.25364741683006287 -0.002420176984742284 -0.04249902814626694 0.019769813865423203 -0.17269869148731232 -451.5911923828125 -558.3863969726563 52.48042750549316 -450.0053148193359 -487.67351708984376 84.05700229263306 -448.53111877441404 -421.9404174804688 113.40987462997437 -446.85589599609375 -302.51514804862927 146.76541137695312 -0.0 -0.0 -0.0 -559.104736328125 -336.7435607910156 274.45025634765625 -334.6070861816406 -357.743896484375 19.080554962158203 0.13083143532276154 -0.4630920886993408 -0.11212731897830963 -0.17853452265262604 -0.4192124307155609 -0.06504669040441513 0.23888057470321655 -0.2709791958332062 -0.16623732447624207 -0.3308790922164917 -0.2628665268421173 -0.10875269770622253 0.26569727063179016 -0.10097415745258331 -0.261073499917984 -0.5107472538948059 -0.20992158353328705 -0.20483015477657318 0.3545365035533905 -0.0542687326669693 -0.3460279405117035 -0.04697331041097641 -0.18428458273410797 -0.4694793224334717 -0.0 -0.0 -0.0 -0.0 -0.0 -0.0 -0.0 -0.0 -0.0 -0.0 -0.0 -0.0 -0.0 -0.0 -0.0 -0.0 -0.0 -0.0 -0.0 -0.0 -0.0 -0.0 -0.0 -0.0 -0.0 -0.0 -0.0 -0.0 -0.0 -0.0 -0.0 -0.0 -0.0 -0.0 -0.0 -0.0 -0.0 -0.0 -0.0 -0.0 -0.0 -0.0 -0.0 -0.0 -0.0 -0.0 -0.0 -0.0 -0.0 -0.0 -0.0 -0.0 -0.0 -0.0 -0.0 -0.0 -0.0 -0.0 -0.0 -0.0 -0.0 -0.0 -0.0 -0.0 -0.0 -0.0 -0.0 -0.0 -0.0 -0.0 -0.0 -0.0 -0.0 -0.0 -0.0 -0.0 -0.0 -0.0 -0.0 -0.0 -0.0 -0.0 -0.0 -0.0 -0.0 -0.0 -0.0 -0.0 -0.0 -0.0 -0.0 -0.0 -0.0 -0.0 -0.0 -0.0 -0.0 -0.0 -0.0 -0.0 -0.0 -0.0 -0.0 -0.0 -0.0 -0.0 -0.0 -0.0 -0.0 -0.0 -0.0 -0.0 -0.0 -0.0 -0.0 -0.0 -0.0 -0.0 -0.0 -0.0 -0.0 -0.0 -0.0 -0.0 -0.0 -0.0 -0.0 -0.0 -0.0 -0.0 -0.0 -0.0 -45.32310485839844 -63.112542724609376 1.967266845703125 -0.0 -0.0 -0.0 -1.0 -1.0 -1.0
2:546.7027 84.65002 251.4045 480.709 86.10716 246.4254 517.0229 87.13663 305.5105 516.809 87.57043 285.1254 479.509 83.63747 298.0254 569.309 81.98589 307.9254 568.709 81.01415 289.2254 544.509 81.98587 288.9256 544.809 81.98589 307.5254
1:-452.7548625183106 -631.0133718872071 20.14236988067627 0.13580597937107086 0.007288624066859484 -0.0070081972517073154 -0.1364985704421997 -0.031775642186403275 0.012087804265320301 0.11120327562093735 -0.011501578614115715 -0.13936620950698853 -0.10460633039474487 -0.289344847202301 -0.1863066852092743 0.23487010598182678 0.24948613345623016 -0.0024727124255150557 -0.04306143522262573 0.016766594722867012 -0.1725488007068634 -451.1670523681641 -558.3115339355469 52.80110745239258 -449.6227438659668 -487.60152716064454 84.56508509063721 -448.1871894836426 -421.87109832763673 114.09216289520265 -446.5558776855469 -302.4506812181301 147.64566040039062 -0.0 -0.0 -0.0 -558.8489990234375 -336.72235107421875 275.5580139160156 -334.26275634765625 -357.6325378417969 19.733312606811523 0.13090582191944122 -0.46293556690216064 -0.11213994771242142 -0.17841562628746033 -0.4192073345184326 -0.0651988536119461 0.23892547190189362 -0.27093833684921265 -0.16684944927692413 -0.3310530483722687 -0.2628379464149475 -0.10955902189016342 0.2656804919242859 -0.101002536714077 -0.26335012912750244 -0.5107793211936951 -0.2099522352218628 -0.20533344149589539 0.3551484942436218 -0.06348097324371338 -0.34666746854782104 -0.04744971543550491 -0.19038237631320953 -0.46938106417655945 -0.0 -0.0 -0.0 -0.0 -0.0 -0.0 -0.0 -0.0 -0.0 -0.0 -0.0 -0.0 -0.0 -0.0 -0.0 -0.0 -0.0 -0.0 -0.0 -0.0 -0.0 -0.0 -0.0 -0.0 -0.0 -0.0 -0.0 -0.0 -0.0 -0.0 -0.0 -0.0 -0.0 -0.0 -0.0 -0.0 -0.0 -0.0 -0.0 -0.0 -0.0 -0.0 -0.0 -0.0 -0.0 -0.0 -0.0 -0.0 -0.0 -0.0 -0.0 -0.0 -0.0 -0.0 -0.0 -0.0 -0.0 -0.0 -0.0 -0.0 -0.0 -0.0 -0.0 -0.0 -0.0 -0.0 -0.0 -0.0 -0.0 -0.0 -0.0 -0.0 -0.0 -0.0 -0.0 -0.0 -0.0 -0.0 -0.0 -0.0 -0.0 -0.0 -0.0 -0.0 -0.0 -0.0 -0.0 -0.0 -0.0 -0.0 -0.0 -0.0 -0.0 -0.0 -0.0 -0.0 -0.0 -0.0 -0.0 -0.0 -0.0 -0.0 -0.0 -0.0 -0.0 -0.0 -0.0 -0.0 -0.0 -0.0 -0.0 -0.0 -0.0 -0.0 -0.0 -0.0 -0.0 -0.0 -0.0 -0.0 -0.0 -0.0 -0.0 -0.0 -0.0 -0.0 -0.0 -0.0 -0.0 -0.0 -0.0 -0.0 -45.297845458984376 -63.1052490234375 1.9952133178710938 -0.0 -0.0 -0.0 -1.0 -1.0 -1.0
2:546.7027 84.65002 251.4045 480.709 86.10716 246.4254 517.0229 87.13663 305.5105 516.809 87.57043 285.1254 479.509 83.63747 298.0254 569.309 81.98589 307.9254 568.709 81.01415 289.2254 544.509 81.98587 288.9256 544.809 81.98589 307.5254
1:-452.4805856323242 -630.9275946044922 20.914187240600587 0.1358373761177063 0.007137303240597248 -0.007026251405477524 -0.13653309643268585 -0.03160744160413742 0.012113028205931187 0.11114416271448135 -0.012265726923942566 -0.1392294317483902 -0.10421207547187805 -0.28964680433273315 -0.18636712431907654 0.23514457046985626 0.24961909651756287 -0.00024159418535418808 -0.04107438772916794 0.015565604902803898 -0.17177796363830566 -450.90100268554687 -558.2314375000001 54.7293130493164 -449.3646959838867 -487.5269559326173 87.6179970550537 -447.9365798950195 -421.8016632080079 118.19057655334473 -446.313720703125 -302.39057748760285 152.93214416503906 -0.0 -0.0 -0.0 -558.6629638671875 -336.6743469238281 282.45843505859375 -333.9644470214844 -357.55328369140625 23.40586280822754 0.1309051662683487 -0.4627249538898468 -0.11430079489946365 -0.1784815639257431 -0.41889142990112305 -0.06848107278347015 0.24091550707817078 -0.2711515724658966 -0.16807183623313904 -0.33179765939712524 -0.26279982924461365 -0.1149035394191742 0.2731899321079254 -0.10104537755250931 -0.2648668587207794 -0.5118982195854187 -0.20996427536010742 -0.20975524187088013 0.3559110164642334 -0.062078218907117844 -0.3434554636478424 -0.04607372730970383 -0.19089630246162415 -0.4679028391838074 -0.0 -0.0 -0.0 -0.0 -0.0 -0.0 -0.0 -0.0 -0.0 -0.0 -0.0 -0.0 -0.0 -0.0 -0.0 -0.0 -0.0 -0.0 -0.0 -0.0 -0.0 -0.0 -0.0 -0.0 -0.0 -0.0 -0.0 -0.0 -0.0 -0.0 -0.0 -0.0 -0.0 -0.0 -0.0 -0.0 -0.0 -0.0 -0.0 -0.0 -0.0 -0.0 -0.0 -0.0 -0.0 -0.0 -0.0 -0.0 -0.0 -0.0 -0.0 -0.0 -0.0 -0.0 -0.0 -0.0 -0.0 -0.0 -0.0 -0.0 -0.0 -0.0 -0.0 -0.0 -0.0 -0.0 -0.0 -0.0 -0.0 -0.0 -0.0 -0.0 -0.0 -0.0 -0.0 -0.0 -0.0 -0.0 -0.0 -0.0 -0.0 -0.0 -0.0 -0.0 -0.0 -0.0 -0.0 -0.0 -0.0 -0.0 -0.0 -0.0 -0.0 -0.0 -0.0 -0.0 -0.0 -0.0 -0.0 -0.0 -0.0 -0.0 -0.0 -0.0 -0.0 -0.0 -0.0 -0.0 -0.0 -0.0 -0.0 -0.0 -0.0 -0.0 -0.0 -0.0 -0.0 -0.0 -0.0 -0.0 -0.0 -0.0 -0.0 -0.0 -0.0 -0.0 -0.0 -0.0 -0.0 -0.0 -0.0 -0.0 -45.26764831542969 -63.096221923828125 2.0504547119140626 -0.0 -0.0 -0.0 -1.0 -1.0 -1.0
2:546.7027 84.65002 251.4045 480.709 86.10716 246.4254 517.0229 87.13663 305.5105 516.809 87.57043 285.1254 479.509 83.63747 298.0254 569.309 81.98589 307.9254 568.709 81.01415 289.2254 544.509 81.98587 288.9256 544.809 81.98589 307.5254
1:-452.3225158691406 -630.9017465209961 21.220329875946046 0.135846808552742 0.007084461860358715 -0.006980945821851492 -0.13654202222824097 -0.03150393068790436 0.012070260010659695 0.11043741554021835 -0.010633686557412148 -0.13855963945388794 -0.10531660914421082 -0.28874143958091736 -0.18626032769680023 0.23508979380130768 0.25218161940574646 -0.0003632902225945145 -0.041088394820690155 0.016372187063097954 -0.17173872888088226 -450.7476513671875 -558.2319084472656 55.48948820495606 -449.2159338378906 -487.55302484130857 88.8197654838562 -447.7920837402343 -421.85152740478514 119.8028401374817 -446.174072265625 -302.4836734611831 155.01087951660156 -0.0 -0.0 -0.0 -558.5540771484375 -336.6439208984375 285.01239013671875 -333.7940979003906 -357.7375793457031 25.00936508178711 0.1308411955833435 -0.4627504050731659 -0.11424542218446732 -0.17847582697868347 -0.41885364055633545 -0.06860503554344177 0.24041813611984253 -0.2716008722782135 -0.16808702051639557 -0.33268916606903076 -0.2634705603122711 -0.11505357921123505 0.272961288690567 -0.10137666761875153 -0.265035480260849 -0.5148698091506958 -0.21148529648780823 -0.20919831097126007 0.355740487575531 -0.052270930260419846 -0.34355416893959045 -0.04599896818399429 -0.1882258802652359 -0.4675752520561218 -0.0 -0.0 -0.0 -0.0 -0.0 -0.0 -0.0 -0.0 -0.0 -0.0 -0.0 -0.0 -0.0 -0.0 -0.0 -0.0 -0.0 -0.0 -0.0 -0.0 -0.0 -0.0 -0.0 -0.0 -0.0 -0.0 -0.0 -0.0 -0.0 -0.0 -0.0 -0.0 -0.0 -0.0 -0.0 -0.0 -0.0 -0.0 -0.0 -0.0 -0.0 -0.0 -0.0 -0.0 -0.0 -0.0 -0.0 -0.0 -0.0 -0.0 -0.0 -0.0 -0.0 -0.0 -0.0 -0.0 -0.0 -0.0 -0.0 -0.0 -0.0 -0.0 -0.0 -0.0 -0.0 -0.0 -0.0 -0.0 -0.0 -0.0 -0.0 -0.0 -0.0 -0.0 -0.0 -0.0 -0.0 -0.0 -0.0 -0.0 -0.0 -0.0 -0.0 -0.0 -0.0 -0.0 -0.0 -0.0 -0.0 -0.0 -0.0 -0.0 -0.0 -0.0 -0.0 -0.0 -0.0 -0.0 -0.0 -0.0 -0.0 -0.0 -0.0 -0.0 -0.0 -0.0 -0.0 -0.0 -0.0 -0.0 -0.0 -0.0 -0.0 -0.0 -0.0 -0.0 -0.0 -0.0 -0.0 -0.0 -0.0 -0.0 -0.0 -0.0 -0.0 -0.0 -0.0 -0.0 -0.0 -0.0 -0.0 -0.0 -45.240719604492185 -63.089300537109374 2.10009651184082 -0.0 -0.0 -0.0 -1.0 -1.0 -1.0
2:546.7027 84.65002 251.4045 480.709 86.10716 246.4254 517.0229 87.13663 305.5105 516.809 87.57043 285.1254 479.509 83.63747 298.0254 569.309 81.98589 307.9254 568.709 81.01415 289.2254 544.509 81.98587 288.9256 544.809 81.98589 307.5254
1:-452.13223190307616 -630.8757067871094 21.24172603607178 0.13589461147785187 0.00709900027140975 -0.006748890038579702 -0.1365828663110733 -0.031627822667360306 0.011814514175057411 0.11515182256698608 -0.01077745109796524 -0.14177286624908447 -0.10003785043954849 -0.2888292968273163 -0.18652436137199402 0.23867951333522797 0.2511395215988159 -0.004896649159491062 -0.039058033376932144 0.016416246071457863 -0.17298878729343414 -450.5740423583984 -558.2170566406251 55.532500823974615 -449.0585429382324 -487.5490544433594 88.88380233001709 -447.64976882934565 -421.85767211914066 119.8864206314087 -446.04888916015625 -302.50819552301647 155.11666870117188 -0.0 -0.0 -0.0 -558.4784545898438 -336.5888671875 284.98101806640625 -333.61932373046875 -357.827880859375 25.252330780029297 0.13086678087711334 -0.46287816762924194 -0.11391037702560425 -0.17846517264842987 -0.4188450276851654 -0.06833094358444214 0.23776943981647491 -0.27194324135780334 -0.16770939528942108 -0.33527499437332153 -0.26521632075309753 -0.11172838509082794 0.2693365514278412 -0.10142767429351807 -0.264172226190567 -0.5174131393432617 -0.2137961983680725 -0.19617438316345215 0.3625893294811249 -0.06917701661586761 -0.35663923621177673 -0.04474634304642677 -0.19216901063919067 -0.47020235657691956 -0.0 -0.0 -0.0 -0.0 -0.0 -0.0 -0.0 -0.0 -0.0 -0.0 -0.0 -0.0 -0.0 -0.0 -0.0 -0.0 -0.0 -0.0 -0.0 -0.0 -0.0 -0.0 -0.0 -0.0 -0.0 -0.0 -0.0 -0.0 -0.0 -0.0 -0.0 -0.0 -0.0 -0.0 -0.0 -0.0 -0.0 -0.0 -0.0 -0.0 -0.0 -0.0 -0.0 -0.0 -0.0 -0.0 -0.0 -0.0 -0.0 -0.0 -0.0 -0.0 -0.0 -0.0 -0.0 -0.0 -0.0 -0.0 -0.0 -0.0 -0.0 -0.0 -0.0 -0.0 -0.0 -0.0 -0.0 -0.0 -0.0 -0.0 -0.0 -0.0 -0.0 -0.0 -0.0 -0.0 -0.0 -0.0 -0.0 -0.0 -0.0 -0.0 -0.0 -0.0 -0.0 -0.0 -0.0 -0.0 -0.0 -0.0 -0.0 -0.0 -0.0 -0.0 -0.0 -0.0 -0.0 -0.0 -0.0 -0.0 -0.0 -0.0 -0.0 -0.0 -0.0 -0.0 -0.0 -0.0 -0.0 -0.0 -0.0 -0.0 -0.0 -0.0 -0.0 -0.0 -0.0 -0.0 -0.0 -0.0 -0.0 -0.0 -0.0 -0.0 -0.0 -0.0 -0.0 -0.0 -0.0 -0.0 -0.0 -0.0 -45.215457153320315 -63.08445434570312 2.1303216934204103 -0.0 -0.0 -0.0 -1.0 -1.0 -1.0
2:546.7027 84.65002 251.4045 480.709 86.10716 246.4254 517.0229 87.13663 305.5105 516.809 87.57043 285.1254 479.509 83.63747 298.0254 569.309 81.98589 307.9254 568.709 81.01415 289.2254 544.509 81.98587 288.9256 544.809 81.98589 307.5254
1:-452.01534881591795 -630.8300155639648 21.554348125457764 0.13588052988052368 0.007094381842762232 -0.006722286343574524 -0.13656927645206451 -0.0316319614648819 0.011787071824073792 0.11536693572998047 -0.010960496962070465 -0.1418818086385727 -0.0987061858177185 -0.2884935736656189 -0.1861414760351181 0.23864299058914185 0.2511276304721832 -0.004905110225081444 -0.03834989666938782 0.016454661265015602 -0.17072369158267975 -450.46153686523434 -558.1827404785156 56.310174606323244 -448.95029510498046 -487.5258016967773 90.11378666305542 -447.5454788208008 -421.8447036743164 121.53686265945436 -445.9490966796875 -302.5139118126053 157.24490356445312 -0.0 -0.0 -0.0 -558.375732421875 -336.54022216796875 287.5421447753906 -333.5224304199219 -357.8739318847656 26.947673797607422 0.1308727115392685 -0.46287810802459717 -0.11459457129240036 -0.1785821169614792 -0.4185148775577545 -0.06955384463071823 0.23790724575519562 -0.2722461223602295 -0.1689443290233612 -0.3354334235191345 -0.2651453912258148 -0.11309520900249481 0.26866599917411804 -0.10146021097898483 -0.2664688527584076 -0.5175799131393433 -0.21285898983478546 -0.19789572060108185 0.36249345541000366 -0.0693478137254715 -0.35648322105407715 -0.04460199177265167 -0.19211138784885406 -0.4678072929382324 -0.0 -0.0 -0.0 -0.0 -0.0 -0.0 -0.0 -0.0 -0.0 -0.0 -0.0 -0.0 -0.0 -0.0 -0.0 -0.0 -0.0 -0.0 -0.0 -0.0 -0.0 -0.0 -0.0 -0.0 -0.0 -0.0 -0.0 -0.0 -0.0 -0.0 -0.0 -0.0 -0.0 -0.0 -0.0 -0.0 -0.0 -0.0 -0.0 -0.0 -0.0 -0.0 -0.0 -0.0 -0.0 -0.0 -0.0 -0.0 -0.0 -0.0 -0.0 -0.0 -0.0 -0.0 -0.0 -0.0 -0.0 -0.0 -0.0 -0.0 -0.0 -0.0 -0.0 -0.0 -0.0 -0.0 -0.0 -0.0 -0.0 -0.0 -0.0 -0.0 -0.0 -0.0 -0.0 -0.0 -0.0 -0.0 -0.0 -0.0 -0.0 -0.0 -0.0 -0.0 -0.0 -0.0 -0.0 -0.0 -0.0 -0.0 -0.0 -0.0 -0.0 -0.0 -0.0 -0.0 -0.0 -0.0 -0.0 -0.0 -0.0 -0.0 -0.0 -0.0 -0.0 -0.0 -0.0 -0.0 -0.0 -0.0 -0.0 -0.0 -0.0 -0.0 -0.0 -0.0 -0.0 -0.0 -0.0 -0.0 -0.0 -0.0 -0.0 -0.0 -0.0 -0.0 -0.0 -0.0 -0.0 -0.0 -0.0 -0.0 -45.195822143554686 -63.08028564453125 2.160149574279785 -0.0 -0.0 -0.0 -1.0 -1.0 -1.0
2:546.7027 84.65002 251.4045 480.709 86.10716 246.4254 517.0229 87.13663 305.5105 516.809 87.57043 285.1254 479.509 83.63747 298.0254 569.309 81.98589 307.9254 568.709 81.01415 289.2254 544.509 81.98587 288.9256 544.809 81.98589 307.5254
1:-451.94633056640623 -630.8412033081055 21.492043533325194 0.1356523185968399 0.007082077208906412 -0.006313807796686888 -0.13632941246032715 -0.031488943845033646 0.01132151484489441 0.11394215375185013 0.004302757326513529 -0.1390479952096939 -0.0988200381398201 -0.2706638276576996 -0.1827632635831833 0.23603254556655884 0.27065178751945496 -0.004149771761149168 -0.03809468448162079 0.03377098590135574 -0.1674949824810028 -450.36884619140625 -558.1877795410156 56.09039776611328 -448.83458056640626 -487.524860534668 89.74085188293456 -447.4083618164063 -421.8382034301758 121.02155570983886 -445.78765869140625 -302.4973117120252 156.56781005859375 -0.0 -0.0 -0.0 -558.2822265625 -336.4869079589844 285.236328125 -333.2930908203125 -357.90167236328125 27.89930534362793 0.13068552315235138 -0.4630161225795746 -0.11375870555639267 -0.1784609854221344 -0.41852784156799316 -0.0695616751909256 0.23738859593868256 -0.2734941244125366 -0.1635013073682785 -0.33651626110076904 -0.2672294080257416 -0.10997451096773148 0.27054038643836975 -0.10231330245733261 -0.25529325008392334 -0.5211717486381531 -0.2148713320493698 -0.18772011995315552 0.3558993339538574 -0.028125105425715446 -0.3536282181739807 -0.0439152866601944 -0.16660766303539276 -0.4654848277568817 -0.0 -0.0 -0.0 -0.0 -0.0 -0.0 -0.0 -0.0 -0.0 -0.0 -0.0 -0.0 -0.0 -0.0 -0.0 -0.0 -0.0 -0.0 -0.0 -0.0 -0.0 -0.0 -0.0 -0.0 -0.0 -0.0 -0.0 -0.0 -0.0 -0.0 -0.0 -0.0 -0.0 -0.0 -0.0 -0.0 -0.0 -0.0 -0.0 -0.0 -0.0 -0.0 -0.0 -0.0 -0.0 -0.0 -0.0 -0.0 -0.0 -0.0 -0.0 -0.0 -0.0 -0.0 -0.0 -0.0 -0.0 -0.0 -0.0 -0.0 -0.0 -0.0 -0.0 -0.0 -0.0 -0.0 -0.0 -0.0 -0.0 -0.0 -0.0 -0.0 -0.0 -0.0 -0.0 -0.0 -0.0 -0.0 -0.0 -0.0 -0.0 -0.0 -0.0 -0.0 -0.0 -0.0 -0.0 -0.0 -0.0 -0.0 -0.0 -0.0 -0.0 -0.0 -0.0 -0.0 -0.0 -0.0 -0.0 -0.0 -0.0 -0.0 -0.0 -0.0 -0.0 -0.0 -0.0 -0.0 -0.0 -0.0 -0.0 -0.0 -0.0 -0.0 -0.0 -0.0 -0.0 -0.0 -0.0 -0.0 -0.0 -0.0 -0.0 -0.0 -0.0 -0.0 -0.0 -0.0 -0.0 -0.0 -0.0 -0.0 -45.18348083496094 -63.079498291015625 2.171269989013672 -0.0 -0.0 -0.0 -1.0 -1.0 -1.0
2:546.7027 84.65002 251.4045 480.709 86.10716 246.4254 517.0229 87.13663 305.5105 516.809 87.57043 285.1254 479.509 83.63747 298.0254 569.309 81.98589 307.9254 568.709 81.01415 289.2254 544.509 81.98587 288.9256 544.809 81.98589 307.5254
1:-451.6524377441406 -630.8417343139648 20.921789112091062 0.1357046365737915 0.006854548584669828 -0.006261484231799841 -0.1363808661699295 -0.031163722276687622 0.011292476207017899 0.1081271544098854 0.003318573348224163 -0.13579635322093964 -0.10772224515676498 -0.27607354521751404 -0.18329864740371704 0.2351313829421997 0.26906514167785645 -0.0006050703814253211 -0.03850608691573143 0.032371241599321365 -0.1706838309764862 -450.070515625 -558.1837658691406 54.656241043090816 -448.5319338378906 -487.51642669677733 87.46646141433715 -447.10170288085936 -421.8256607055664 117.96610288619993 -445.4764404296875 -302.47730387613444 152.62478637695312 -0.0 -0.0 -0.0 -558.0770263671875 -336.4346923828125 277.3946838378906 -332.8758239746094 -357.9194641113281 27.854883193969727 0.13068276643753052 -0.46257469058036804 -0.11322665214538574 -0.17676562070846558 -0.4185355603694916 -0.06955888867378235 0.23857145011425018 -0.2733684778213501 -0.16143853962421417 -0.33602964878082275 -0.2671302855014801 -0.11150173097848892 0.2745412588119507 -0.1024818867444992 -0.25150108337402344 -0.5198885202407837 -0.21486541628837585 -0.19856217503547668 0.35597532987594604 -0.03229110315442085 -0.3467332422733307 -0.04248226806521416 -0.16822893917560577 -0.4700433015823364 -0.0 -0.0 -0.0 -0.0 -0.0 -0.0 -0.0 -0.0 -0.0 -0.0 -0.0 -0.0 -0.0 -0.0 -0.0 -0.0 -0.0 -0.0 -0.0 -0.0 -0.0 -0.0 -0.0 -0.0 -0.0 -0.0 -0.0 -0.0 -0.0 -0.0 -0.0 -0.0 -0.0 -0.0 -0.0 -0.0 -0.0 -0.0 -0.0 -0.0 -0.0 -0.0 -0.0 -0.0 -0.0 -0.0 -0.0 -0.0 -0.0 -0.0 -0.0 -0.0 -0.0 -0.0 -0.0 -0.0 -0.0 -0.0 -0.0 -0.0 -0.0 -0.0 -0.0 -0.0 -0.0 -0.0 -0.0 -0.0 -0.0 -0.0 -0.0 -0.0 -0.0 -0.0 -0.0 -0.0 -0.0 -0.0 -0.0 -0.0 -0.0 -0.0 -0.0 -0.0 -0.0 -0.0 -0.0 -0.0 -0.0 -0.0 -0.0 -0.0 -0.0 -0.0 -0.0 -0.0 -0.0 -0.0 -0.0 -0.0 -0.0 -0.0 -0.0 -0.0 -0.0 -0.0 -0.0 -0.0 -0.0 -0.0 -0.0 -0.0 -0.0 -0.0 -0.0 -0.0 -0.0 -0.0 -0.0 -0.0 -0.0 -0.0 -0.0 -0.0 -0.0 -0.0 -0.0 -0.0 -0.0 -0.0 -0.0 -0.0 -45.16552734375 -63.080194091796876 2.1442222595214844 -0.0 -0.0 -0.0 -1.0 -1.0 -1.0
2:546.7027 84.65002 251.4045 480.709 86.10716 246.4254 517.0229 87.13663 305.5105 516.809 87.57043 285.1254 479.509 83.63747 298.0254 569.309 81.98589 307.9254 568.709 81.01415 289.2254 544.509 81.98587 288.9256 544.809 81.98589 307.5254
1:-451.40327697753906 -630.8500955200195 20.704871540069583 0.13572092354297638 0.00693386048078537 -0.006033176090568304 -0.13639362156391144 -0.031247975304722786 0.011079049669206142 0.1072387620806694 0.0031148886773735285 -0.1358349770307541 -0.1088201105594635 -0.2796744108200073 -0.1833309382200241 0.2346673160791397 0.2683863937854767 -0.00023335625883191824 -0.03974625840783119 0.02855439856648445 -0.1681428849697113 -449.83939990234376 -558.1876091308594 54.11197969055176 -448.31836877441407 -487.5158757934571 86.60382460403443 -446.9044525146484 -421.82102508544926 116.80751142501832 -445.2977294921875 -302.4652470571552 151.1298828125 -0.0 -0.0 -0.0 -557.9940185546875 -336.4073486328125 274.5108642578125 -332.6014404296875 -357.9282531738281 27.748886108398438 0.13087543845176697 -0.4625626504421234 -0.11320763826370239 -0.17645800113677979 -0.4186590313911438 -0.06968127936124802 0.23745855689048767 -0.2733982801437378 -0.1614028960466385 -0.3396586775779724 -0.27111151814460754 -0.11177066713571548 0.2743309736251831 -0.102767713367939 -0.25196850299835205 -0.5258325338363647 -0.22333785891532898 -0.19825612008571625 0.354361891746521 -0.034502409398555756 -0.3466998338699341 -0.04455438256263733 -0.17383213341236115 -0.4678650498390198 -0.0 -0.0 -0.0 -0.0 -0.0 -0.0 -0.0 -0.0 -0.0 -0.0 -0.0 -0.0 -0.0 -0.0 -0.0 -0.0 -0.0 -0.0 -0.0 -0.0 -0.0 -0.0 -0.0 -0.0 -0.0 -0.0 -0.0 -0.0 -0.0 -0.0 -0.0 -0.0 -0.0 -0.0 -0.0 -0.0 -0.0 -0.0 -0.0 -0.0 -0.0 -0.0 -0.0 -0.0 -0.0 -0.0 -0.0 -0.0 -0.0 -0.0 -0.0 -0.0 -0.0 -0.0 -0.0 -0.0 -0.0 -0.0 -0.0 -0.0 -0.0 -0.0 -0.0 -0.0 -0.0 -0.0 -0.0 -0.0 -0.0 -0.0 -0.0 -0.0 -0.0 -0.0 -0.0 -0.0 -0.0 -0.0 -0.0 -0.0 -0.0 -0.0 -0.0 -0.0 -0.0 -0.0 -0.0 -0.0 -0.0 -0.0 -0.0 -0.0 -0.0 -0.0 -0.0 -0.0 -0.0 -0.0 -0.0 -0.0 -0.0 -0.0 -0.0 -0.0 -0.0 -0.0 -0.0 -0.0 -0.0 -0.0 -0.0 -0.0 -0.0 -0.0 -0.0 -0.0 -0.0 -0.0 -0.0 -0.0 -0.0 -0.0 -0.0 -0.0 -0.0 -0.0 -0.0 -0.0 -0.0 -0.0 -0.0 -0.0 -45.145172119140625 -63.081842041015626 2.1093751907348635 -0.0 -0.0 -0.0 -1.0 -1.0 -1.0
2:546.7027 84.65002 251.4045 480.709 86.10716 246.4254 517.0229 87.13663 305.5105 516.809 87.57043 285.1254 479.509 83.63747 298.0254 569.309 81.98589 307.9254 568.709 81.01415 289.2254 544.509 81.98587 288.9256 544.809 81.98589 307.5254
1:-451.16939636230467 -630.9100744628906 20.990236949920654 0.1357223391532898 0.006844409741461277 -0.006019740365445614 -0.1363932192325592 -0.031045805662870407 0.011061699129641056 0.10764811187982559 0.004898205399513245 -0.1351034939289093 -0.10836730897426605 -0.2730220556259155 -0.18291455507278442 0.2349037528038025 0.27164986729621887 0.0015279040671885014 -0.03630483150482178 0.0314544141292572 -0.1686832755804062 -449.61861865234374 -558.2367744140626 54.8319750213623 -448.1103280029297 -487.55452368164066 87.74654218673706 -446.7082550048828 -421.84989624023444 118.34318208694458 -445.114990234375 -302.4763556383327 153.11209106445312 -0.0 -0.0 -0.0 -557.8569946289062 -336.3807067871094 276.2634582519531 -332.37298583984375 -357.9903564453125 29.96072006225586 0.1308700293302536 -0.4628535807132721 -0.11398263275623322 -0.17669162154197693 -0.4189526438713074 -0.07111873477697372 0.2378099411725998 -0.2739953398704529 -0.16244421899318695 -0.34100452065467834 -0.271685928106308 -0.11327064782381058 0.2763494849205017 -0.10282958298921585 -0.2529716491699219 -0.5277795791625977 -0.223552405834198 -0.19899249076843262 0.35555529594421387 -0.02604611963033676 -0.34308382868766785 -0.04029741510748863 -0.16793784499168396 -0.4677591323852539 -0.0 -0.0 -0.0 -0.0 -0.0 -0.0 -0.0 -0.0 -0.0 -0.0 -0.0 -0.0 -0.0 -0.0 -0.0 -0.0 -0.0 -0.0 -0.0 -0.0 -0.0 -0.0 -0.0 -0.0 -0.0 -0.0 -0.0 -0.0 -0.0 -0.0 -0.0 -0.0 -0.0 -0.0 -0.0 -0.0 -0.0 -0.0 -0.0 -0.0 -0.0 -0.0 -0.0 -0.0 -0.0 -0.0 -0.0 -0.0 -0.0 -0.0 -0.0 -0.0 -0.0 -0.0 -0.0 -0.0 -0.0 -0.0 -0.0 -0.0 -0.0 -0.0 -0.0 -0.0 -0.0 -0.0 -0.0 -0.0 -0.0 -0.0 -0.0 -0.0 -0.0 -0.0 -0.0 -0.0 -0.0 -0.0 -0.0 -0.0 -0.0 -0.0 -0.0 -0.0 -0.0 -0.0 -0.0 -0.0 -0.0 -0.0 -0.0 -0.0 -0.0 -0.0 -0.0 -0.0 -0.0 -0.0 -0.0 -0.0 -0.0 -0.0 -0.0 -0.0 -0.0 -0.0 -0.0 -0.0 -0.0 -0.0 -0.0 -0.0 -0.0 -0.0 -0.0 -0.0 -0.0 -0.0 -0.0 -0.0 -0.0 -0.0 -0.0 -0.0 -0.0 -0.0 -0.0 -0.0 -0.0 -0.0 -0.0 -0.0 -45.12288208007813 -63.0861328125 2.097258949279785 -0.0 -0.0 -0.0 -1.0 -1.0 -1.0
2:546.7027 84.65002 251.4045 480.709 86.10716 246.4254 517.0229 87.13663 305.5105 516.809 87.57043 285.1254 479.509 83.63747 298.0254 569.309 81.98589 307.9254 568.709 81.01415 289.2254 544.509 81.98587 288.9256 544.809 81.98589 307.5254
1:-451.2751147460938 -631.16263381958 21.250298557281493 0.135719433426857 0.006737704388797283 -0.005948032718151808 -0.13639071583747864 -0.030977390706539154 0.010996611788868904 0.1079234629869461 0.001518583856523037 -0.13479971885681152 -0.10682392865419388 -0.2764723598957062 -0.18296991288661957 0.23510074615478516 0.26853159070014954 0.0026975800283253193 -0.03555166348814964 0.02653415873646736 -0.1681889295578003 -449.67410498046877 -558.4528226318359 55.48430079650879 -448.1169584960938 -487.73506106567385 88.78038516616822 -446.6694702148438 -421.99742355346683 119.73167486190796 -445.02459716796875 -302.5639095649034 154.90359497070312 -0.0 -0.0 -0.0 -557.7865600585938 -336.3656311035156 278.99444580078125 -332.2626647949219 -358.2254943847656 30.81273651123047 0.13003630936145782 -0.4629456102848053 -0.11420545727014542 -0.17711789906024933 -0.41892746090888977 -0.07145769149065018 0.23763148486614227 -0.2744312882423401 -0.16417428851127625 -0.34095701575279236 -0.2715827226638794 -0.11364579200744629 0.27519628405570984 -0.10330990701913834 -0.2569916546344757 -0.5274298191070557 -0.22329919040203094 -0.19971038401126862 0.3565886616706848 -0.03426624462008476 -0.3425675332546234 -0.039573702961206436 -0.17764808237552643 -0.4676765203475952 -0.0 -0.0 -0.0 -0.0 -0.0 -0.0 -0.0 -0.0 -0.0 -0.0 -0.0 -0.0 -0.0 -0.0 -0.0 -0.0 -0.0 -0.0 -0.0 -0.0 -0.0 -0.0 -0.0 -0.0 -0.0 -0.0 -0.0 -0.0 -0.0 -0.0 -0.0 -0.0 -0.0 -0.0 -0.0 -0.0 -0.0 -0.0 -0.0 -0.0 -0.0 -0.0 -0.0 -0.0 -0.0 -0.0 -0.0 -0.0 -0.0 -0.0 -0.0 -0.0 -0.0 -0.0 -0.0 -0.0 -0.0 -0.0 -0.0 -0.0 -0.0 -0.0 -0.0 -0.0 -0.0 -0.0 -0.0 -0.0 -0.0 -0.0 -0.0 -0.0 -0.0 -0.0 -0.0 -0.0 -0.0 -0.0 -0.0 -0.0 -0.0 -0.0 -0.0 -0.0 -0.0 -0.0 -0.0 -0.0 -0.0 -0.0 -0.0 -0.0 -0.0 -0.0 -0.0 -0.0 -0.0 -0.0 -0.0 -0.0 -0.0 -0.0 -0.0 -0.0 -0.0 -0.0 -0.0 -0.0 -0.0 -0.0 -0.0 -0.0 -0.0 -0.0 -0.0 -0.0 -0.0 -0.0 -0.0 -0.0 -0.0 -0.0 -0.0 -0.0 -0.0 -0.0 -0.0 -0.0 -0.0 -0.0 -0.0 -0.0 -45.114889526367186 -63.101531982421875 2.10269718170166 -0.0 -0.0 -0.0 -1.0 -1.0 -1.0
2:546.7027 84.65002 251.4045 480.709 86.10716 246.4254 517.0229 87.13663 305.5105 516.809 87.57043 285.1254 479.509 83.63747 298.0254 569.309 81.98589 307.9254 568.709 81.01415 289.2254 544.509 81.98587 288.9256 544.809 81.98589 307.5254
1:-451.3142593383789 -631.031520690918 21.062110862731934 0.13572055101394653 0.00675410870462656 -0.00600638659670949 -0.13639146089553833 -0.030997805297374725 0.011048347689211369 0.10808542370796204 -0.00028597976779565215 -0.13879352807998657 -0.10676347464323044 -0.2766150236129761 -0.18348567187786102 0.23466603457927704 0.26644301414489746 -0.003034363966435194 -0.03729129955172539 0.02631579525768757 -0.1693839430809021 -449.6913415527344 -558.3648371582032 55.00806491088867 -448.11288726806646 -487.6890216674805 88.02399282073975 -446.6455917358399 -421.99037628173835 118.71485538482666 -444.97821044921875 -302.6277040036138 153.59083557128906 -0.0 -0.0 -0.0 -557.6401977539062 -336.3560485839844 278.8772888183594 -332.3162536621094 -358.3096008300781 28.30438995361328 0.1301066279411316 -0.46298733353614807 -0.11348037421703339 -0.1777293086051941 -0.4189118444919586 -0.06995619833469391 0.2384098917245865 -0.2744234502315521 -0.16416199505329132 -0.34046441316604614 -0.27075958251953125 -0.1120157241821289 0.2752855718135834 -0.10293392837047577 -0.2570800483226776 -0.5268704891204834 -0.22156058251857758 -0.19897741079330444 0.3557797074317932 -0.039236366748809814 -0.34840789437294006 -0.04112282022833824 -0.17764143645763397 -0.46789729595184326 -0.0 -0.0 -0.0 -0.0 -0.0 -0.0 -0.0 -0.0 -0.0 -0.0 -0.0 -0.0 -0.0 -0.0 -0.0 -0.0 -0.0 -0.0 -0.0 -0.0 -0.0 -0.0 -0.0 -0.0 -0.0 -0.0 -0.0 -0.0 -0.0 -0.0 -0.0 -0.0 -0.0 -0.0 -0.0 -0.0 -0.0 -0.0 -0.0 -0.0 -0.0 -0.0 -0.0 -0.0 -0.0 -0.0 -0.0 -0.0 -0.0 -0.0 -0.0 -0.0 -0.0 -0.0 -0.0 -0.0 -0.0 -0.0 -0.0 -0.0 -0.0 -0.0 -0.0 -0.0 -0.0 -0.0 -0.0 -0.0 -0.0 -0.0 -0.0 -0.0 -0.0 -0.0 -0.0 -0.0 -0.0 -0.0 -0.0 -0.0 -0.0 -0.0 -0.0 -0.0 -0.0 -0.0 -0.0 -0.0 -0.0 -0.0 -0.0 -0.0 -0.0 -0.0 -0.0 -0.0 -0.0 -0.0 -0.0 -0.0 -0.0 -0.0 -0.0 -0.0 -0.0 -0.0 -0.0 -0.0 -0.0 -0.0 -0.0 -0.0 -0.0 -0.0 -0.0 -0.0 -0.0 -0.0 -0.0 -0.0 -0.0 -0.0 -0.0 -0.0 -0.0 -0.0 -0.0 -0.0 -0.0 -0.0 -0.0 -0.0 -45.114443969726565 -63.10552978515625 2.1012617111206056 -0.0 -0.0 -0.0 -1.0 -1.0 -1.0
2:546.7027 84.65002 251.4045 480.709 86.10716 246.4254 517.0229 87.13663 305.5105 516.809 87.57043 285.1254 479.509 83.63747 298.0254 569.309 81.98589 307.9254 568.709 81.01415 289.2254 544.509 81.98587 288.9256 544.809 81.98589 307.5254
1:-451.4217181396484 -631.1664279174805 20.975624713897705 0.13569693267345428 0.00684486236423254 -0.0060160658322274685 -0.13636799156665802 -0.0311422236263752 0.011052291840314865 0.10911808162927628 -0.0004939971258863807 -0.13847535848617554 -0.10569585114717484 -0.2769204080104828 -0.1832355558872223 0.23548640310764313 0.26540589332580566 -0.0029387124814093113 -0.03732023760676384 0.0264871995896101 -0.16950882971286774 -449.80346533203124 -558.4652048339844 54.796779739379886 -448.2295482177734 -487.75579608154305 87.69132777786254 -446.76647033691404 -422.0259231567384 118.26935834884642 -445.1038818359375 -302.6065160328756 153.01712036132812 -0.0 -0.0 -0.0 -557.6739501953125 -336.36590576171875 279.003662109375 -332.5337829589844 -358.2998962402344 27.03058624267578 0.13011395931243896 -0.4629732370376587 -0.11349936574697495 -0.1774253249168396 -0.41894248127937317 -0.06971059739589691 0.23638229072093964 -0.2743188142776489 -0.1648726463317871 -0.3403947353363037 -0.2707390785217285 -0.11115103214979172 0.26808327436447144 -0.10292865335941315 -0.2572178542613983 -0.5266945362091064 -0.22110450267791748 -0.194669708609581 0.35769209265708923 -0.044620975852012634 -0.3488762080669403 -0.040946733206510544 -0.17791303992271423 -0.46790358424186707 -0.0 -0.0 -0.0 -0.0 -0.0 -0.0 -0.0 -0.0 -0.0 -0.0 -0.0 -0.0 -0.0 -0.0 -0.0 -0.0 -0.0 -0.0 -0.0 -0.0 -0.0 -0.0 -0.0 -0.0 -0.0 -0.0 -0.0 -0.0 -0.0 -0.0 -0.0 -0.0 -0.0 -0.0 -0.0 -0.0 -0.0 -0.0 -0.0 -0.0 -0.0 -0.0 -0.0 -0.0 -0.0 -0.0 -0.0 -0.0 -0.0 -0.0 -0.0 -0.0 -0.0 -0.0 -0.0 -0.0 -0.0 -0.0 -0.0 -0.0 -0.0 -0.0 -0.0 -0.0 -0.0 -0.0 -0.0 -0.0 -0.0 -0.0 -0.0 -0.0 -0.0 -0.0 -0.0 -0.0 -0.0 -0.0 -0.0 -0.0 -0.0 -0.0 -0.0 -0.0 -0.0 -0.0 -0.0 -0.0 -0.0 -0.0 -0.0 -0.0 -0.0 -0.0 -0.0 -0.0 -0.0 -0.0 -0.0 -0.0 -0.0 -0.0 -0.0 -0.0 -0.0 -0.0 -0.0 -0.0 -0.0 -0.0 -0.0 -0.0 -0.0 -0.0 -0.0 -0.0 -0.0 -0.0 -0.0 -0.0 -0.0 -0.0 -0.0 -0.0 -0.0 -0.0 -0.0 -0.0 -0.0 -0.0 -0.0 -0.0 -45.12257385253906 -63.11407470703125 2.098338508605957 -0.0 -0.0 -0.0 -1.0 -1.0 -1.0
2:546.7027 84.65002 251.4045 480.709 86.10716 246.4254 517.0229 87.13663 305.5105 516.809 87.57043 285.1254 479.509 83.63747 298.0254 569.309 81.98589 307.9254 568.709 81.01415 289.2254 544.509 81.98587 288.9256 544.809 81.98589 307.5254
1:-451.60879257202146 -631.3048097229004 20.984738426208498 0.1357206255197525 0.006820710375905037 -0.006013408303260803 -0.13639512658119202 -0.031125249341130257 0.01105044037103653 0.10926765203475952 -0.0020480682142078876 -0.1392006129026413 -0.1056588813662529 -0.2779136002063751 -0.1833810806274414 0.23621028661727905 0.2642967700958252 -0.0036929422058165073 -0.03725993260741234 0.026301346719264984 -0.16953399777412415 -449.96887902832026 -558.5877537841797 54.82314401245118 -448.3738946228027 -487.8629459533691 87.73446999359132 -446.8912330627441 -422.1187583923339 118.3280969619751 -445.2063903808594 -302.6733441381398 153.0935821533203 -0.0 -0.0 -0.0 -557.70654296875 -336.37103271484375 279.75872802734375 -332.70623779296875 -358.4478759765625 26.428430557250977 0.1299830824136734 -0.46302488446235657 -0.11400426924228668 -0.17750661075115204 -0.4187345802783966 -0.06978920102119446 0.23635944724082947 -0.2744203507900238 -0.16623562574386597 -0.3403359651565552 -0.2696666121482849 -0.11123240739107132 0.26814472675323486 -0.10293657332658768 -0.2596682012081146 -0.5264606475830078 -0.21924901008605957 -0.1945924162864685 0.3582974076271057 -0.04599634185433388 -0.3497188985347748 -0.04090164601802826 -0.17802365124225616 -0.46754783391952515 -0.0 -0.0 -0.0 -0.0 -0.0 -0.0 -0.0 -0.0 -0.0 -0.0 -0.0 -0.0 -0.0 -0.0 -0.0 -0.0 -0.0 -0.0 -0.0 -0.0 -0.0 -0.0 -0.0 -0.0 -0.0 -0.0 -0.0 -0.0 -0.0 -0.0 -0.0 -0.0 -0.0 -0.0 -0.0 -0.0 -0.0 -0.0 -0.0 -0.0 -0.0 -0.0 -0.0 -0.0 -0.0 -0.0 -0.0 -0.0 -0.0 -0.0 -0.0 -0.0 -0.0 -0.0 -0.0 -0.0 -0.0 -0.0 -0.0 -0.0 -0.0 -0.0 -0.0 -0.0 -0.0 -0.0 -0.0 -0.0 -0.0 -0.0 -0.0 -0.0 -0.0 -0.0 -0.0 -0.0 -0.0 -0.0 -0.0 -0.0 -0.0 -0.0 -0.0 -0.0 -0.0 -0.0 -0.0 -0.0 -0.0 -0.0 -0.0 -0.0 -0.0 -0.0 -0.0 -0.0 -0.0 -0.0 -0.0 -0.0 -0.0 -0.0 -0.0 -0.0 -0.0 -0.0 -0.0 -0.0 -0.0 -0.0 -0.0 -0.0 -0.0 -0.0 -0.0 -0.0 -0.0 -0.0 -0.0 -0.0 -0.0 -0.0 -0.0 -0.0 -0.0 -0.0 -0.0 -0.0 -0.0 -0.0 -0.0 -0.0 -45.13980712890625 -63.125701904296875 2.098249053955078 -0.0 -0.0 -0.0 -1.0 -1.0 -1.0
2:546.7027 84.65002 251.4045 480.709 86.10716 246.4254 517.0229 87.13663 305.5105 516.809 87.57043 285.1254 479.509 83.63747 298.0254 569.309 81.98589 307.9254 568.709 81.01415 289.2254 544.509 81.98587 288.9256 544.809 81.98589 307.5254
1:-451.97402526855467 -631.2933235168457 20.694557857513427 0.13574552536010742 0.006818038877099752 -0.006005998235195875 -0.13642342388629913 -0.031138889491558075 0.011038864962756634 0.11150869727134705 -0.004021541681140661 -0.14373695850372314 -0.10461718589067459 -0.2780834138393402 -0.18439766764640808 0.2375175654888153 0.2612423896789551 -0.012744840234518051 -0.03727613762021065 0.026508990675210953 -0.17349311709403992 -450.3049790039062 -558.5946868896484 54.09711631774903 -448.6816600341797 -487.88779373168944 86.58453619003296 -447.1726593017578 -422.1602592468262 116.78410959243774 -445.4578857421875 -302.745100649531 151.101806640625 -0.0 -0.0 -0.0 -557.7596435546875 -336.42169189453125 277.1582946777344 -333.1560974121094 -358.51806640625 25.045305252075195 0.1298985630273819 -0.46317705512046814 -0.11312984675168991 -0.17809925973415375 -0.41871973872184753 -0.06815232336521149 0.23648598790168762 -0.2743450403213501 -0.16536644101142883 -0.3387606143951416 -0.2676399350166321 -0.10612914711236954 0.26880890130996704 -0.10216091573238373 -0.2572474777698517 -0.5244840979576111 -0.2139526903629303 -0.18748080730438232 0.360186368227005 -0.05439275503158569 -0.36141082644462585 -0.040857039391994476 -0.17818458378314972 -0.47032687067985535 -0.0 -0.0 -0.0 -0.0 -0.0 -0.0 -0.0 -0.0 -0.0 -0.0 -0.0 -0.0 -0.0 -0.0 -0.0 -0.0 -0.0 -0.0 -0.0 -0.0 -0.0 -0.0 -0.0 -0.0 -0.0 -0.0 -0.0 -0.0 -0.0 -0.0 -0.0 -0.0 -0.0 -0.0 -0.0 -0.0 -0.0 -0.0 -0.0 -0.0 -0.0 -0.0 -0.0 -0.0 -0.0 -0.0 -0.0 -0.0 -0.0 -0.0 -0.0 -0.0 -0.0 -0.0 -0.0 -0.0 -0.0 -0.0 -0.0 -0.0 -0.0 -0.0 -0.0 -0.0 -0.0 -0.0 -0.0 -0.0 -0.0 -0.0 -0.0 -0.0 -0.0 -0.0 -0.0 -0.0 -0.0 -0.0 -0.0 -0.0 -0.0 -0.0 -0.0 -0.0 -0.0 -0.0 -0.0 -0.0 -0.0 -0.0 -0.0 -0.0 -0.0 -0.0 -0.0 -0.0 -0.0 -0.0 -0.0 -0.0 -0.0 -0.0 -0.0 -0.0 -0.0 -0.0 -0.0 -0.0 -0.0 -0.0 -0.0 -0.0 -0.0 -0.0 -0.0 -0.0 -0.0 -0.0 -0.0 -0.0 -0.0 -0.0 -0.0 -0.0 -0.0 -0.0 -0.0 -0.0 -0.0 -0.0 -0.0 -0.0 -45.171112060546875 -63.13179321289063 2.0854278564453126 -0.0 -0.0 -0.0 -1.0 -1.0 -1.0
2:546.7027 84.65002 251.4045 480.709 86.10716 246.4254 517.0229 87.13663 305.5105 516.809 87.57043 285.1254 479.509 83.63747 298.0254 569.309 81.98589 307.9254 568.709 81.01415 289.2254 544.509 81.98587 288.9256 544.809 81.98589 307.5254
1:-452.15081039428713 -631.3067315673828 20.51016942977905 0.13576453924179077 0.006851008627563715 -0.005896294489502907 -0.13643983006477356 -0.03130682557821274 0.01094293687492609 0.1123184859752655 -0.008002042770385742 -0.14377853274345398 -0.10393305867910385 -0.2852575480937958 -0.18514689803123474 0.23765452206134796 0.2525290548801422 -0.01234804093837738 -0.03763461858034134 0.01941768079996109 -0.1740218549966812 -450.46940661621096 -558.6207866210938 53.637694686889645 -448.83406869506837 -487.92623742675784 85.85761651229858 -447.31389541625975 -422.21017761230473 115.80852975845336 -445.58642578125 -302.8158664360731 149.84365844726562 -0.0 -0.0 -0.0 -557.8072509765625 -336.477294921875 275.8028869628906 -333.3656311035156 -358.58837890625 23.884431838989258 0.12985554337501526 -0.46297687292099 -0.11277569830417633 -0.17809940874576569 -0.41860130429267883 -0.06799228489398956 0.2364443689584732 -0.2739165723323822 -0.16544732451438904 -0.33823496103286743 -0.2674320340156555 -0.10676782578229904 0.2665645480155945 -0.10216392576694489 -0.2576694190502167 -0.5227931141853333 -0.21395999193191528 -0.19255492091178894 0.3613073229789734 -0.07464779168367386 -0.3627451956272125 -0.04124140739440918 -0.19313859939575195 -0.47312238812446594 -0.0 -0.0 -0.0 -0.0 -0.0 -0.0 -0.0 -0.0 -0.0 -0.0 -0.0 -0.0 -0.0 -0.0 -0.0 -0.0 -0.0 -0.0 -0.0 -0.0 -0.0 -0.0 -0.0 -0.0 -0.0 -0.0 -0.0 -0.0 -0.0 -0.0 -0.0 -0.0 -0.0 -0.0 -0.0 -0.0 -0.0 -0.0 -0.0 -0.0 -0.0 -0.0 -0.0 -0.0 -0.0 -0.0 -0.0 -0.0 -0.0 -0.0 -0.0 -0.0 -0.0 -0.0 -0.0 -0.0 -0.0 -0.0 -0.0 -0.0 -0.0 -0.0 -0.0 -0.0 -0.0 -0.0 -0.0 -0.0 -0.0 -0.0 -0.0 -0.0 -0.0 -0.0 -0.0 -0.0 -0.0 -0.0 -0.0 -0.0 -0.0 -0.0 -0.0 -0.0 -0.0 -0.0 -0.0 -0.0 -0.0 -0.0 -0.0 -0.0 -0.0 -0.0 -0.0 -0.0 -0.0 -0.0 -0.0 -0.0 -0.0 -0.0 -0.0 -0.0 -0.0 -0.0 -0.0 -0.0 -0.0 -0.0 -0.0 -0.0 -0.0 -0.0 -0.0 -0.0 -0.0 -0.0 -0.0 -0.0 -0.0 -0.0 -0.0 -0.0 -0.0 -0.0 -0.0 -0.0 -0.0 -0.0 -0.0 -0.0 -45.201239013671874 -63.13508911132813 2.066742706298828 -0.0 -0.0 -0.0 -1.0 -1.0 -1.0
2:546.7027 84.65002 251.4045 480.709 86.10716 246.4254 517.0229 87.13663 305.5105 516.809 87.57043 285.1254 479.509 83.63747 298.0254 569.309 81.98589 307.9254 568.709 81.01415 289.2254 544.509 81.98587 288.9256 544.809 81.98589 307.5254
1:-452.2921176147461 -631.3142637634278 20.41523183822632 0.13576136529445648 0.006829093676060438 -0.005910264328122139 -0.13643543422222137 -0.031304966658353806 0.010954356752336025 0.11324740946292877 -0.00791443046182394 -0.1433093249797821 -0.10219001770019531 -0.28518572449684143 -0.18520204722881317 0.23770026862621307 0.2525574266910553 -0.011757459491491318 -0.037574514746665955 0.019632425159215927 -0.17461702227592468 -450.59533544921874 -558.6339796142579 53.40222630310058 -448.94504046630857 -487.9449361267091 85.4854674949646 -447.4109634399414 -422.23399429321296 115.30932550430298 -445.6676940917969 -302.84898157176855 149.2000732421875 -0.0 -0.0 -0.0 -557.8365478515625 -336.5060119628906 275.07489013671875 -333.49884033203125 -358.6189270019531 23.325241088867188 0.12970905005931854 -0.46299123764038086 -0.11272092908620834 -0.17823070287704468 -0.41859573125839233 -0.06788916140794754 0.2363864630460739 -0.2739087641239166 -0.16626852750778198 -0.3366585373878479 -0.26694828271865845 -0.10679933428764343 0.2642573118209839 -0.10209357738494873 -0.2584601044654846 -0.5197111368179321 -0.21240927278995514 -0.19287444651126862 0.3616575002670288 -0.07279060781002045 -0.36235034465789795 -0.04110955074429512 -0.19258351624011993 -0.4736473262310028 -0.0 -0.0 -0.0 -0.0 -0.0 -0.0 -0.0 -0.0 -0.0 -0.0 -0.0 -0.0 -0.0 -0.0 -0.0 -0.0 -0.0 -0.0 -0.0 -0.0 -0.0 -0.0 -0.0 -0.0 -0.0 -0.0 -0.0 -0.0 -0.0 -0.0 -0.0 -0.0 -0.0 -0.0 -0.0 -0.0 -0.0 -0.0 -0.0 -0.0 -0.0 -0.0 -0.0 -0.0 -0.0 -0.0 -0.0 -0.0 -0.0 -0.0 -0.0 -0.0 -0.0 -0.0 -0.0 -0.0 -0.0 -0.0 -0.0 -0.0 -0.0 -0.0 -0.0 -0.0 -0.0 -0.0 -0.0 -0.0 -0.0 -0.0 -0.0 -0.0 -0.0 -0.0 -0.0 -0.0 -0.0 -0.0 -0.0 -0.0 -0.0 -0.0 -0.0 -0.0 -0.0 -0.0 -0.0 -0.0 -0.0 -0.0 -0.0 -0.0 -0.0 -0.0 -0.0 -0.0 -0.0 -0.0 -0.0 -0.0 -0.0 -0.0 -0.0 -0.0 -0.0 -0.0 -0.0 -0.0 -0.0 -0.0 -0.0 -0.0 -0.0 -0.0 -0.0 -0.0 -0.0 -0.0 -0.0 -0.0 -0.0 -0.0 -0.0 -0.0 -0.0 -0.0 -0.0 -0.0 -0.0 -0.0 -0.0 -0.0 -45.22608642578125 -63.13612060546875 2.0477399826049805 -0.0 -0.0 -0.0 -1.0 -1.0 -1.0
2:546.7027 84.65002 251.4045 480.709 86.10716 246.4254 517.0229 87.13663 305.5105 516.809 87.57043 285.1254 479.509 83.63747 298.0254 569.309 81.98589 307.9254 568.709 81.01415 289.2254 544.509 81.98587 288.9256 544.809 81.98589 307.5254
1:-452.4449273681641 -631.3309864807129 19.989780845642088 0.13574016094207764 0.006969033274799585 -0.0060600582510232925 -0.1364145278930664 -0.031342752277851105 0.011085264384746552 0.11140354722738266 -0.005000583361834288 -0.14379413425922394 -0.10512199252843857 -0.277657151222229 -0.18513113260269165 0.23607315123081207 0.2566378116607666 -0.01461971178650856 -0.04082819074392319 0.026637019589543343 -0.174721822142601 -450.732947265625 -558.6399154052734 52.334284027099606 -449.06787072753906 -487.94038052368165 83.7926364364624 -447.5200531005859 -422.219686126709 113.03561191558838 -445.76116943359375 -302.81695474407627 146.26626586914062 -0.0 -0.0 -0.0 -557.8811645507812 -336.5213623046875 272.5445556640625 -333.64117431640625 -358.55279541015625 19.98798179626465 0.12986239790916443 -0.46333301067352295 -0.11146815121173859 -0.17831775546073914 -0.4188946485519409 -0.06578543037176132 0.2377610206604004 -0.27407896518707275 -0.1629452407360077 -0.33656543493270874 -0.2670944035053253 -0.10374286025762558 0.26807650923728943 -0.10209449380636215 -0.25254228711128235 -0.5196812152862549 -0.21248924732208252 -0.18765558302402496 0.35567009449005127 -0.05330468341708183 -0.3629741370677948 -0.043838948011398315 -0.17550446093082428 -0.4733040928840637 -0.0 -0.0 -0.0 -0.0 -0.0 -0.0 -0.0 -0.0 -0.0 -0.0 -0.0 -0.0 -0.0 -0.0 -0.0 -0.0 -0.0 -0.0 -0.0 -0.0 -0.0 -0.0 -0.0 -0.0 -0.0 -0.0 -0.0 -0.0 -0.0 -0.0 -0.0 -0.0 -0.0 -0.0 -0.0 -0.0 -0.0 -0.0 -0.0 -0.0 -0.0 -0.0 -0.0 -0.0 -0.0 -0.0 -0.0 -0.0 -0.0 -0.0 -0.0 -0.0 -0.0 -0.0 -0.0 -0.0 -0.0 -0.0 -0.0 -0.0 -0.0 -0.0 -0.0 -0.0 -0.0 -0.0 -0.0 -0.0 -0.0 -0.0 -0.0 -0.0 -0.0 -0.0 -0.0 -0.0 -0.0 -0.0 -0.0 -0.0 -0.0 -0.0 -0.0 -0.0 -0.0 -0.0 -0.0 -0.0 -0.0 -0.0 -0.0 -0.0 -0.0 -0.0 -0.0 -0.0 -0.0 -0.0 -0.0 -0.0 -0.0 -0.0 -0.0 -0.0 -0.0 -0.0 -0.0 -0.0 -0.0 -0.0 -0.0 -0.0 -0.0 -0.0 -0.0 -0.0 -0.0 -0.0 -0.0 -0.0 -0.0 -0.0 -0.0 -0.0 -0.0 -0.0 -0.0 -0.0 -0.0 -0.0 -0.0 -0.0 -45.24654541015625 -63.13638916015625 2.0150400161743165 -0.0 -0.0 -0.0 -1.0 -1.0 -1.0
2:546.7027 84.65002 251.4045 480.709 86.10716 246.4254 517.0229 87.13663 305.5105 516.809 87.57043 285.1254 479.509 83.63747 298.0254 569.309 81.98589 307.9254 568.709 81.01415 289.2254 544.509 81.98587 288.9256 544.809 81.98589 307.5254
1:-452.44171630859375 -631.2906362915039 19.525300788879395 0.13573326170444489 0.007028284948319197 -0.006155851297080517 -0.13640499114990234 -0.03146468475461006 0.011165959760546684 0.11240085959434509 -0.005027680192142725 -0.14400221407413483 -0.10422307997941971 -0.27780798077583313 -0.18517157435417175 0.23604318499565125 0.25571107864379883 -0.015588588081300259 -0.04120885580778122 0.02655477449297905 -0.1784946322441101 -450.7348422851563 -558.6083137207031 51.17447830200196 -449.0747319335938 -487.9172876586914 81.95655506134034 -447.5315307617188 -422.20450286865236 110.57087993621826 -445.77789306640625 -302.81614182523623 143.087158203125 -0.0 -0.0 -0.0 -557.8501586914062 -336.54022216796875 268.76324462890625 -333.7055969238281 -358.5215148925781 17.411073684692383 0.12997299432754517 -0.463335782289505 -0.11004547029733658 -0.17825868725776672 -0.41887277364730835 -0.06413208693265915 0.23771968483924866 -0.27381816506385803 -0.16298091411590576 -0.33449044823646545 -0.2660098075866699 -0.10355547070503235 0.26299968361854553 -0.10187723487615585 -0.25285670161247253 -0.5158081650733948 -0.2104186862707138 -0.18845710158348083 0.3565487861633301 -0.06017092242836952 -0.36572933197021484 -0.04385508596897125 -0.17647400498390198 -0.4769081473350525 -0.0 -0.0 -0.0 -0.0 -0.0 -0.0 -0.0 -0.0 -0.0 -0.0 -0.0 -0.0 -0.0 -0.0 -0.0 -0.0 -0.0 -0.0 -0.0 -0.0 -0.0 -0.0 -0.0 -0.0 -0.0 -0.0 -0.0 -0.0 -0.0 -0.0 -0.0 -0.0 -0.0 -0.0 -0.0 -0.0 -0.0 -0.0 -0.0 -0.0 -0.0 -0.0 -0.0 -0.0 -0.0 -0.0 -0.0 -0.0 -0.0 -0.0 -0.0 -0.0 -0.0 -0.0 -0.0 -0.0 -0.0 -0.0 -0.0 -0.0 -0.0 -0.0 -0.0 -0.0 -0.0 -0.0 -0.0 -0.0 -0.0 -0.0 -0.0 -0.0 -0.0 -0.0 -0.0 -0.0 -0.0 -0.0 -0.0 -0.0 -0.0 -0.0 -0.0 -0.0 -0.0 -0.0 -0.0 -0.0 -0.0 -0.0 -0.0 -0.0 -0.0 -0.0 -0.0 -0.0 -0.0 -0.0 -0.0 -0.0 -0.0 -0.0 -0.0 -0.0 -0.0 -0.0 -0.0 -0.0 -0.0 -0.0 -0.0 -0.0 -0.0 -0.0 -0.0 -0.0 -0.0 -0.0 -0.0 -0.0 -0.0 -0.0 -0.0 -0.0 -0.0 -0.0 -0.0 -0.0 -0.0 -0.0 -0.0 -0.0 -45.25587158203125 -63.13389892578125 1.9733871459960937 -0.0 -0.0 -0.0 -1.0 -1.0 -1.0
2:546.7027 84.65002 251.4045 480.709 86.10716 246.4254 517.0229 87.13663 305.5105 516.809 87.57043 285.1254 479.509 83.63747 298.0254 569.309 81.98589 307.9254 568.709 81.01415 289.2254 544.509 81.98587 288.9256 544.809 81.98589 307.5254
1:-452.76986099243163 -631.2514031982422 19.17960168838501 0.13587762415409088 0.007006450090557337 -0.006195943336933851 -0.1365572214126587 -0.03146885335445404 0.01122036762535572 0.1124248281121254 -0.01004717405885458 -0.14575588703155518 -0.10461585968732834 -0.2847418487071991 -0.18664219975471497 0.23754878342151642 0.24886059761047363 -0.01943540759384632 -0.041210852563381195 0.02239862084388733 -0.18091906607151031 -451.01153186035157 -558.57748828125 50.31913954162597 -449.3013761291504 -487.8946395263672 80.60553937149048 -447.71165390014653 -422.18945617675786 108.75909414291382 -445.9051513671875 -302.8149055892122 140.75177001953125 -0.0 -0.0 -0.0 -557.8754272460938 -336.54241943359375 265.961181640625 -333.9348449707031 -358.5065612792969 15.542363166809082 0.12966568768024445 -0.4633464217185974 -0.10978838056325912 -0.17859454452991486 -0.4188547730445862 -0.06383255124092102 0.23771221935749054 -0.2735093832015991 -0.16298013925552368 -0.33396440744400024 -0.26498717069625854 -0.10364732891321182 0.2630719244480133 -0.1017313152551651 -0.2530997097492218 -0.5149067640304565 -0.2090257853269577 -0.19025124609470367 0.36021921038627625 -0.07029362767934799 -0.36995264887809753 -0.04381342977285385 -0.18447844684123993 -0.4778946340084076 -0.0 -0.0 -0.0 -0.0 -0.0 -0.0 -0.0 -0.0 -0.0 -0.0 -0.0 -0.0 -0.0 -0.0 -0.0 -0.0 -0.0 -0.0 -0.0 -0.0 -0.0 -0.0 -0.0 -0.0 -0.0 -0.0 -0.0 -0.0 -0.0 -0.0 -0.0 -0.0 -0.0 -0.0 -0.0 -0.0 -0.0 -0.0 -0.0 -0.0 -0.0 -0.0 -0.0 -0.0 -0.0 -0.0 -0.0 -0.0 -0.0 -0.0 -0.0 -0.0 -0.0 -0.0 -0.0 -0.0 -0.0 -0.0 -0.0 -0.0 -0.0 -0.0 -0.0 -0.0 -0.0 -0.0 -0.0 -0.0 -0.0 -0.0 -0.0 -0.0 -0.0 -0.0 -0.0 -0.0 -0.0 -0.0 -0.0 -0.0 -0.0 -0.0 -0.0 -0.0 -0.0 -0.0 -0.0 -0.0 -0.0 -0.0 -0.0 -0.0 -0.0 -0.0 -0.0 -0.0 -0.0 -0.0 -0.0 -0.0 -0.0 -0.0 -0.0 -0.0 -0.0 -0.0 -0.0 -0.0 -0.0 -0.0 -0.0 -0.0 -0.0 -0.0 -0.0 -0.0 -0.0 -0.0 -0.0 -0.0 -0.0 -0.0 -0.0 -0.0 -0.0 -0.0 -0.0 -0.0 -0.0 -0.0 -0.0 -0.0 -45.274496459960936 -63.13008422851563 1.932013702392578 -0.0 -0.0 -0.0 -1.0 -1.0 -1.0
2:546.7027 84.65002 251.4045 480.709 86.10716 246.4254 517.0229 87.13663 305.5105 516.809 87.57043 285.1254 479.509 83.63747 298.0254 569.309 81.98589 307.9254 568.709 81.01415 289.2254 544.509 81.98587 288.9256 544.809 81.98589 307.5254
1:-452.9843353271484 -631.2490739440918 19.33108180999756 0.13587413728237152 0.0069823008961975574 -0.00644936366006732 -0.1365552395582199 -0.031446103006601334 0.011463888920843601 0.11273590475320816 -0.009878216311335564 -0.145475372672081 -0.10375992208719254 -0.28343814611434937 -0.1864897608757019 0.2376696914434433 0.2489512860774994 -0.019077256321907043 -0.04049820825457573 0.022981999441981316 -0.1808154284954071 -451.1909252929687 -558.5852843017578 50.710843475341804 -449.4466497802734 -487.9122834167481 81.23088564300538 -447.825210571289 -422.2162544250489 109.6016290664673 -445.982666015625 -302.85833566631385 141.8411102294922 -0.0 -0.0 -0.0 -557.9271240234375 -336.5605163574219 267.1412658691406 -334.0382385253906 -358.5628356933594 16.54094886779785 0.12958848476409912 -0.46367496252059937 -0.1104634553194046 -0.1794813722372055 -0.41889482736587524 -0.06421367824077606 0.2377345710992813 -0.2735825181007385 -0.167258158326149 -0.3338076174259186 -0.26473990082740784 -0.10424589365720749 0.2631416320800781 -0.10155168920755386 -0.2615905702114105 -0.5149816870689392 -0.20885248482227325 -0.1912020444869995 0.3610031306743622 -0.06924666464328766 -0.36881741881370544 -0.042968228459358215 -0.18291188776493073 -0.47648173570632935 -0.0 -0.0 -0.0 -0.0 -0.0 -0.0 -0.0 -0.0 -0.0 -0.0 -0.0 -0.0 -0.0 -0.0 -0.0 -0.0 -0.0 -0.0 -0.0 -0.0 -0.0 -0.0 -0.0 -0.0 -0.0 -0.0 -0.0 -0.0 -0.0 -0.0 -0.0 -0.0 -0.0 -0.0 -0.0 -0.0 -0.0 -0.0 -0.0 -0.0 -0.0 -0.0 -0.0 -0.0 -0.0 -0.0 -0.0 -0.0 -0.0 -0.0 -0.0 -0.0 -0.0 -0.0 -0.0 -0.0 -0.0 -0.0 -0.0 -0.0 -0.0 -0.0 -0.0 -0.0 -0.0 -0.0 -0.0 -0.0 -0.0 -0.0 -0.0 -0.0 -0.0 -0.0 -0.0 -0.0 -0.0 -0.0 -0.0 -0.0 -0.0 -0.0 -0.0 -0.0 -0.0 -0.0 -0.0 -0.0 -0.0 -0.0 -0.0 -0.0 -0.0 -0.0 -0.0 -0.0 -0.0 -0.0 -0.0 -0.0 -0.0 -0.0 -0.0 -0.0 -0.0 -0.0 -0.0 -0.0 -0.0 -0.0 -0.0 -0.0 -0.0 -0.0 -0.0 -0.0 -0.0 -0.0 -0.0 -0.0 -0.0 -0.0 -0.0 -0.0 -0.0 -0.0 -0.0 -0.0 -0.0 -0.0 -0.0 -0.0 -45.294158935546875 -63.12662353515625 1.9152727127075195 -0.0 -0.0 -0.0 -1.0 -1.0 -1.0
2:546.7027 84.65002 251.4045 480.709 86.10716 246.4254 517.0229 87.13663 305.5105 516.809 87.57043 285.1254 479.509 83.63747 298.0254 569.309 81.98589 307.9254 568.709 81.01415 289.2254 544.509 81.98587 288.9256 544.809 81.98589 307.5254
1:-452.9994923400879 -631.2659582519532 19.51192247390747 0.13598762452602386 0.0069801900535821915 -0.006220779847353697 -0.13667480647563934 -0.03149433061480522 0.011279921978712082 0.11273147910833359 -0.013135845772922039 -0.14498165249824524 -0.10398336499929428 -0.29183828830718994 -0.18698816001415253 0.2376999855041504 0.24383245408535004 -0.017677485942840576 -0.04081851243972778 0.01712113805115223 -0.17974068224430084 -451.2005819091797 -558.6038862304688 51.189653762817386 -449.4509566955566 -487.9325559082032 81.99950200271607 -447.82454452514645 -422.23807983398444 110.63964262008668 -445.9763488769531 -302.8829824481895 143.1852569580078 -0.0 -0.0 -0.0 -557.9720458984375 -336.5837097167969 267.180419921875 -333.98065185546875 -358.5867919921875 19.190088272094727 0.1298212856054306 -0.46362754702568054 -0.11044768989086151 -0.17859232425689697 -0.41890087723731995 -0.0646347776055336 0.23736953735351562 -0.2733621597290039 -0.16724689304828644 -0.33211618661880493 -0.26436275243759155 -0.10744258761405945 0.2617567777633667 -0.1016497015953064 -0.2623180150985718 -0.5097953081130981 -0.20800992846488953 -0.20128513872623444 0.3611196279525757 -0.07952802628278732 -0.36799705028533936 -0.04333830252289772 -0.195088729262352 -0.4760371446609497 -0.0 -0.0 -0.0 -0.0 -0.0 -0.0 -0.0 -0.0 -0.0 -0.0 -0.0 -0.0 -0.0 -0.0 -0.0 -0.0 -0.0 -0.0 -0.0 -0.0 -0.0 -0.0 -0.0 -0.0 -0.0 -0.0 -0.0 -0.0 -0.0 -0.0 -0.0 -0.0 -0.0 -0.0 -0.0 -0.0 -0.0 -0.0 -0.0 -0.0 -0.0 -0.0 -0.0 -0.0 -0.0 -0.0 -0.0 -0.0 -0.0 -0.0 -0.0 -0.0 -0.0 -0.0 -0.0 -0.0 -0.0 -0.0 -0.0 -0.0 -0.0 -0.0 -0.0 -0.0 -0.0 -0.0 -0.0 -0.0 -0.0 -0.0 -0.0 -0.0 -0.0 -0.0 -0.0 -0.0 -0.0 -0.0 -0.0 -0.0 -0.0 -0.0 -0.0 -0.0 -0.0 -0.0 -0.0 -0.0 -0.0 -0.0 -0.0 -0.0 -0.0 -0.0 -0.0 -0.0 -0.0 -0.0 -0.0 -0.0 -0.0 -0.0 -0.0 -0.0 -0.0 -0.0 -0.0 -0.0 -0.0 -0.0 -0.0 -0.0 -0.0 -0.0 -0.0 -0.0 -0.0 -0.0 -0.0 -0.0 -0.0 -0.0 -0.0 -0.0 -0.0 -0.0 -0.0 -0.0 -0.0 -0.0 -0.0 -0.0 -45.30525512695313 -63.125518798828125 1.9185504913330078 -0.0 -0.0 -0.0 -1.0 -1.0 -1.0
2:546.7027 84.65002 251.4045 480.709 86.10716 246.4254 517.0229 87.13663 305.5105 516.809 87.57043 285.1254 479.509 83.63747 298.0254 569.309 81.98589 307.9254 568.709 81.01415 289.2254 544.509 81.98587 288.9256 544.809 81.98589 307.5254
1:-453.02352615356443 -631.2625520324707 19.65865219116211 0.13598693907260895 0.007080438081175089 -0.0061815474182367325 -0.1366753727197647 -0.03160889819264412 0.011235186830163002 0.11257638037204742 -0.012858932837843895 -0.1454075127840042 -0.1040407344698906 -0.2900503873825073 -0.1869220733642578 0.23641018569469452 0.24446599185466766 -0.017606403678655624 -0.04234471544623375 0.01820499636232853 -0.1772315949201584 -451.2436766357422 -558.5958885498047 51.568084350585934 -449.5125901184082 -487.9200925598145 82.60328549194335 -447.9034111022949 -422.2214653015137 111.45290908813476 -446.0747985839844 -302.8588259577037 144.236572265625 -0.0 -0.0 -0.0 -557.9974975585938 -336.60357666015625 268.03521728515625 -334.152099609375 -358.5242919921875 20.43793296813965 0.12992997467517853 -0.4637243449687958 -0.11044947057962418 -0.17857174575328827 -0.4188994765281677 -0.06463194638490677 0.23742294311523438 -0.2733650505542755 -0.16665130853652954 -0.3320467472076416 -0.2643817365169525 -0.10627652704715729 0.2623886168003082 -0.10144677758216858 -0.2609410881996155 -0.510271430015564 -0.20803290605545044 -0.19492760300636292 0.3584209978580475 -0.07919954508543015 -0.3680306077003479 -0.04622099548578262 -0.19250717759132385 -0.4735005497932434 -0.0 -0.0 -0.0 -0.0 -0.0 -0.0 -0.0 -0.0 -0.0 -0.0 -0.0 -0.0 -0.0 -0.0 -0.0 -0.0 -0.0 -0.0 -0.0 -0.0 -0.0 -0.0 -0.0 -0.0 -0.0 -0.0 -0.0 -0.0 -0.0 -0.0 -0.0 -0.0 -0.0 -0.0 -0.0 -0.0 -0.0 -0.0 -0.0 -0.0 -0.0 -0.0 -0.0 -0.0 -0.0 -0.0 -0.0 -0.0 -0.0 -0.0 -0.0 -0.0 -0.0 -0.0 -0.0 -0.0 -0.0 -0.0 -0.0 -0.0 -0.0 -0.0 -0.0 -0.0 -0.0 -0.0 -0.0 -0.0 -0.0 -0.0 -0.0 -0.0 -0.0 -0.0 -0.0 -0.0 -0.0 -0.0 -0.0 -0.0 -0.0 -0.0 -0.0 -0.0 -0.0 -0.0 -0.0 -0.0 -0.0 -0.0 -0.0 -0.0 -0.0 -0.0 -0.0 -0.0 -0.0 -0.0 -0.0 -0.0 -0.0 -0.0 -0.0 -0.0 -0.0 -0.0 -0.0 -0.0 -0.0 -0.0 -0.0 -0.0 -0.0 -0.0 -0.0 -0.0 -0.0 -0.0 -0.0 -0.0 -0.0 -0.0 -0.0 -0.0 -0.0 -0.0 -0.0 -0.0 -0.0 -0.0 -0.0 -0.0 -45.31131591796875 -63.12520751953125 1.9338224411010743 -0.0 -0.0 -0.0 -1.0 -1.0 -1.0
2:546.7027 84.65002 251.4045 480.709 86.10716 246.4254 517.0229 87.13663 305.5105 516.809 87.57043 285.1254 479.509 83.63747 298.0254 569.309 81.98589 307.9254 568.709 81.01415 289.2254 544.509 81.98587 288.9256 544.809 81.98589 307.5254
1:-453.05990020751955 -631.1703201293946 19.643396167755125 0.1360485702753067 0.007065881974995136 -0.006245594006031752 -0.13674363493919373 -0.031600221991539 0.011321130208671093 0.11073857545852661 -0.014879726804792881 -0.14628282189369202 -0.10647212713956833 -0.2924269437789917 -0.1890629678964615 0.23608094453811646 0.24434664845466614 -0.01980457454919815 -0.042998943477869034 0.01660190522670746 -0.18036261200904846 -451.2819821777344 -558.5148913574219 51.5443112335205 -449.552774230957 -487.85002227783207 82.57122862625121 -447.9453414916992 -422.1615524291992 111.41315183639526 -446.11871337890625 -302.81736727960094 144.1880645751953 -0.0 -0.0 -0.0 -557.998779296875 -336.6126403808594 268.4642028808594 -334.2386779785156 -358.41851806640625 19.91192626953125 0.12991759181022644 -0.4635567367076874 -0.11046472936868668 -0.1785638928413391 -0.41866475343704224 -0.06464909762144089 0.23928934335708618 -0.27317488193511963 -0.16626320779323578 -0.331795334815979 -0.26244863867759705 -0.10822106897830963 0.264677494764328 -0.1014474481344223 -0.26043257117271423 -0.5092572569847107 -0.20673620700836182 -0.20233485102653503 0.35832950472831726 -0.07786010205745697 -0.3692705035209656 -0.046578630805015564 -0.1931537389755249 -0.47692134976387024 -0.0 -0.0 -0.0 -0.0 -0.0 -0.0 -0.0 -0.0 -0.0 -0.0 -0.0 -0.0 -0.0 -0.0 -0.0 -0.0 -0.0 -0.0 -0.0 -0.0 -0.0 -0.0 -0.0 -0.0 -0.0 -0.0 -0.0 -0.0 -0.0 -0.0 -0.0 -0.0 -0.0 -0.0 -0.0 -0.0 -0.0 -0.0 -0.0 -0.0 -0.0 -0.0 -0.0 -0.0 -0.0 -0.0 -0.0 -0.0 -0.0 -0.0 -0.0 -0.0 -0.0 -0.0 -0.0 -0.0 -0.0 -0.0 -0.0 -0.0 -0.0 -0.0 -0.0 -0.0 -0.0 -0.0 -0.0 -0.0 -0.0 -0.0 -0.0 -0.0 -0.0 -0.0 -0.0 -0.0 -0.0 -0.0 -0.0 -0.0 -0.0 -0.0 -0.0 -0.0 -0.0 -0.0 -0.0 -0.0 -0.0 -0.0 -0.0 -0.0 -0.0 -0.0 -0.0 -0.0 -0.0 -0.0 -0.0 -0.0 -0.0 -0.0 -0.0 -0.0 -0.0 -0.0 -0.0 -0.0 -0.0 -0.0 -0.0 -0.0 -0.0 -0.0 -0.0 -0.0 -0.0 -0.0 -0.0 -0.0 -0.0 -0.0 -0.0 -0.0 -0.0 -0.0 -0.0 -0.0 -0.0 -0.0 -0.0 -0.0 -45.31513671875 -63.12068481445313 1.9473039627075195 -0.0 -0.0 -0.0 -1.0 -1.0 -1.0
2:546.7027 84.65002 251.4045 480.709 86.10716 246.4254 517.0229 87.13663 305.5105 516.809 87.57043 285.1254 479.509 83.63747 298.0254 569.309 81.98589 307.9254 568.709 81.01415 289.2254 544.509 81.98587 288.9256 544.809 81.98589 307.5254
1:-453.07007293701173 -631.1252789306641 19.724588680267335 0.13626714050769806 0.007018870208412409 -0.006232349202036858 -0.13697649538516998 -0.031611960381269455 0.011317329481244087 0.11193793267011642 -0.021055854856967926 -0.14921484887599945 -0.10611642152070999 -0.2963191866874695 -0.18958383798599243 0.23851945996284485 0.23662517964839935 -0.020296236500144005 -0.04292081296443939 0.011690378189086914 -0.1795356720685959 -451.2900964355469 -558.4808242187501 51.76167198181153 -449.55888641357427 -487.8266285400391 82.92102697372438 -447.9495925903321 -422.14808044433596 111.88606119155885 -446.120849609375 -302.8219213428611 144.80087280273438 -0.0 -0.0 -0.0 -558.0003051757812 -336.62591552734375 269.29693603515625 -334.2413635253906 -358.4007873535156 20.304811477661133 0.12996961176395416 -0.46352121233940125 -0.11062295734882355 -0.17876558005809784 -0.4185391664505005 -0.06485303491353989 0.2394842952489853 -0.27309444546699524 -0.16642475128173828 -0.3312787413597107 -0.26192834973335266 -0.10826070606708527 0.2650665044784546 -0.10139130800962448 -0.2619796395301819 -0.5087886452674866 -0.20612531900405884 -0.2021736055612564 0.3613273799419403 -0.0949845016002655 -0.37041687965393066 -0.04661426693201065 -0.20110242068767548 -0.47568726539611816 -0.0 -0.0 -0.0 -0.0 -0.0 -0.0 -0.0 -0.0 -0.0 -0.0 -0.0 -0.0 -0.0 -0.0 -0.0 -0.0 -0.0 -0.0 -0.0 -0.0 -0.0 -0.0 -0.0 -0.0 -0.0 -0.0 -0.0 -0.0 -0.0 -0.0 -0.0 -0.0 -0.0 -0.0 -0.0 -0.0 -0.0 -0.0 -0.0 -0.0 -0.0 -0.0 -0.0 -0.0 -0.0 -0.0 -0.0 -0.0 -0.0 -0.0 -0.0 -0.0 -0.0 -0.0 -0.0 -0.0 -0.0 -0.0 -0.0 -0.0 -0.0 -0.0 -0.0 -0.0 -0.0 -0.0 -0.0 -0.0 -0.0 -0.0 -0.0 -0.0 -0.0 -0.0 -0.0 -0.0 -0.0 -0.0 -0.0 -0.0 -0.0 -0.0 -0.0 -0.0 -0.0 -0.0 -0.0 -0.0 -0.0 -0.0 -0.0 -0.0 -0.0 -0.0 -0.0 -0.0 -0.0 -0.0 -0.0 -0.0 -0.0 -0.0 -0.0 -0.0 -0.0 -0.0 -0.0 -0.0 -0.0 -0.0 -0.0 -0.0 -0.0 -0.0 -0.0 -0.0 -0.0 -0.0 -0.0 -0.0 -0.0 -0.0 -0.0 -0.0 -0.0 -0.0 -0.0 -0.0 -0.0 -0.0 -0.0 -0.0 -45.31589050292969 -63.115631103515625 1.962664794921875 -0.0 -0.0 -0.0 -1.0 -1.0 -1.0
2:546.7027 84.65002 251.4045 480.709 86.10716 246.4254 517.0229 87.13663 305.5105 516.809 87.57043 285.1254 479.509 83.63747 298.0254 569.309 81.98589 307.9254 568.709 81.01415 289.2254 544.509 81.98587 288.9256 544.809 81.98589 307.5254
1:-453.0587487792969 -631.2137934875489 19.658315563201906 0.13631702959537506 0.007023876067250967 -0.005986024159938097 -0.13702578842639923 -0.03167838230729103 0.011081581003963947 0.11239154636859894 -0.02064519189298153 -0.14914605021476746 -0.10591495037078857 -0.2960550785064697 -0.18983380496501923 0.23851321637630463 0.23695659637451172 -0.019824957475066185 -0.043005459010601044 0.01146457064896822 -0.179446280002594 -451.28434619140626 -558.5729544677735 51.600512008666996 -449.5585573730469 -487.9222754211426 82.66757978439331 -447.9543029785156 -422.2469963073731 111.5468258857727 -446.13128662109375 -302.92677636060887 144.36415100097656 -0.0 -0.0 -0.0 -558.0527954101562 -336.70721435546875 268.0895080566406 -334.2098083496094 -358.5247802734375 20.638782501220703 0.13001377880573273 -0.4635542929172516 -0.10995813459157944 -0.17877764999866486 -0.41864317655563354 -0.06479737907648087 0.2381695955991745 -0.27300825715065 -0.16485008597373962 -0.33113938570022583 -0.2623295783996582 -0.1076435074210167 0.2630939781665802 -0.10148683190345764 -0.2597416639328003 -0.5089094042778015 -0.20675446093082428 -0.20127664506435394 0.3615039885044098 -0.09292742609977722 -0.37015509605407715 -0.04665367677807808 -0.20226798951625824 -0.4757896363735199 -0.0 -0.0 -0.0 -0.0 -0.0 -0.0 -0.0 -0.0 -0.0 -0.0 -0.0 -0.0 -0.0 -0.0 -0.0 -0.0 -0.0 -0.0 -0.0 -0.0 -0.0 -0.0 -0.0 -0.0 -0.0 -0.0 -0.0 -0.0 -0.0 -0.0 -0.0 -0.0 -0.0 -0.0 -0.0 -0.0 -0.0 -0.0 -0.0 -0.0 -0.0 -0.0 -0.0 -0.0 -0.0 -0.0 -0.0 -0.0 -0.0 -0.0 -0.0 -0.0 -0.0 -0.0 -0.0 -0.0 -0.0 -0.0 -0.0 -0.0 -0.0 -0.0 -0.0 -0.0 -0.0 -0.0 -0.0 -0.0 -0.0 -0.0 -0.0 -0.0 -0.0 -0.0 -0.0 -0.0 -0.0 -0.0 -0.0 -0.0 -0.0 -0.0 -0.0 -0.0 -0.0 -0.0 -0.0 -0.0 -0.0 -0.0 -0.0 -0.0 -0.0 -0.0 -0.0 -0.0 -0.0 -0.0 -0.0 -0.0 -0.0 -0.0 -0.0 -0.0 -0.0 -0.0 -0.0 -0.0 -0.0 -0.0 -0.0 -0.0 -0.0 -0.0 -0.0 -0.0 -0.0 -0.0 -0.0 -0.0 -0.0 -0.0 -0.0 -0.0 -0.0 -0.0 -0.0 -0.0 -0.0 -0.0 -0.0 -0.0 -45.313821411132814 -63.116912841796875 1.9701271057128906 -0.0 -0.0 -0.0 -1.0 -1.0 -1.0
2:546.7027 84.65002 251.4045 480.709 86.10716 246.4254 517.0229 87.13663 305.5105 516.809 87.57043 285.1254 479.509 83.63747 298.0254 569.309 81.98589 307.9254 568.709 81.01415 289.2254 544.509 81.98587 288.9256 544.809 81.98589 307.5254
1:-452.81104293823245 -630.4711947631836 18.979646797180177 0.13694985210895538 0.006989629473537207 -0.005740579683333635 -0.137643963098526 -0.03185002878308296 0.010915723629295826 0.11317843198776245 -0.034558866173028946 -0.15354160964488983 -0.1059291884303093 -0.3179345726966858 -0.19413748383522034 0.2391313910484314 0.22151736915111542 -0.021409781649708748 -0.04422610625624657 -0.0035883914679288864 -0.18238228559494019 -451.0982274169922 -558.0365036621093 49.90660818481446 -449.43233834838867 -487.58632464599606 79.98625556182861 -447.88376541137694 -422.09742584228513 107.94761791229249 -446.1240234375 -303.1158255388637 139.72189331054688 -0.0 -0.0 -0.0 -558.0714111328125 -336.7952575683594 261.4352111816406 -334.1766357421875 -358.5611877441406 18.008577346801758 0.13019199669361115 -0.4616524577140808 -0.10846217721700668 -0.17828235030174255 -0.418209969997406 -0.06373642385005951 0.23856715857982635 -0.2684301435947418 -0.16186919808387756 -0.3263375163078308 -0.2586494982242584 -0.10768777877092361 0.26351574063301086 -0.09896180033683777 -0.2544270157814026 -0.500571072101593 -0.2027997374534607 -0.2098766565322876 0.36686205863952637 -0.13460011780261993 -0.3792666792869568 -0.048150911927223206 -0.2344816029071808 -0.48646441102027893 -0.0 -0.0 -0.0 -0.0 -0.0 -0.0 -0.0 -0.0 -0.0 -0.0 -0.0 -0.0 -0.0 -0.0 -0.0 -0.0 -0.0 -0.0 -0.0 -0.0 -0.0 -0.0 -0.0 -0.0 -0.0 -0.0 -0.0 -0.0 -0.0 -0.0 -0.0 -0.0 -0.0 -0.0 -0.0 -0.0 -0.0 -0.0 -0.0 -0.0 -0.0 -0.0 -0.0 -0.0 -0.0 -0.0 -0.0 -0.0 -0.0 -0.0 -0.0 -0.0 -0.0 -0.0 -0.0 -0.0 -0.0 -0.0 -0.0 -0.0 -0.0 -0.0 -0.0 -0.0 -0.0 -0.0 -0.0 -0.0 -0.0 -0.0 -0.0 -0.0 -0.0 -0.0 -0.0 -0.0 -0.0 -0.0 -0.0 -0.0 -0.0 -0.0 -0.0 -0.0 -0.0 -0.0 -0.0 -0.0 -0.0 -0.0 -0.0 -0.0 -0.0 -0.0 -0.0 -0.0 -0.0 -0.0 -0.0 -0.0 -0.0 -0.0 -0.0 -0.0 -0.0 -0.0 -0.0 -0.0 -0.0 -0.0 -0.0 -0.0 -0.0 -0.0 -0.0 -0.0 -0.0 -0.0 -0.0 -0.0 -0.0 -0.0 -0.0 -0.0 -0.0 -0.0 -0.0 -0.0 -0.0 -0.0 -0.0 -0.0 -45.29879455566406 -63.081878662109375 1.9393699645996094 -0.0 -0.0 -0.0 -1.0 -1.0 -1.0
2:546.7027 84.65002 251.4045 480.709 86.10716 246.4254 517.0229 87.13663 305.5105 516.809 87.57043 285.1254 479.509 83.63747 298.0254 569.309 81.98589 307.9254 568.709 81.01415 289.2254 544.509 81.98587 288.9256 544.809 81.98589 307.5254
1:-452.6590637207031 -630.1076483154297 18.69485864639282 0.13710221648216248 0.00692285830155015 -0.005621347110718489 -0.13779665529727936 -0.031880803406238556 0.010815086774528027 0.11646109074354172 -0.03627559915184975 -0.15495608747005463 -0.1035238578915596 -0.31732866168022156 -0.1955229640007019 0.2422887682914734 0.22063398361206055 -0.021608252078294754 -0.04273542761802673 -0.004687325097620487 -0.18420732021331787 -450.95587890624995 -557.7750654296875 49.20062782287597 -449.2993566894531 -487.4241971435547 78.87062250137329 -447.7594909667968 -422.0276153564453 106.451180934906 -446.0096435546875 -303.2137385385479 137.792724609375 -0.0 -0.0 -0.0 -558.0845336914062 -336.8515930175781 258.40350341796875 -333.9347839355469 -358.5750427246094 17.18195343017578 0.1301654726266861 -0.46158912777900696 -0.10846053063869476 -0.17836260795593262 -0.41793882846832275 -0.06391113996505737 0.23881380259990692 -0.26849043369293213 -0.16189610958099365 -0.32638290524482727 -0.2580184042453766 -0.10776062309741974 0.26357755064964294 -0.09898003190755844 -0.25451940298080444 -0.5008295774459839 -0.20149968564510345 -0.2093370109796524 0.37407463788986206 -0.13251522183418274 -0.38013195991516113 -0.04666712135076523 -0.23338313400745392 -0.4887847304344177 -0.0 -0.0 -0.0 -0.0 -0.0 -0.0 -0.0 -0.0 -0.0 -0.0 -0.0 -0.0 -0.0 -0.0 -0.0 -0.0 -0.0 -0.0 -0.0 -0.0 -0.0 -0.0 -0.0 -0.0 -0.0 -0.0 -0.0 -0.0 -0.0 -0.0 -0.0 -0.0 -0.0 -0.0 -0.0 -0.0 -0.0 -0.0 -0.0 -0.0 -0.0 -0.0 -0.0 -0.0 -0.0 -0.0 -0.0 -0.0 -0.0 -0.0 -0.0 -0.0 -0.0 -0.0 -0.0 -0.0 -0.0 -0.0 -0.0 -0.0 -0.0 -0.0 -0.0 -0.0 -0.0 -0.0 -0.0 -0.0 -0.0 -0.0 -0.0 -0.0 -0.0 -0.0 -0.0 -0.0 -0.0 -0.0 -0.0 -0.0 -0.0 -0.0 -0.0 -0.0 -0.0 -0.0 -0.0 -0.0 -0.0 -0.0 -0.0 -0.0 -0.0 -0.0 -0.0 -0.0 -0.0 -0.0 -0.0 -0.0 -0.0 -0.0 -0.0 -0.0 -0.0 -0.0 -0.0 -0.0 -0.0 -0.0 -0.0 -0.0 -0.0 -0.0 -0.0 -0.0 -0.0 -0.0 -0.0 -0.0 -0.0 -0.0 -0.0 -0.0 -0.0 -0.0 -0.0 -0.0 -0.0 -0.0 -0.0 -0.0 -45.28007507324219 -63.040032958984376 1.9010017395019532 -0.0 -0.0 -0.0 -1.0 -1.0 -1.0
2:546.7027 84.65002 251.4045 480.709 86.10716 246.4254 517.0229 87.13663 305.5105 516.809 87.57043 285.1254 479.509 83.63747 298.0254 569.309 81.98589 307.9254 568.709 81.01415 289.2254 544.509 81.98587 288.9256 544.809 81.98589 307.5254
1:-452.57676483154296 -630.4040563964844 19.58406669616699 0.1369589865207672 0.006912164390087128 -0.005797709338366985 -0.1376621276140213 -0.03180448338389397 0.010968186892569065 0.11551038920879364 -0.023561622947454453 -0.1467447131872177 -0.10338263213634491 -0.3027495741844177 -0.19101038575172424 0.24194495379924774 0.23324203491210938 -0.011704874224960804 -0.04156951606273651 0.005506183486431837 -0.17655813694000244 -450.8774162597656 -558.0023676757813 51.42839300537109 -449.22462518310545 -487.58428686523445 82.40027201843262 -447.68822784423827 -422.1252258300782 111.19103279113769 -445.94232177734375 -303.19783540828496 143.90780639648438 -0.0 -0.0 -0.0 -558.097412109375 -336.881103515625 267.5404968261719 -333.7872009277344 -358.5987243652344 20.275131225585938 0.1301759034395218 -0.46190348267555237 -0.11107111722230911 -0.1782953441143036 -0.41803109645843506 -0.06574033945798874 0.2386217713356018 -0.2702637016773224 -0.16688372194766998 -0.32988327741622925 -0.2609536647796631 -0.10913797467947006 0.2640112638473511 -0.09955829381942749 -0.26297295093536377 -0.5073777437210083 -0.20660391449928284 -0.20637032389640808 0.3709687292575836 -0.08214536309242249 -0.3611370921134949 -0.04507075250148773 -0.20569761097431183 -0.4730846583843231 -0.0 -0.0 -0.0 -0.0 -0.0 -0.0 -0.0 -0.0 -0.0 -0.0 -0.0 -0.0 -0.0 -0.0 -0.0 -0.0 -0.0 -0.0 -0.0 -0.0 -0.0 -0.0 -0.0 -0.0 -0.0 -0.0 -0.0 -0.0 -0.0 -0.0 -0.0 -0.0 -0.0 -0.0 -0.0 -0.0 -0.0 -0.0 -0.0 -0.0 -0.0 -0.0 -0.0 -0.0 -0.0 -0.0 -0.0 -0.0 -0.0 -0.0 -0.0 -0.0 -0.0 -0.0 -0.0 -0.0 -0.0 -0.0 -0.0 -0.0 -0.0 -0.0 -0.0 -0.0 -0.0 -0.0 -0.0 -0.0 -0.0 -0.0 -0.0 -0.0 -0.0 -0.0 -0.0 -0.0 -0.0 -0.0 -0.0 -0.0 -0.0 -0.0 -0.0 -0.0 -0.0 -0.0 -0.0 -0.0 -0.0 -0.0 -0.0 -0.0 -0.0 -0.0 -0.0 -0.0 -0.0 -0.0 -0.0 -0.0 -0.0 -0.0 -0.0 -0.0 -0.0 -0.0 -0.0 -0.0 -0.0 -0.0 -0.0 -0.0 -0.0 -0.0 -0.0 -0.0 -0.0 -0.0 -0.0 -0.0 -0.0 -0.0 -0.0 -0.0 -0.0 -0.0 -0.0 -0.0 -0.0 -0.0 -0.0 -0.0 -45.26429443359375 -63.02744140625 1.9176061630249024 -0.0 -0.0 -0.0 -1.0 -1.0 -1.0
2:546.7027 84.65002 251.4045 480.709 86.10716 246.4254 517.0229 87.13663 305.5105 516.809 87.57043 285.1254 479.509 83.63747 298.0254 569.309 81.98589 307.9254 568.709 81.01415 289.2254 544.509 81.98587 288.9256 544.809 81.98589 307.5254
1:-452.613811340332 -630.5463491821289 19.57066301345825 0.13696087896823883 0.006956698838621378 -0.005589825101196766 -0.13766363263130188 -0.03191767632961273 0.01073481049388647 0.11681962758302689 -0.022589920088648796 -0.14764730632305145 -0.10253051668405533 -0.3020121157169342 -0.19078092277050018 0.2427452802658081 0.2334757149219513 -0.016804931685328484 -0.041130490601062775 0.007631506770849228 -0.17881381511688232 -450.9196223144531 -558.1137165527343 51.38057759094238 -449.2718494262695 -487.66553961181637 82.31898765945434 -447.7401168823242 -422.1785018920898 111.07863645553587 -445.99951171875 -303.20028284495464 143.7600555419922 -0.0 -0.0 -0.0 -558.2048950195312 -336.9285583496094 266.0122375488281 -333.79412841796875 -358.59429931640625 21.507883071899414 0.13010582327842712 -0.4619065821170807 -0.10972520709037781 -0.17809894680976868 -0.4180237650871277 -0.06532692164182663 0.23764227330684662 -0.27012643218040466 -0.16367019712924957 -0.32983070611953735 -0.26089489459991455 -0.1065758764743805 0.26341378688812256 -0.09957592934370041 -0.2564144432544708 -0.5078561902046204 -0.20660142600536346 -0.19804657995700836 0.3724721074104309 -0.08577605336904526 -0.3732253909111023 -0.04409266263246536 -0.2056504487991333 -0.47759294509887695 -0.0 -0.0 -0.0 -0.0 -0.0 -0.0 -0.0 -0.0 -0.0 -0.0 -0.0 -0.0 -0.0 -0.0 -0.0 -0.0 -0.0 -0.0 -0.0 -0.0 -0.0 -0.0 -0.0 -0.0 -0.0 -0.0 -0.0 -0.0 -0.0 -0.0 -0.0 -0.0 -0.0 -0.0 -0.0 -0.0 -0.0 -0.0 -0.0 -0.0 -0.0 -0.0 -0.0 -0.0 -0.0 -0.0 -0.0 -0.0 -0.0 -0.0 -0.0 -0.0 -0.0 -0.0 -0.0 -0.0 -0.0 -0.0 -0.0 -0.0 -0.0 -0.0 -0.0 -0.0 -0.0 -0.0 -0.0 -0.0 -0.0 -0.0 -0.0 -0.0 -0.0 -0.0 -0.0 -0.0 -0.0 -0.0 -0.0 -0.0 -0.0 -0.0 -0.0 -0.0 -0.0 -0.0 -0.0 -0.0 -0.0 -0.0 -0.0 -0.0 -0.0 -0.0 -0.0 -0.0 -0.0 -0.0 -0.0 -0.0 -0.0 -0.0 -0.0 -0.0 -0.0 -0.0 -0.0 -0.0 -0.0 -0.0 -0.0 -0.0 -0.0 -0.0 -0.0 -0.0 -0.0 -0.0 -0.0 -0.0 -0.0 -0.0 -0.0 -0.0 -0.0 -0.0 -0.0 -0.0 -0.0 -0.0 -0.0 -0.0 -45.25694580078125 -63.0295166015625 1.9317066192626953 -0.0 -0.0 -0.0 -1.0 -1.0 -1.0
2:546.7027 84.65002 251.4045 480.709 86.10716 246.4254 517.0229 87.13663 305.5105 516.809 87.57043 285.1254 479.509 83.63747 298.0254 569.309 81.98589 307.9254 568.709 81.01415 289.2254 544.509 81.98587 288.9256 544.809 81.98589 307.5254
1:-452.68948379516604 -630.4950550842285 19.338679561614992 0.13697172701358795 0.0069551183842122555 -0.005418884567916393 -0.137670636177063 -0.031994160264730453 0.0105483029037714 0.11758249253034592 -0.02375742979347706 -0.1487533301115036 -0.1015097051858902 -0.30321499705314636 -0.1922919601202011 0.24270591139793396 0.2333996742963791 -0.0169750414788723 -0.041126638650894165 0.0061847129836678505 -0.18457242846488953 -450.9990574951172 -558.0790706787109 50.789058334350585 -449.3549442443848 -487.64708584594723 81.37778289413453 -447.8266136169434 -422.1750999450683 109.81237192153931 -446.0898742675781 -303.2242273570535 142.12440490722656 -0.0 -0.0 -0.0 -558.2946166992188 -336.9597473144531 263.8063659667969 -333.8851318359375 -358.5904846191406 20.442441940307617 0.1296149641275406 -0.46173858642578125 -0.1091393232345581 -0.1781022697687149 -0.41786062717437744 -0.06474006921052933 0.2332771122455597 -0.26960450410842896 -0.1633855551481247 -0.32973578572273254 -0.26089271903038025 -0.10628294199705124 0.2585945129394531 -0.0989748165011406 -0.2556823492050171 -0.5083392262458801 -0.206546351313591 -0.19798453152179718 0.3733425736427307 -0.0974791944026947 -0.37507906556129456 -0.043910883367061615 -0.21277673542499542 -0.4884154796600342 -0.0 -0.0 -0.0 -0.0 -0.0 -0.0 -0.0 -0.0 -0.0 -0.0 -0.0 -0.0 -0.0 -0.0 -0.0 -0.0 -0.0 -0.0 -0.0 -0.0 -0.0 -0.0 -0.0 -0.0 -0.0 -0.0 -0.0 -0.0 -0.0 -0.0 -0.0 -0.0 -0.0 -0.0 -0.0 -0.0 -0.0 -0.0 -0.0 -0.0 -0.0 -0.0 -0.0 -0.0 -0.0 -0.0 -0.0 -0.0 -0.0 -0.0 -0.0 -0.0 -0.0 -0.0 -0.0 -0.0 -0.0 -0.0 -0.0 -0.0 -0.0 -0.0 -0.0 -0.0 -0.0 -0.0 -0.0 -0.0 -0.0 -0.0 -0.0 -0.0 -0.0 -0.0 -0.0 -0.0 -0.0 -0.0 -0.0 -0.0 -0.0 -0.0 -0.0 -0.0 -0.0 -0.0 -0.0 -0.0 -0.0 -0.0 -0.0 -0.0 -0.0 -0.0 -0.0 -0.0 -0.0 -0.0 -0.0 -0.0 -0.0 -0.0 -0.0 -0.0 -0.0 -0.0 -0.0 -0.0 -0.0 -0.0 -0.0 -0.0 -0.0 -0.0 -0.0 -0.0 -0.0 -0.0 -0.0 -0.0 -0.0 -0.0 -0.0 -0.0 -0.0 -0.0 -0.0 -0.0 -0.0 -0.0 -0.0 -0.0 -45.25740356445313 -63.03248291015625 1.9327497482299805 -0.0 -0.0 -0.0 -1.0 -1.0 -1.0
2:546.7027 84.65002 251.4045 480.709 86.10716 246.4254 517.0229 87.13663 305.5105 516.809 87.57043 285.1254 479.509 83.63747 298.0254 569.309 81.98589 307.9254 568.709 81.01415 289.2254 544.509 81.98587 288.9256 544.809 81.98589 307.5254
1:-452.79505126953126 -630.3323904418945 19.582887191772464 0.13678687810897827 0.006953335367143154 -0.005593318026512861 -0.13748513162136078 -0.03193461894989014 0.010683581233024597 0.11675828695297241 -0.016133513301610947 -0.14866673946380615 -0.10147743672132492 -0.2869110107421875 -0.19078154861927032 0.23999792337417603 0.24941667914390564 -0.016501493752002716 -0.04107220098376274 0.017898140475153923 -0.1826082468032837 -451.09288232421875 -557.9599079589843 51.35924383544922 -449.43734814453126 -487.570233215332 82.26501536560059 -447.8984008789063 -422.1375778198242 110.99432411193848 -446.14959716796875 -303.2581617161186 143.64126586914062 -0.0 -0.0 -0.0 -558.2408447265625 -336.9777526855469 267.42755126953125 -334.0583190917969 -358.58685302734375 19.8549747467041 0.1294894814491272 -0.4618759751319885 -0.10990497469902039 -0.17850610613822937 -0.41775956749916077 -0.0648825615644455 0.2340533435344696 -0.27041351795196533 -0.16372668743133545 -0.33057478070259094 -0.26104843616485596 -0.10591530054807663 0.2635657787322998 -0.09898055344820023 -0.25548291206359863 -0.5116824507713318 -0.20643849670886993 -0.19281303882598877 0.3663288950920105 -0.06547367572784424 -0.37090712785720825 -0.04395739734172821 -0.189031720161438 -0.48362505435943604 -0.0 -0.0 -0.0 -0.0 -0.0 -0.0 -0.0 -0.0 -0.0 -0.0 -0.0 -0.0 -0.0 -0.0 -0.0 -0.0 -0.0 -0.0 -0.0 -0.0 -0.0 -0.0 -0.0 -0.0 -0.0 -0.0 -0.0 -0.0 -0.0 -0.0 -0.0 -0.0 -0.0 -0.0 -0.0 -0.0 -0.0 -0.0 -0.0 -0.0 -0.0 -0.0 -0.0 -0.0 -0.0 -0.0 -0.0 -0.0 -0.0 -0.0 -0.0 -0.0 -0.0 -0.0 -0.0 -0.0 -0.0 -0.0 -0.0 -0.0 -0.0 -0.0 -0.0 -0.0 -0.0 -0.0 -0.0 -0.0 -0.0 -0.0 -0.0 -0.0 -0.0 -0.0 -0.0 -0.0 -0.0 -0.0 -0.0 -0.0 -0.0 -0.0 -0.0 -0.0 -0.0 -0.0 -0.0 -0.0 -0.0 -0.0 -0.0 -0.0 -0.0 -0.0 -0.0 -0.0 -0.0 -0.0 -0.0 -0.0 -0.0 -0.0 -0.0 -0.0 -0.0 -0.0 -0.0 -0.0 -0.0 -0.0 -0.0 -0.0 -0.0 -0.0 -0.0 -0.0 -0.0 -0.0 -0.0 -0.0 -0.0 -0.0 -0.0 -0.0 -0.0 -0.0 -0.0 -0.0 -0.0 -0.0 -0.0 -0.0 -45.265017700195315 -63.029901123046876 1.9469985961914062 -0.0 -0.0 -0.0 -1.0 -1.0 -1.0
2:546.7027 84.65002 251.4045 480.709 86.10716 246.4254 517.0229 87.13663 305.5105 516.809 87.57043 285.1254 479.509 83.63747 298.0254 569.309 81.98589 307.9254 568.709 81.01415 289.2254 544.509 81.98587 288.9256 544.809 81.98589 307.5254
1:-452.8591146850586 -630.595818939209 19.793373355865477 0.1367333084344864 0.006940693128854036 -0.005927796009927988 -0.137435182929039 -0.03187765181064606 0.010976779274642467 0.11674922704696655 -0.012181084603071213 -0.1478382647037506 -0.10098523646593094 -0.28193947672843933 -0.1890864223241806 0.2400185465812683 0.25112730264663696 -0.01646505855023861 -0.04022616520524025 0.023143086582422256 -0.18190672993659973 -451.13672192382813 -558.1588087158203 51.868352920532224 -449.4615180053711 -487.70637411499024 83.06456592178344 -447.90428619384767 -422.21537857055665 112.06386251449584 -446.13470458984375 -303.22996886476074 145.01760864257812 -0.0 -0.0 -0.0 -558.2151489257812 -336.98907470703125 270.4266357421875 -334.0542297363281 -358.5985107421875 19.60857391357422 0.12945625185966492 -0.46204277873039246 -0.11022014170885086 -0.17902103066444397 -0.41777244210243225 -0.06492263823747635 0.23608534038066864 -0.2710367739200592 -0.1642368584871292 -0.33234015107154846 -0.26108020544052124 -0.10592660307884216 0.2658449411392212 -0.09936266392469406 -0.25600001215934753 -0.5121267437934875 -0.20647932589054108 -0.19225949048995972 0.36635568737983704 -0.0625820904970169 -0.36969608068466187 -0.04286801815032959 -0.18097421526908875 -0.478897362947464 -0.0 -0.0 -0.0 -0.0 -0.0 -0.0 -0.0 -0.0 -0.0 -0.0 -0.0 -0.0 -0.0 -0.0 -0.0 -0.0 -0.0 -0.0 -0.0 -0.0 -0.0 -0.0 -0.0 -0.0 -0.0 -0.0 -0.0 -0.0 -0.0 -0.0 -0.0 -0.0 -0.0 -0.0 -0.0 -0.0 -0.0 -0.0 -0.0 -0.0 -0.0 -0.0 -0.0 -0.0 -0.0 -0.0 -0.0 -0.0 -0.0 -0.0 -0.0 -0.0 -0.0 -0.0 -0.0 -0.0 -0.0 -0.0 -0.0 -0.0 -0.0 -0.0 -0.0 -0.0 -0.0 -0.0 -0.0 -0.0 -0.0 -0.0 -0.0 -0.0 -0.0 -0.0 -0.0 -0.0 -0.0 -0.0 -0.0 -0.0 -0.0 -0.0 -0.0 -0.0 -0.0 -0.0 -0.0 -0.0 -0.0 -0.0 -0.0 -0.0 -0.0 -0.0 -0.0 -0.0 -0.0 -0.0 -0.0 -0.0 -0.0 -0.0 -0.0 -0.0 -0.0 -0.0 -0.0 -0.0 -0.0 -0.0 -0.0 -0.0 -0.0 -0.0 -0.0 -0.0 -0.0 -0.0 -0.0 -0.0 -0.0 -0.0 -0.0 -0.0 -0.0 -0.0 -0.0 -0.0 -0.0 -0.0 -0.0 -0.0 -45.27525939941406 -63.04325561523437 1.967692756652832 -0.0 -0.0 -0.0 -1.0 -1.0 -1.0
2:546.7027 84.65002 251.4045 480.709 86.10716 246.4254 517.0229 87.13663 305.5105 516.809 87.57043 285.1254 479.509 83.63747 298.0254 569.309 81.98589 307.9254 568.709 81.01415 289.2254 544.509 81.98587 288.9256 544.809 81.98589 307.5254
1:-452.9110107421875 -630.8350015258789 19.921599731445315 0.13665875792503357 0.006914137396961451 -0.005814762320369482 -0.13735128939151764 -0.031841471791267395 0.010843909345567226 0.11803413182497025 -0.008569473400712013 -0.1465531587600708 -0.09872114658355713 -0.2798994481563568 -0.18797506392002106 0.24126629531383514 0.2537385821342468 -0.014890894293785095 -0.03702082484960556 0.025205956771969795 -0.1816447526216507 -451.1532897949219 -558.3390642089844 52.178947021484376 -449.4437255859375 -487.8293169555664 83.55253137207032 -447.85455322265625 -422.2850448608399 112.71670837402345 -446.0486755371094 -303.20284120479744 145.85781860351562 -0.0 -0.0 -0.0 -558.197265625 -336.9842529296875 271.78607177734375 -333.90008544921875 -358.6216125488281 19.929567337036133 0.1292271614074707 -0.46208542585372925 -0.1101323738694191 -0.1791040599346161 -0.41769593954086304 -0.06508908420801163 0.23611359298229218 -0.2714740037918091 -0.16399113833904266 -0.3341977894306183 -0.26180797815322876 -0.10591121762990952 0.26629993319511414 -0.10073666274547577 -0.2555675208568573 -0.5162997245788574 -0.2089463323354721 -0.19195042550563812 0.36762377619743347 -0.06401397287845612 -0.36827704310417175 -0.03945855796337128 -0.1818147748708725 -0.47904178500175476 -0.0 -0.0 -0.0 -0.0 -0.0 -0.0 -0.0 -0.0 -0.0 -0.0 -0.0 -0.0 -0.0 -0.0 -0.0 -0.0 -0.0 -0.0 -0.0 -0.0 -0.0 -0.0 -0.0 -0.0 -0.0 -0.0 -0.0 -0.0 -0.0 -0.0 -0.0 -0.0 -0.0 -0.0 -0.0 -0.0 -0.0 -0.0 -0.0 -0.0 -0.0 -0.0 -0.0 -0.0 -0.0 -0.0 -0.0 -0.0 -0.0 -0.0 -0.0 -0.0 -0.0 -0.0 -0.0 -0.0 -0.0 -0.0 -0.0 -0.0 -0.0 -0.0 -0.0 -0.0 -0.0 -0.0 -0.0 -0.0 -0.0 -0.0 -0.0 -0.0 -0.0 -0.0 -0.0 -0.0 -0.0 -0.0 -0.0 -0.0 -0.0 -0.0 -0.0 -0.0 -0.0 -0.0 -0.0 -0.0 -0.0 -0.0 -0.0 -0.0 -0.0 -0.0 -0.0 -0.0 -0.0 -0.0 -0.0 -0.0 -0.0 -0.0 -0.0 -0.0 -0.0 -0.0 -0.0 -0.0 -0.0 -0.0 -0.0 -0.0 -0.0 -0.0 -0.0 -0.0 -0.0 -0.0 -0.0 -0.0 -0.0 -0.0 -0.0 -0.0 -0.0 -0.0 -0.0 -0.0 -0.0 -0.0 -0.0 -0.0 -45.285726928710936 -63.06575927734375 1.9875282287597655 -0.0 -0.0 -0.0 -1.0 -1.0 -1.0
2:546.7027 84.65002 251.4045 480.709 86.10716 246.4254 517.0229 87.13663 305.5105 516.809 87.57043 285.1254 479.509 83.63747 298.0254 569.309 81.98589 307.9254 568.709 81.01415 289.2254 544.509 81.98587 288.9256 544.809 81.98589 307.5254
1:-452.88507568359375 -630.9452905273438 19.897903499603274 0.13664621114730835 0.006869961973279715 -0.005758056882768869 -0.13733868300914764 -0.03169535472989082 0.010808877646923065 0.11350828409194946 -0.008009853772819042 -0.14315925538539886 -0.10347041487693787 -0.2802935838699341 -0.18786168098449707 0.24053946137428284 0.25498905777931213 -0.013479807414114475 -0.037060581147670746 0.024705534800887108 -0.1807953417301178 -451.07661474609375 -558.4073149414063 52.1146619720459 -449.3177006835937 -487.8566811523438 83.4487695274353 -447.6826538085937 -422.2744018554688 112.57624979019165 -445.82464599609375 -303.1231459200739 145.6756591796875 -0.0 -0.0 -0.0 -558.122802734375 -336.8697204589844 271.3777770996094 -333.5265197753906 -358.62847900390625 19.973543167114258 0.12917187809944153 -0.46209755539894104 -0.11011799424886703 -0.17861874401569366 -0.417753666639328 -0.06556158512830734 0.23657996952533722 -0.2716408967971802 -0.16267789900302887 -0.3342127799987793 -0.26191580295562744 -0.10882772505283356 0.2675527334213257 -0.10150713473558426 -0.25408831238746643 -0.5161160826683044 -0.20920149981975555 -0.201229527592659 0.3645571172237396 -0.05422263965010643 -0.3636418581008911 -0.03950794041156769 -0.18270273506641388 -0.478743314743042 -0.0 -0.0 -0.0 -0.0 -0.0 -0.0 -0.0 -0.0 -0.0 -0.0 -0.0 -0.0 -0.0 -0.0 -0.0 -0.0 -0.0 -0.0 -0.0 -0.0 -0.0 -0.0 -0.0 -0.0 -0.0 -0.0 -0.0 -0.0 -0.0 -0.0 -0.0 -0.0 -0.0 -0.0 -0.0 -0.0 -0.0 -0.0 -0.0 -0.0 -0.0 -0.0 -0.0 -0.0 -0.0 -0.0 -0.0 -0.0 -0.0 -0.0 -0.0 -0.0 -0.0 -0.0 -0.0 -0.0 -0.0 -0.0 -0.0 -0.0 -0.0 -0.0 -0.0 -0.0 -0.0 -0.0 -0.0 -0.0 -0.0 -0.0 -0.0 -0.0 -0.0 -0.0 -0.0 -0.0 -0.0 -0.0 -0.0 -0.0 -0.0 -0.0 -0.0 -0.0 -0.0 -0.0 -0.0 -0.0 -0.0 -0.0 -0.0 -0.0 -0.0 -0.0 -0.0 -0.0 -0.0 -0.0 -0.0 -0.0 -0.0 -0.0 -0.0 -0.0 -0.0 -0.0 -0.0 -0.0 -0.0 -0.0 -0.0 -0.0 -0.0 -0.0 -0.0 -0.0 -0.0 -0.0 -0.0 -0.0 -0.0 -0.0 -0.0 -0.0 -0.0 -0.0 -0.0 -0.0 -0.0 -0.0 -0.0 -0.0 -45.291290283203125 -63.086328125 1.9969322204589843 -0.0 -0.0 -0.0 -1.0 -1.0 -1.0
2:546.7027 84.65002 251.4045 480.709 86.10716 246.4254 517.0229 87.13663 305.5105 516.809 87.57043 285.1254 479.509 83.63747 298.0254 569.309 81.98589 307.9254 568.709 81.01415 289.2254 544.509 81.98587 288.9256 544.809 81.98589 307.5254
1:-452.8984649658203 -631.2458686828613 19.902466945648193 0.136562317609787 0.006864750292152166 -0.00576570350676775 -0.1372566819190979 -0.03160104528069496 0.010818343609571457 0.11207085847854614 -0.003662354312837124 -0.14105406403541565 -0.1040719747543335 -0.2782270312309265 -0.18608294427394867 0.24036072194576263 0.2598869502544403 -0.012605764903128147 -0.036709293723106384 0.026969220489263535 -0.1780862957239151 -451.04597412109376 -558.6180755615235 52.12111680603027 -449.24423645019533 -487.9800849914551 83.45706393051148 -447.5693817138672 -422.31660079956055 112.58625421524049 -445.6661376953125 -303.01781011341575 145.68760681152344 -0.0 -0.0 -0.0 -558.067626953125 -336.76385498046875 271.3807373046875 -333.2646789550781 -358.6341552734375 19.994476318359375 0.1290920525789261 -0.4624210596084595 -0.11025017499923706 -0.17858506739139557 -0.41780051589012146 -0.06606481224298477 0.23675930500030518 -0.27259981632232666 -0.16227811574935913 -0.335555762052536 -0.2627193033695221 -0.1089339479804039 0.26989346742630005 -0.1023474857211113 -0.25349757075309753 -0.5172131657600403 -0.21056775748729706 -0.2002352774143219 0.36249840259552 -0.04126647114753723 -0.36083027720451355 -0.0393337644636631 -0.1768132895231247 -0.47506415843963623 -0.0 -0.0 -0.0 -0.0 -0.0 -0.0 -0.0 -0.0 -0.0 -0.0 -0.0 -0.0 -0.0 -0.0 -0.0 -0.0 -0.0 -0.0 -0.0 -0.0 -0.0 -0.0 -0.0 -0.0 -0.0 -0.0 -0.0 -0.0 -0.0 -0.0 -0.0 -0.0 -0.0 -0.0 -0.0 -0.0 -0.0 -0.0 -0.0 -0.0 -0.0 -0.0 -0.0 -0.0 -0.0 -0.0 -0.0 -0.0 -0.0 -0.0 -0.0 -0.0 -0.0 -0.0 -0.0 -0.0 -0.0 -0.0 -0.0 -0.0 -0.0 -0.0 -0.0 -0.0 -0.0 -0.0 -0.0 -0.0 -0.0 -0.0 -0.0 -0.0 -0.0 -0.0 -0.0 -0.0 -0.0 -0.0 -0.0 -0.0 -0.0 -0.0 -0.0 -0.0 -0.0 -0.0 -0.0 -0.0 -0.0 -0.0 -0.0 -0.0 -0.0 -0.0 -0.0 -0.0 -0.0 -0.0 -0.0 -0.0 -0.0 -0.0 -0.0 -0.0 -0.0 -0.0 -0.0 -0.0 -0.0 -0.0 -0.0 -0.0 -0.0 -0.0 -0.0 -0.0 -0.0 -0.0 -0.0 -0.0 -0.0 -0.0 -0.0 -0.0 -0.0 -0.0 -0.0 -0.0 -0.0 -0.0 -0.0 -0.0 -45.293966674804686 -63.11137084960937 1.9985666275024414 -0.0 -0.0 -0.0 -1.0 -1.0 -1.0
2:546.7027 84.65002 251.4045 480.709 86.10716 246.4254 517.0229 87.13663 305.5105 516.809 87.57043 285.1254 479.509 83.63747 298.0254 569.309 81.98589 307.9254 568.709 81.01415 289.2254 544.509 81.98587 288.9256 544.809 81.98589 307.5254
1:-452.5411349487305 -631.3885081481934 20.28510004043579 0.13654498755931854 0.006822135299444199 -0.005675259046256542 -0.1372411549091339 -0.031553324311971664 0.01073149312287569 0.11210881173610687 -0.0040934584103524685 -0.14038455486297607 -0.10346414148807526 -0.2795821726322174 -0.1860910952091217 0.23998819291591644 0.25948911905288696 -0.010516894049942493 -0.03620613366365433 0.02683529257774353 -0.17674201726913452 -450.7310031738281 -558.7161905517579 53.07666835021972 -448.97046405029295 -488.0348953552247 84.96983752822875 -447.33390655517576 -422.33115615844736 114.61700887680053 -445.47418212890625 -302.95922933795487 148.30697631835938 -0.0 -0.0 -0.0 -558.0291748046875 -336.6908264160156 273.14227294921875 -332.9192199707031 -358.6448059082031 23.4716854095459 0.12932147085666656 -0.46242398023605347 -0.11146385222673416 -0.17745545506477356 -0.41780340671539307 -0.06763318926095963 0.2361910343170166 -0.2726171612739563 -0.16363412141799927 -0.33552783727645874 -0.2627299427986145 -0.1092146635055542 0.2660820186138153 -0.10240571945905685 -0.25649964809417725 -0.5171648263931274 -0.2105480432510376 -0.1998554915189743 0.3622073531150818 -0.046085525304079056 -0.35839909315109253 -0.039127420634031296 -0.17771324515342712 -0.47427433729171753 -0.0 -0.0 -0.0 -0.0 -0.0 -0.0 -0.0 -0.0 -0.0 -0.0 -0.0 -0.0 -0.0 -0.0 -0.0 -0.0 -0.0 -0.0 -0.0 -0.0 -0.0 -0.0 -0.0 -0.0 -0.0 -0.0 -0.0 -0.0 -0.0 -0.0 -0.0 -0.0 -0.0 -0.0 -0.0 -0.0 -0.0 -0.0 -0.0 -0.0 -0.0 -0.0 -0.0 -0.0 -0.0 -0.0 -0.0 -0.0 -0.0 -0.0 -0.0 -0.0 -0.0 -0.0 -0.0 -0.0 -0.0 -0.0 -0.0 -0.0 -0.0 -0.0 -0.0 -0.0 -0.0 -0.0 -0.0 -0.0 -0.0 -0.0 -0.0 -0.0 -0.0 -0.0 -0.0 -0.0 -0.0 -0.0 -0.0 -0.0 -0.0 -0.0 -0.0 -0.0 -0.0 -0.0 -0.0 -0.0 -0.0 -0.0 -0.0 -0.0 -0.0 -0.0 -0.0 -0.0 -0.0 -0.0 -0.0 -0.0 -0.0 -0.0 -0.0 -0.0 -0.0 -0.0 -0.0 -0.0 -0.0 -0.0 -0.0 -0.0 -0.0 -0.0 -0.0 -0.0 -0.0 -0.0 -0.0 -0.0 -0.0 -0.0 -0.0 -0.0 -0.0 -0.0 -0.0 -0.0 -0.0 -0.0 -0.0 -0.0 -45.27652587890625 -63.13287353515625 2.0160221099853515 -0.0 -0.0 -0.0 -1.0 -1.0 -1.0
2:546.7027 84.65002 251.4045 480.709 86.10716 246.4254 517.0229 87.13663 305.5105 516.809 87.57043 285.1254 479.509 83.63747 298.0254 569.309 81.98589 307.9254 568.709 81.01415 289.2254 544.509 81.98587 288.9256 544.809 81.98589 307.5254
1:-452.0214059448242 -631.0794995117187 20.71365016937256 0.13655754923820496 0.0068157510831952095 -0.005306287668645382 -0.1372535675764084 -0.031562693417072296 0.010398490354418755 0.11214812099933624 -0.006005637347698212 -0.14003536105155945 -0.10308058559894562 -0.2850828766822815 -0.18613271415233612 0.23942334949970245 0.25723719596862793 -0.007677877321839333 -0.0362204872071743 0.022110573947429657 -0.1735077053308487 -450.299333984375 -558.4712685546874 54.15522518920899 -448.62444207763673 -487.8523041992187 86.68059267425538 -447.06750030517577 -422.20650634765616 116.91544132232667 -445.2982482910156 -302.93984857433577 151.27322387695312 -0.0 -0.0 -0.0 -557.98681640625 -336.5994567871094 274.7900085449219 -332.60968017578125 -358.61859130859375 27.756450653076172 0.12977294623851776 -0.46181780099868774 -0.11188052594661713 -0.1766049712896347 -0.41749513149261475 -0.06906349956989288 0.23567284643650055 -0.27177777886390686 -0.16537004709243774 -0.33501768112182617 -0.2621603310108185 -0.11470101773738861 0.2646448016166687 -0.1023762971162796 -0.2631847858428955 -0.5157309174537659 -0.20980480313301086 -0.20972281694412231 0.361545205116272 -0.0547112412750721 -0.35674849152565 -0.03936532884836197 -0.1863631159067154 -0.4726031720638275 -0.0 -0.0 -0.0 -0.0 -0.0 -0.0 -0.0 -0.0 -0.0 -0.0 -0.0 -0.0 -0.0 -0.0 -0.0 -0.0 -0.0 -0.0 -0.0 -0.0 -0.0 -0.0 -0.0 -0.0 -0.0 -0.0 -0.0 -0.0 -0.0 -0.0 -0.0 -0.0 -0.0 -0.0 -0.0 -0.0 -0.0 -0.0 -0.0 -0.0 -0.0 -0.0 -0.0 -0.0 -0.0 -0.0 -0.0 -0.0 -0.0 -0.0 -0.0 -0.0 -0.0 -0.0 -0.0 -0.0 -0.0 -0.0 -0.0 -0.0 -0.0 -0.0 -0.0 -0.0 -0.0 -0.0 -0.0 -0.0 -0.0 -0.0 -0.0 -0.0 -0.0 -0.0 -0.0 -0.0 -0.0 -0.0 -0.0 -0.0 -0.0 -0.0 -0.0 -0.0 -0.0 -0.0 -0.0 -0.0 -0.0 -0.0 -0.0 -0.0 -0.0 -0.0 -0.0 -0.0 -0.0 -0.0 -0.0 -0.0 -0.0 -0.0 -0.0 -0.0 -0.0 -0.0 -0.0 -0.0 -0.0 -0.0 -0.0 -0.0 -0.0 -0.0 -0.0 -0.0 -0.0 -0.0 -0.0 -0.0 -0.0 -0.0 -0.0 -0.0 -0.0 -0.0 -0.0 -0.0 -0.0 -0.0 -0.0 -0.0 -45.237667846679685 -63.130804443359374 2.049916458129883 -0.0 -0.0 -0.0 -1.0 -1.0 -1.0
2:546.7027 84.65002 251.4045 480.709 86.10716 246.4254 517.0229 87.13663 305.5105 516.809 87.57043 285.1254 479.509 83.63747 298.0254 569.309 81.98589 307.9254 568.709 81.01415 289.2254 544.509 81.98587 288.9256 544.809 81.98589 307.5254
1:-451.6800213623047 -630.6960511779785 20.663048877716065 0.13649557530879974 0.006821023300290108 -0.005348939448595047 -0.13717615604400635 -0.03155186027288437 0.010435364209115505 0.11169464141130447 -0.004848593380302191 -0.13970066606998444 -0.10405392199754715 -0.2833026349544525 -0.18633291125297546 0.2373630255460739 0.2594272494316101 -0.006046409253031015 -0.03706944361329079 0.022319370880723 -0.1772087663412094 -450.01300683593746 -558.1738817138671 54.03178791809082 -448.3916639404296 -487.63862100219717 86.48631492996216 -446.8845001220702 -422.0706321716308 116.65531187057496 -445.17181396484375 -302.9453394541484 150.93826293945312 -0.0 -0.0 -0.0 -557.8799438476562 -336.5174255371094 274.4153747558594 -332.4637145996094 -358.6056823730469 27.461151123046875 0.12984521687030792 -0.4618214964866638 -0.11145014315843582 -0.17664901912212372 -0.41750261187553406 -0.06888455897569656 0.23711949586868286 -0.27185314893722534 -0.16417589783668518 -0.3351614773273468 -0.2626520097255707 -0.11535095423460007 0.266654372215271 -0.10247606784105301 -0.25936082005500793 -0.5162677764892578 -0.211042121052742 -0.21293416619300842 0.36037254333496094 -0.04942072555422783 -0.35434314608573914 -0.03978865593671799 -0.18517714738845825 -0.4773097336292267 -0.0 -0.0 -0.0 -0.0 -0.0 -0.0 -0.0 -0.0 -0.0 -0.0 -0.0 -0.0 -0.0 -0.0 -0.0 -0.0 -0.0 -0.0 -0.0 -0.0 -0.0 -0.0 -0.0 -0.0 -0.0 -0.0 -0.0 -0.0 -0.0 -0.0 -0.0 -0.0 -0.0 -0.0 -0.0 -0.0 -0.0 -0.0 -0.0 -0.0 -0.0 -0.0 -0.0 -0.0 -0.0 -0.0 -0.0 -0.0 -0.0 -0.0 -0.0 -0.0 -0.0 -0.0 -0.0 -0.0 -0.0 -0.0 -0.0 -0.0 -0.0 -0.0 -0.0 -0.0 -0.0 -0.0 -0.0 -0.0 -0.0 -0.0 -0.0 -0.0 -0.0 -0.0 -0.0 -0.0 -0.0 -0.0 -0.0 -0.0 -0.0 -0.0 -0.0 -0.0 -0.0 -0.0 -0.0 -0.0 -0.0 -0.0 -0.0 -0.0 -0.0 -0.0 -0.0 -0.0 -0.0 -0.0 -0.0 -0.0 -0.0 -0.0 -0.0 -0.0 -0.0 -0.0 -0.0 -0.0 -0.0 -0.0 -0.0 -0.0 -0.0 -0.0 -0.0 -0.0 -0.0 -0.0 -0.0 -0.0 -0.0 -0.0 -0.0 -0.0 -0.0 -0.0 -0.0 -0.0 -0.0 -0.0 -0.0 -0.0 -45.194332885742185 -63.10732421875 2.068105125427246 -0.0 -0.0 -0.0 -1.0 -1.0 -1.0
2:546.7027 84.65002 251.4045 480.709 86.10716 246.4254 517.0229 87.13663 305.5105 516.809 87.57043 285.1254 479.509 83.63747 298.0254 569.309 81.98589 307.9254 568.709 81.01415 289.2254 544.509 81.98587 288.9256 544.809 81.98589 307.5254
1:-451.6699501037598 -630.8526654052735 20.922589149475098 0.13631968200206757 0.006818736903369427 -0.005487166810780764 -0.13700148463249207 -0.03144891560077667 0.010569523088634014 0.10932168364524841 -0.0007381914183497429 -0.13479581475257874 -0.10486001521348953 -0.2785803973674774 -0.1852046400308609 0.23583157360553741 0.2640655040740967 0.000476785353384912 -0.03709130361676216 0.024812014773488045 -0.17163550853729248 -449.9935321044922 -558.28707421875 54.67341946411133 -448.3630433654785 -487.7095814208985 87.49956949615479 -446.8473777770996 -422.1023345947266 118.01401882171632 -445.1250305175781 -302.9057171301927 152.6895294189453 -0.0 -0.0 -0.0 -557.8383178710938 -336.4979553222656 278.1604309082031 -332.4117431640625 -358.5993347167969 27.218624114990234 0.1298239380121231 -0.46208298206329346 -0.11199446767568588 -0.17665088176727295 -0.4178696572780609 -0.06891778856515884 0.23708218336105347 -0.27258458733558655 -0.1641789823770523 -0.33532440662384033 -0.26455506682395935 -0.1152820736169815 0.26754117012023926 -0.1032821387052536 -0.2593085765838623 -0.5162581205368042 -0.213901087641716 -0.21052470803260803 0.35532134771347046 -0.02905702032148838 -0.34121835231781006 -0.03982074558734894 -0.17520873248577118 -0.4679499566555023 -0.0 -0.0 -0.0 -0.0 -0.0 -0.0 -0.0 -0.0 -0.0 -0.0 -0.0 -0.0 -0.0 -0.0 -0.0 -0.0 -0.0 -0.0 -0.0 -0.0 -0.0 -0.0 -0.0 -0.0 -0.0 -0.0 -0.0 -0.0 -0.0 -0.0 -0.0 -0.0 -0.0 -0.0 -0.0 -0.0 -0.0 -0.0 -0.0 -0.0 -0.0 -0.0 -0.0 -0.0 -0.0 -0.0 -0.0 -0.0 -0.0 -0.0 -0.0 -0.0 -0.0 -0.0 -0.0 -0.0 -0.0 -0.0 -0.0 -0.0 -0.0 -0.0 -0.0 -0.0 -0.0 -0.0 -0.0 -0.0 -0.0 -0.0 -0.0 -0.0 -0.0 -0.0 -0.0 -0.0 -0.0 -0.0 -0.0 -0.0 -0.0 -0.0 -0.0 -0.0 -0.0 -0.0 -0.0 -0.0 -0.0 -0.0 -0.0 -0.0 -0.0 -0.0 -0.0 -0.0 -0.0 -0.0 -0.0 -0.0 -0.0 -0.0 -0.0 -0.0 -0.0 -0.0 -0.0 -0.0 -0.0 -0.0 -0.0 -0.0 -0.0 -0.0 -0.0 -0.0 -0.0 -0.0 -0.0 -0.0 -0.0 -0.0 -0.0 -0.0 -0.0 -0.0 -0.0 -0.0 -0.0 -0.0 -0.0 -0.0 -45.166326904296874 -63.09544677734375 2.0894454956054687 -0.0 -0.0 -0.0 -1.0 -1.0 -1.0
2:546.7027 84.65002 251.4045 480.709 86.10716 246.4254 517.0229 87.13663 305.5105 516.809 87.57043 285.1254 479.509 83.63747 298.0254 569.309 81.98589 307.9254 568.709 81.01415 289.2254 544.509 81.98587 288.9256 544.809 81.98589 307.5254
1:-451.87055755615233 -630.9100016784668 20.859436378479003 0.1363067924976349 0.006825151853263378 -0.0056219035759568214 -0.13698364794254303 -0.031444061547517776 0.010678304359316826 0.10969185829162598 -0.0008083236170932651 -0.13642896711826324 -0.10485441982746124 -0.2754857540130615 -0.18561939895153046 0.23582178354263306 0.26441434025764465 -0.000438658898929134 -0.03714606538414955 0.02728213742375374 -0.17822585999965668 -450.1859123535156 -558.329513305664 54.516151763916014 -448.54742181396483 -487.737531463623 87.25076535797119 -447.0243179321289 -422.11681594848625 117.68012447357177 -445.29351806640625 -302.8957282882965 152.25894165039062 -0.0 -0.0 -0.0 -557.81787109375 -336.4931945800781 279.68408203125 -332.7691650390625 -358.6024475097656 24.833789825439453 0.12971462309360504 -0.462176650762558 -0.11183319985866547 -0.17761622369289398 -0.41786816716194153 -0.06827238202095032 0.23785799741744995 -0.2728646695613861 -0.16365408897399902 -0.3358028531074524 -0.2646417021751404 -0.11512712389230728 0.2691260576248169 -0.10334843397140503 -0.25667935609817505 -0.5169830918312073 -0.21388591825962067 -0.21027761697769165 0.3564934730529785 -0.03395117074251175 -0.34264200925827026 -0.03984396904706955 -0.17315980792045593 -0.47408604621887207 -0.0 -0.0 -0.0 -0.0 -0.0 -0.0 -0.0 -0.0 -0.0 -0.0 -0.0 -0.0 -0.0 -0.0 -0.0 -0.0 -0.0 -0.0 -0.0 -0.0 -0.0 -0.0 -0.0 -0.0 -0.0 -0.0 -0.0 -0.0 -0.0 -0.0 -0.0 -0.0 -0.0 -0.0 -0.0 -0.0 -0.0 -0.0 -0.0 -0.0 -0.0 -0.0 -0.0 -0.0 -0.0 -0.0 -0.0 -0.0 -0.0 -0.0 -0.0 -0.0 -0.0 -0.0 -0.0 -0.0 -0.0 -0.0 -0.0 -0.0 -0.0 -0.0 -0.0 -0.0 -0.0 -0.0 -0.0 -0.0 -0.0 -0.0 -0.0 -0.0 -0.0 -0.0 -0.0 -0.0 -0.0 -0.0 -0.0 -0.0 -0.0 -0.0 -0.0 -0.0 -0.0 -0.0 -0.0 -0.0 -0.0 -0.0 -0.0 -0.0 -0.0 -0.0 -0.0 -0.0 -0.0 -0.0 -0.0 -0.0 -0.0 -0.0 -0.0 -0.0 -0.0 -0.0 -0.0 -0.0 -0.0 -0.0 -0.0 -0.0 -0.0 -0.0 -0.0 -0.0 -0.0 -0.0 -0.0 -0.0 -0.0 -0.0 -0.0 -0.0 -0.0 -0.0 -0.0 -0.0 -0.0 -0.0 -0.0 -0.0 -45.161355590820314 -63.0885986328125 2.0983598709106444 -0.0 -0.0 -0.0 -1.0 -1.0 -1.0
2:546.7027 84.65002 251.4045 480.709 86.10716 246.4254 517.0229 87.13663 305.5105 516.809 87.57043 285.1254 479.509 83.63747 298.0254 569.309 81.98589 307.9254 568.709 81.01415 289.2254 544.509 81.98587 288.9256 544.809 81.98589 307.5254
1:-451.97807220458986 -631.0615740966797 20.685749435424803 0.13615667819976807 0.006893320474773645 -0.006217002868652344 -0.13683763146400452 -0.03145865350961685 0.011190521530807018 0.11067401617765427 -0.00017207569908350706 -0.13957561552524567 -0.10447099059820175 -0.2689010500907898 -0.1843939572572708 0.23593255877494812 0.2642388641834259 -0.00665417080745101 -0.03781325742602348 0.03339288383722305 -0.17801567912101746 -450.2984528808594 -558.4463657226563 54.085104064941405 -448.66485052490236 -487.8206151123047 86.56940788269043 -447.1462905883789 -422.16850891113285 116.76608467102051 -445.420654296875 -302.89038999637444 151.0804901123047 -0.0 -0.0 -0.0 -557.8087158203125 -336.50567626953125 280.36767578125 -333.0326232910156 -358.6220397949219 21.793310165405273 0.1298987865447998 -0.462802916765213 -0.11181730777025223 -0.17808027565479279 -0.41796648502349854 -0.06693214923143387 0.2392808347940445 -0.27346813678741455 -0.16435518860816956 -0.33580586314201355 -0.26462849974632263 -0.10881119221448898 0.2689153552055359 -0.10328202694654465 -0.25710609555244446 -0.5174146294593811 -0.21286475658416748 -0.1928328573703766 0.3566230833530426 -0.03694262355566025 -0.3491562604904175 -0.04025863856077194 -0.1645040363073349 -0.4721367359161377 -0.0 -0.0 -0.0 -0.0 -0.0 -0.0 -0.0 -0.0 -0.0 -0.0 -0.0 -0.0 -0.0 -0.0 -0.0 -0.0 -0.0 -0.0 -0.0 -0.0 -0.0 -0.0 -0.0 -0.0 -0.0 -0.0 -0.0 -0.0 -0.0 -0.0 -0.0 -0.0 -0.0 -0.0 -0.0 -0.0 -0.0 -0.0 -0.0 -0.0 -0.0 -0.0 -0.0 -0.0 -0.0 -0.0 -0.0 -0.0 -0.0 -0.0 -0.0 -0.0 -0.0 -0.0 -0.0 -0.0 -0.0 -0.0 -0.0 -0.0 -0.0 -0.0 -0.0 -0.0 -0.0 -0.0 -0.0 -0.0 -0.0 -0.0 -0.0 -0.0 -0.0 -0.0 -0.0 -0.0 -0.0 -0.0 -0.0 -0.0 -0.0 -0.0 -0.0 -0.0 -0.0 -0.0 -0.0 -0.0 -0.0 -0.0 -0.0 -0.0 -0.0 -0.0 -0.0 -0.0 -0.0 -0.0 -0.0 -0.0 -0.0 -0.0 -0.0 -0.0 -0.0 -0.0 -0.0 -0.0 -0.0 -0.0 -0.0 -0.0 -0.0 -0.0 -0.0 -0.0 -0.0 -0.0 -0.0 -0.0 -0.0 -0.0 -0.0 -0.0 -0.0 -0.0 -0.0 -0.0 -0.0 -0.0 -0.0 -0.0 -45.16866760253906 -63.092535400390624 2.0925918579101563 -0.0 -0.0 -0.0 -1.0 -1.0 -1.0
2:546.7027 84.65002 251.4045 480.709 86.10716 246.4254 517.0229 87.13663 305.5105 516.809 87.57043 285.1254 479.509 83.63747 298.0254 569.309 81.98589 307.9254 568.709 81.01415 289.2254 544.509 81.98587 288.9256 544.809 81.98589 307.5254
1:-452.05133575439453 -631.1668362426758 20.084668998718264 0.13599734008312225 0.00698905298486352 -0.006496091838926077 -0.13667097687721252 -0.031484927982091904 0.011462366208434105 0.10953700542449951 0.0022137516643851995 -0.13905273377895355 -0.10525684058666229 -0.26942092180252075 -0.18409739434719086 0.23350770771503448 0.2657906115055084 -0.007263672072440386 -0.04054044559597969 0.03442518040537834 -0.17807771265506744 -450.38548413085937 -558.5287307128906 52.58002206420899 -448.765272277832 -487.8807102661133 84.18509148406983 -447.25915985107423 -422.2079025268555 113.56445178985597 -445.54766845703125 -302.8921726249649 146.95008850097656 -0.0 -0.0 -0.0 -557.8153686523438 -336.53472900390625 277.8131103515625 -333.2799987792969 -358.62469482421875 16.08705711364746 0.12997613847255707 -0.46285954117774963 -0.11090963333845139 -0.17753928899765015 -0.4181472063064575 -0.06441988050937653 0.23929603397846222 -0.27341413497924805 -0.164347305893898 -0.33236902952194214 -0.2642732858657837 -0.10609931498765945 0.2650282382965088 -0.10328514873981476 -0.2570955157279968 -0.5139226913452148 -0.21199707686901093 -0.19270312786102295 0.3529897928237915 -0.03543112054467201 -0.34939470887184143 -0.04285133630037308 -0.16464856266975403 -0.4724341034889221 -0.0 -0.0 -0.0 -0.0 -0.0 -0.0 -0.0 -0.0 -0.0 -0.0 -0.0 -0.0 -0.0 -0.0 -0.0 -0.0 -0.0 -0.0 -0.0 -0.0 -0.0 -0.0 -0.0 -0.0 -0.0 -0.0 -0.0 -0.0 -0.0 -0.0 -0.0 -0.0 -0.0 -0.0 -0.0 -0.0 -0.0 -0.0 -0.0 -0.0 -0.0 -0.0 -0.0 -0.0 -0.0 -0.0 -0.0 -0.0 -0.0 -0.0 -0.0 -0.0 -0.0 -0.0 -0.0 -0.0 -0.0 -0.0 -0.0 -0.0 -0.0 -0.0 -0.0 -0.0 -0.0 -0.0 -0.0 -0.0 -0.0 -0.0 -0.0 -0.0 -0.0 -0.0 -0.0 -0.0 -0.0 -0.0 -0.0 -0.0 -0.0 -0.0 -0.0 -0.0 -0.0 -0.0 -0.0 -0.0 -0.0 -0.0 -0.0 -0.0 -0.0 -0.0 -0.0 -0.0 -0.0 -0.0 -0.0 -0.0 -0.0 -0.0 -0.0 -0.0 -0.0 -0.0 -0.0 -0.0 -0.0 -0.0 -0.0 -0.0 -0.0 -0.0 -0.0 -0.0 -0.0 -0.0 -0.0 -0.0 -0.0 -0.0 -0.0 -0.0 -0.0 -0.0 -0.0 -0.0 -0.0 -0.0 -0.0 -0.0 -45.18226318359375 -63.10227661132812 2.05548210144043 -0.0 -0.0 -0.0 -1.0 -1.0 -1.0
2:546.7027 84.65002 251.4045 480.709 86.10716 246.4254 517.0229 87.13663 305.5105 516.809 87.57043 285.1254 479.509 83.63747 298.0254 569.309 81.98589 307.9254 568.709 81.01415 289.2254 544.509 81.98587 288.9256 544.809 81.98589 307.5254
1:-452.1291900634766 -631.230966796875 19.4347784614563 0.13603995740413666 0.007104108575731516 -0.006102138664573431 -0.1367119699716568 -0.03192673251032829 0.011068101972341537 0.11530153453350067 -0.00552961602807045 -0.1458267718553543 -0.1012037917971611 -0.27766287326812744 -0.18463508784770966 0.23599791526794434 0.2502377927303314 -0.01574312336742878 -0.04114528372883797 0.028331058099865913 -0.17805270850658417 -450.4739916992188 -558.5857368164062 50.95478938293458 -448.8641412353516 -487.93078710937493 81.61123836135866 -447.367660522461 -422.25153808593745 110.10878248214723 -445.6671142578125 -302.924105524303 142.4923553466797 -0.0 -0.0 -0.0 -557.83740234375 -336.61688232421875 271.26544189453125 -333.4968566894531 -358.6151428222656 13.719259262084961 0.12997949123382568 -0.46295294165611267 -0.10869251936674118 -0.17756502330303192 -0.41816461086273193 -0.06261197477579117 0.23571710288524628 -0.27302032709121704 -0.16247041523456573 -0.3312753438949585 -0.2642843425273895 -0.09740171581506729 0.26032960414886475 -0.10253022611141205 -0.2541941702365875 -0.5128827691078186 -0.21091489493846893 -0.17726534605026245 0.35767310857772827 -0.08725198358297348 -0.3707560896873474 -0.04420258104801178 -0.18625251948833466 -0.47366973757743835 -0.0 -0.0 -0.0 -0.0 -0.0 -0.0 -0.0 -0.0 -0.0 -0.0 -0.0 -0.0 -0.0 -0.0 -0.0 -0.0 -0.0 -0.0 -0.0 -0.0 -0.0 -0.0 -0.0 -0.0 -0.0 -0.0 -0.0 -0.0 -0.0 -0.0 -0.0 -0.0 -0.0 -0.0 -0.0 -0.0 -0.0 -0.0 -0.0 -0.0 -0.0 -0.0 -0.0 -0.0 -0.0 -0.0 -0.0 -0.0 -0.0 -0.0 -0.0 -0.0 -0.0 -0.0 -0.0 -0.0 -0.0 -0.0 -0.0 -0.0 -0.0 -0.0 -0.0 -0.0 -0.0 -0.0 -0.0 -0.0 -0.0 -0.0 -0.0 -0.0 -0.0 -0.0 -0.0 -0.0 -0.0 -0.0 -0.0 -0.0 -0.0 -0.0 -0.0 -0.0 -0.0 -0.0 -0.0 -0.0 -0.0 -0.0 -0.0 -0.0 -0.0 -0.0 -0.0 -0.0 -0.0 -0.0 -0.0 -0.0 -0.0 -0.0 -0.0 -0.0 -0.0 -0.0 -0.0 -0.0 -0.0 -0.0 -0.0 -0.0 -0.0 -0.0 -0.0 -0.0 -0.0 -0.0 -0.0 -0.0 -0.0 -0.0 -0.0 -0.0 -0.0 -0.0 -0.0 -0.0 -0.0 -0.0 -0.0 -0.0 -45.19876403808594 -63.11378784179688 1.9950437545776367 -0.0 -0.0 -0.0 -1.0 -1.0 -1.0
2:546.7027 84.65002 251.4045 480.709 86.10716 246.4254 517.0229 87.13663 305.5105 516.809 87.57043 285.1254 479.509 83.63747 298.0254 569.309 81.98589 307.9254 568.709 81.01415 289.2254 544.509 81.98587 288.9256 544.809 81.98589 307.5254
1:-452.50897827148435 -631.4233824157715 19.188477630615235 0.13606847822666168 0.007124169263988733 -0.00604427931830287 -0.13674376904964447 -0.031960371881723404 0.011014118790626526 0.11528078466653824 -0.006937029305845499 -0.14666639268398285 -0.10125908255577087 -0.27861565351486206 -0.1849117875099182 0.23637156188488007 0.24953310191631317 -0.01769084669649601 -0.0411592461168766 0.0274584349244833 -0.17793402075767517 -450.8138134765625 -558.7382862548828 50.342798217773435 -449.16509155273434 -488.04456259155273 80.64357577514649 -447.63247680664057 -422.32927017211915 108.81049575805665 -445.890869140625 -302.9363532152004 140.818359375 -0.0 -0.0 -0.0 -558.1253051757812 -336.68255615234375 268.4281921386719 -333.65643310546875 -358.623046875 13.208540916442871 0.1299327313899994 -0.4632168710231781 -0.10859206318855286 -0.17795880138874054 -0.4182046949863434 -0.06265006214380264 0.2357580065727234 -0.2731213867664337 -0.16165882349014282 -0.3313094675540924 -0.26428550481796265 -0.09796171635389328 0.2612447142601013 -0.10255523771047592 -0.2529279887676239 -0.5127931833267212 -0.21075232326984406 -0.17911913990974426 0.35823309421539307 -0.08191198855638504 -0.371938019990921 -0.04426293075084686 -0.1861671507358551 -0.4735056459903717 -0.0 -0.0 -0.0 -0.0 -0.0 -0.0 -0.0 -0.0 -0.0 -0.0 -0.0 -0.0 -0.0 -0.0 -0.0 -0.0 -0.0 -0.0 -0.0 -0.0 -0.0 -0.0 -0.0 -0.0 -0.0 -0.0 -0.0 -0.0 -0.0 -0.0 -0.0 -0.0 -0.0 -0.0 -0.0 -0.0 -0.0 -0.0 -0.0 -0.0 -0.0 -0.0 -0.0 -0.0 -0.0 -0.0 -0.0 -0.0 -0.0 -0.0 -0.0 -0.0 -0.0 -0.0 -0.0 -0.0 -0.0 -0.0 -0.0 -0.0 -0.0 -0.0 -0.0 -0.0 -0.0 -0.0 -0.0 -0.0 -0.0 -0.0 -0.0 -0.0 -0.0 -0.0 -0.0 -0.0 -0.0 -0.0 -0.0 -0.0 -0.0 -0.0 -0.0 -0.0 -0.0 -0.0 -0.0 -0.0 -0.0 -0.0 -0.0 -0.0 -0.0 -0.0 -0.0 -0.0 -0.0 -0.0 -0.0 -0.0 -0.0 -0.0 -0.0 -0.0 -0.0 -0.0 -0.0 -0.0 -0.0 -0.0 -0.0 -0.0 -0.0 -0.0 -0.0 -0.0 -0.0 -0.0 -0.0 -0.0 -0.0 -0.0 -0.0 -0.0 -0.0 -0.0 -0.0 -0.0 -0.0 -0.0 -0.0 -0.0 -45.22994689941406 -63.13245849609375 1.9414857864379882 -0.0 -0.0 -0.0 -1.0 -1.0 -1.0
2:546.7027 84.65002 251.4045 480.709 86.10716 246.4254 517.0229 87.13663 305.5105 516.809 87.57043 285.1254 479.509 83.63747 298.0254 569.309 81.98589 307.9254 568.709 81.01415 289.2254 544.509 81.98587 288.9256 544.809 81.98589 307.5254
1:-452.72910385131837 -631.5243249511718 19.357426147460938 0.13627800345420837 0.007124684751033783 -0.005785264540463686 -0.13697731494903564 -0.03204472362995148 0.010790259577333927 0.11633573472499847 -0.015858106315135956 -0.15030065178871155 -0.10091758519411087 -0.2887439429759979 -0.18607503175735474 0.23791657388210297 0.2392766773700714 -0.020813748240470886 -0.041756026446819305 0.0203564316034317 -0.17608316242694855 -451.0141229248047 -558.82354296875 50.77205651855469 -449.34612777709964 -488.1145632324218 81.32601208496094 -447.7955970764161 -422.38508911132806 109.72828063964843 -446.03363037109375 -302.966406542384 142.0035858154297 -0.0 -0.0 -0.0 -558.3351440429688 -336.7523498535156 267.7737121582031 -333.7321472167969 -358.6326904296875 16.23346710205078 0.12996363639831543 -0.4633752405643463 -0.10897853970527649 -0.17814144492149353 -0.41825321316719055 -0.06294144690036774 0.2350478172302246 -0.2731322944164276 -0.16205480694770813 -0.33133816719055176 -0.2642701268196106 -0.09675859659910202 0.2608228325843811 -0.10225185006856918 -0.2547144591808319 -0.512802004814148 -0.2097821831703186 -0.17525680363178253 0.35975855588912964 -0.09953004866838455 -0.3773232698440552 -0.045685775578022 -0.19824613630771637 -0.47257140278816223 -0.0 -0.0 -0.0 -0.0 -0.0 -0.0 -0.0 -0.0 -0.0 -0.0 -0.0 -0.0 -0.0 -0.0 -0.0 -0.0 -0.0 -0.0 -0.0 -0.0 -0.0 -0.0 -0.0 -0.0 -0.0 -0.0 -0.0 -0.0 -0.0 -0.0 -0.0 -0.0 -0.0 -0.0 -0.0 -0.0 -0.0 -0.0 -0.0 -0.0 -0.0 -0.0 -0.0 -0.0 -0.0 -0.0 -0.0 -0.0 -0.0 -0.0 -0.0 -0.0 -0.0 -0.0 -0.0 -0.0 -0.0 -0.0 -0.0 -0.0 -0.0 -0.0 -0.0 -0.0 -0.0 -0.0 -0.0 -0.0 -0.0 -0.0 -0.0 -0.0 -0.0 -0.0 -0.0 -0.0 -0.0 -0.0 -0.0 -0.0 -0.0 -0.0 -0.0 -0.0 -0.0 -0.0 -0.0 -0.0 -0.0 -0.0 -0.0 -0.0 -0.0 -0.0 -0.0 -0.0 -0.0 -0.0 -0.0 -0.0 -0.0 -0.0 -0.0 -0.0 -0.0 -0.0 -0.0 -0.0 -0.0 -0.0 -0.0 -0.0 -0.0 -0.0 -0.0 -0.0 -0.0 -0.0 -0.0 -0.0 -0.0 -0.0 -0.0 -0.0 -0.0 -0.0 -0.0 -0.0 -0.0 -0.0 -0.0 -0.0 -45.26028137207031 -63.14957275390625 1.9177440643310546 -0.0 -0.0 -0.0 -1.0 -1.0 -1.0
2:546.7027 84.65002 251.4045 480.709 86.10716 246.4254 517.0229 87.13663 305.5105 516.809 87.57043 285.1254 479.509 83.63747 298.0254 569.309 81.98589 307.9254 568.709 81.01415 289.2254 544.509 81.98587 288.9256 544.809 81.98589 307.5254
1:-452.96034942626954 -631.6043032836914 19.761248989105223 0.13626734912395477 0.007075092755258083 -0.005838986951857805 -0.13696812093257904 -0.032012078911066055 0.010850941762328148 0.1161414310336113 -0.016637099906802177 -0.15016278624534607 -0.10093437880277634 -0.2894434928894043 -0.18653137981891632 0.23765186965465546 0.2404881864786148 -0.018747054040431976 -0.041678596287965775 0.018451320007443428 -0.1761454939842224 -451.21247973632813 -558.8906491699219 51.806572860717765 -449.512496887207 -488.1691499633789 82.973942653656 -447.9322311401367 -422.4280380249023 111.94642724990844 -446.136474609375 -302.9882116260643 144.8697052001953 -0.0 -0.0 -0.0 -558.4766235351562 -336.791015625 271.9158935546875 -333.7963562011719 -358.6534729003906 17.82350730895996 0.12965138256549835 -0.4633652865886688 -0.10981644690036774 -0.1787085384130478 -0.4180964231491089 -0.06402742862701416 0.23568424582481384 -0.2731519341468811 -0.16352586448192596 -0.3318861722946167 -0.2640799283981323 -0.10263732075691223 0.26099833846092224 -0.10234636813402176 -0.257022887468338 -0.5128173828125 -0.2096705585718155 -0.1886310577392578 0.35982486605644226 -0.09338197857141495 -0.37295231223106384 -0.04567685350775719 -0.1980046182870865 -0.4728747606277466 -0.0 -0.0 -0.0 -0.0 -0.0 -0.0 -0.0 -0.0 -0.0 -0.0 -0.0 -0.0 -0.0 -0.0 -0.0 -0.0 -0.0 -0.0 -0.0 -0.0 -0.0 -0.0 -0.0 -0.0 -0.0 -0.0 -0.0 -0.0 -0.0 -0.0 -0.0 -0.0 -0.0 -0.0 -0.0 -0.0 -0.0 -0.0 -0.0 -0.0 -0.0 -0.0 -0.0 -0.0 -0.0 -0.0 -0.0 -0.0 -0.0 -0.0 -0.0 -0.0 -0.0 -0.0 -0.0 -0.0 -0.0 -0.0 -0.0 -0.0 -0.0 -0.0 -0.0 -0.0 -0.0 -0.0 -0.0 -0.0 -0.0 -0.0 -0.0 -0.0 -0.0 -0.0 -0.0 -0.0 -0.0 -0.0 -0.0 -0.0 -0.0 -0.0 -0.0 -0.0 -0.0 -0.0 -0.0 -0.0 -0.0 -0.0 -0.0 -0.0 -0.0 -0.0 -0.0 -0.0 -0.0 -0.0 -0.0 -0.0 -0.0 -0.0 -0.0 -0.0 -0.0 -0.0 -0.0 -0.0 -0.0 -0.0 -0.0 -0.0 -0.0 -0.0 -0.0 -0.0 -0.0 -0.0 -0.0 -0.0 -0.0 -0.0 -0.0 -0.0 -0.0 -0.0 -0.0 -0.0 -0.0 -0.0 -0.0 -0.0 -45.288385009765626 -63.161981201171876 1.9285980224609376 -0.0 -0.0 -0.0 -1.0 -1.0 -1.0
2:546.7027 84.65002 251.4045 480.709 86.10716 246.4254 517.0229 87.13663 305.5105 516.809 87.57043 285.1254 479.509 83.63747 298.0254 569.309 81.98589 307.9254 568.709 81.01415 289.2254 544.509 81.98587 288.9256 544.809 81.98589 307.5254
1:-453.06676177978517 -631.6655314636231 20.40603406906128 0.13627561926841736 0.007046354468911886 -0.005837735254317522 -0.13698232173919678 -0.03198932483792305 0.01085279043763876 0.11587028205394745 -0.016921119764447212 -0.14924243092536926 -0.10076428949832916 -0.2906942665576935 -0.18655434250831604 0.2376427948474884 0.24101701378822327 -0.01820545457303524 -0.04130525141954422 0.01754636876285076 -0.17346644401550293 -451.3048303222656 -558.9444254150392 53.43636003112793 -449.59117095947266 -488.2156784362794 85.56174555587769 -447.9981918334961 -422.46782913208017 115.42477998733521 -446.18798828125 -303.0157621463615 149.36004638671875 -0.0 -0.0 -0.0 -558.5811157226562 -336.83941650390625 276.020263671875 -333.79486083984375 -358.6693115234375 22.699832916259766 0.12975957989692688 -0.46340176463127136 -0.11157035827636719 -0.17869819700717926 -0.4181143045425415 -0.06596008688211441 0.2358192354440689 -0.27327823638916016 -0.16600428521633148 -0.3317911624908447 -0.26395100355148315 -0.105302594602108 0.261116087436676 -0.10229327529668808 -0.26190438866615295 -0.5121672749519348 -0.20923416316509247 -0.1909104436635971 0.3597579300403595 -0.09014227241277695 -0.37074917554855347 -0.045550279319286346 -0.19717568159103394 -0.4682169556617737 -0.0 -0.0 -0.0 -0.0 -0.0 -0.0 -0.0 -0.0 -0.0 -0.0 -0.0 -0.0 -0.0 -0.0 -0.0 -0.0 -0.0 -0.0 -0.0 -0.0 -0.0 -0.0 -0.0 -0.0 -0.0 -0.0 -0.0 -0.0 -0.0 -0.0 -0.0 -0.0 -0.0 -0.0 -0.0 -0.0 -0.0 -0.0 -0.0 -0.0 -0.0 -0.0 -0.0 -0.0 -0.0 -0.0 -0.0 -0.0 -0.0 -0.0 -0.0 -0.0 -0.0 -0.0 -0.0 -0.0 -0.0 -0.0 -0.0 -0.0 -0.0 -0.0 -0.0 -0.0 -0.0 -0.0 -0.0 -0.0 -0.0 -0.0 -0.0 -0.0 -0.0 -0.0 -0.0 -0.0 -0.0 -0.0 -0.0 -0.0 -0.0 -0.0 -0.0 -0.0 -0.0 -0.0 -0.0 -0.0 -0.0 -0.0 -0.0 -0.0 -0.0 -0.0 -0.0 -0.0 -0.0 -0.0 -0.0 -0.0 -0.0 -0.0 -0.0 -0.0 -0.0 -0.0 -0.0 -0.0 -0.0 -0.0 -0.0 -0.0 -0.0 -0.0 -0.0 -0.0 -0.0 -0.0 -0.0 -0.0 -0.0 -0.0 -0.0 -0.0 -0.0 -0.0 -0.0 -0.0 -0.0 -0.0 -0.0 -0.0 -45.30855102539063 -63.17005615234375 1.9745712280273438 -0.0 -0.0 -0.0 -1.0 -1.0 -1.0
2:546.7027 84.65002 251.4045 480.709 86.10716 246.4254 517.0229 87.13663 305.5105 516.809 87.57043 285.1254 479.509 83.63747 298.0254 569.309 81.98589 307.9254 568.709 81.01415 289.2254 544.509 81.98587 288.9256 544.809 81.98589 307.5254
1:-452.93800354003906 -631.7738491821289 20.24331130981445 0.13628479838371277 0.007080813404172659 -0.005842484068125486 -0.13699102401733398 -0.03203104808926582 0.01085621491074562 0.11599241197109222 -0.016138369217514992 -0.14910034835338593 -0.10067856311798096 -0.29028943181037903 -0.18637658655643463 0.23773100972175598 0.24138382077217102 -0.018235061317682266 -0.04146042466163635 0.018134526908397675 -0.17347785830497742 -451.18763427734376 -559.0360280761718 53.02905090332031 -449.4852203369141 -488.2910239868163 84.9165510559082 -447.9026947021485 -422.52806243896475 114.55845260620117 -446.1043701171875 -303.0485392130778 148.242431640625 -0.0 -0.0 -0.0 -558.5074462890625 -336.9170227050781 272.97625732421875 -333.7012939453125 -358.6778259277344 23.50859832763672 0.12995178997516632 -0.4637356102466583 -0.11051035672426224 -0.17870467901229858 -0.4183156192302704 -0.06513030081987381 0.23584029078483582 -0.27371296286582947 -0.16449353098869324 -0.33186066150665283 -0.26444727182388306 -0.10176391154527664 0.261142760515213 -0.10237231850624084 -0.2592288851737976 -0.5123562812805176 -0.2092984914779663 -0.1816374510526657 0.35985416173934937 -0.08860994875431061 -0.370613694190979 -0.045732416212558746 -0.19646184146404266 -0.468270480632782 -0.0 -0.0 -0.0 -0.0 -0.0 -0.0 -0.0 -0.0 -0.0 -0.0 -0.0 -0.0 -0.0 -0.0 -0.0 -0.0 -0.0 -0.0 -0.0 -0.0 -0.0 -0.0 -0.0 -0.0 -0.0 -0.0 -0.0 -0.0 -0.0 -0.0 -0.0 -0.0 -0.0 -0.0 -0.0 -0.0 -0.0 -0.0 -0.0 -0.0 -0.0 -0.0 -0.0 -0.0 -0.0 -0.0 -0.0 -0.0 -0.0 -0.0 -0.0 -0.0 -0.0 -0.0 -0.0 -0.0 -0.0 -0.0 -0.0 -0.0 -0.0 -0.0 -0.0 -0.0 -0.0 -0.0 -0.0 -0.0 -0.0 -0.0 -0.0 -0.0 -0.0 -0.0 -0.0 -0.0 -0.0 -0.0 -0.0 -0.0 -0.0 -0.0 -0.0 -0.0 -0.0 -0.0 -0.0 -0.0 -0.0 -0.0 -0.0 -0.0 -0.0 -0.0 -0.0 -0.0 -0.0 -0.0 -0.0 -0.0 -0.0 -0.0 -0.0 -0.0 -0.0 -0.0 -0.0 -0.0 -0.0 -0.0 -0.0 -0.0 -0.0 -0.0 -0.0 -0.0 -0.0 -0.0 -0.0 -0.0 -0.0 -0.0 -0.0 -0.0 -0.0 -0.0 -0.0 -0.0 -0.0 -0.0 -0.0 -0.0 -45.31220397949219 -63.17894287109375 2.0042951583862303 -0.0 -0.0 -0.0 -1.0 -1.0 -1.0
2:546.7027 84.65002 251.4045 480.709 86.10716 246.4254 517.0229 87.13663 305.5105 516.809 87.57043 285.1254 479.509 83.63747 298.0254 569.309 81.98589 307.9254 568.709 81.01415 289.2254 544.509 81.98587 288.9256 544.809 81.98589 307.5254
1:-452.9675161743164 -631.7076174926758 20.117318420410157 0.13640418648719788 0.006982149090617895 -0.0058584678918123245 -0.1371103823184967 -0.03203199803829193 0.010891958139836788 0.11619517207145691 -0.025680970400571823 -0.14960266649723053 -0.10033596307039261 -0.3029697835445404 -0.18920809030532837 0.2380743771791458 0.23294425010681152 -0.0181533582508564 -0.04136083275079727 0.004563635215163231 -0.17530322074890137 -451.2088996582031 -558.9947653808595 52.73274621582031 -449.4984644165039 -488.27404620361335 84.45460064697266 -447.90848236083986 -422.53365936279306 113.94252166748048 -446.1016845703125 -303.0951503365339 147.45152282714844 -0.0 -0.0 -0.0 -558.4735717773438 -336.9527893066406 272.54095458984375 -333.72979736328125 -358.70458984375 22.362092971801758 0.1297793984413147 -0.4634473919868469 -0.11063899844884872 -0.17891159653663635 -0.41782069206237793 -0.06514416635036469 0.23632223904132843 -0.2732931077480316 -0.16610309481620789 -0.33084607124328613 -0.2618105709552765 -0.105075404047966 0.26073527336120605 -0.10184137523174286 -0.26243487000465393 -0.5092800855636597 -0.20683874189853668 -0.1967869997024536 0.3637555241584778 -0.10665013641119003 -0.370632141828537 -0.0456821583211422 -0.21598443388938904 -0.47306346893310547 -0.0 -0.0 -0.0 -0.0 -0.0 -0.0 -0.0 -0.0 -0.0 -0.0 -0.0 -0.0 -0.0 -0.0 -0.0 -0.0 -0.0 -0.0 -0.0 -0.0 -0.0 -0.0 -0.0 -0.0 -0.0 -0.0 -0.0 -0.0 -0.0 -0.0 -0.0 -0.0 -0.0 -0.0 -0.0 -0.0 -0.0 -0.0 -0.0 -0.0 -0.0 -0.0 -0.0 -0.0 -0.0 -0.0 -0.0 -0.0 -0.0 -0.0 -0.0 -0.0 -0.0 -0.0 -0.0 -0.0 -0.0 -0.0 -0.0 -0.0 -0.0 -0.0 -0.0 -0.0 -0.0 -0.0 -0.0 -0.0 -0.0 -0.0 -0.0 -0.0 -0.0 -0.0 -0.0 -0.0 -0.0 -0.0 -0.0 -0.0 -0.0 -0.0 -0.0 -0.0 -0.0 -0.0 -0.0 -0.0 -0.0 -0.0 -0.0 -0.0 -0.0 -0.0 -0.0 -0.0 -0.0 -0.0 -0.0 -0.0 -0.0 -0.0 -0.0 -0.0 -0.0 -0.0 -0.0 -0.0 -0.0 -0.0 -0.0 -0.0 -0.0 -0.0 -0.0 -0.0 -0.0 -0.0 -0.0 -0.0 -0.0 -0.0 -0.0 -0.0 -0.0 -0.0 -0.0 -0.0 -0.0 -0.0 -0.0 -0.0 -45.312493896484376 -63.1797607421875 2.0197004318237304 -0.0 -0.0 -0.0 -1.0 -1.0 -1.0
2:546.7027 84.65002 251.4045 480.709 86.10716 246.4254 517.0229 87.13663 305.5105 516.809 87.57043 285.1254 479.509 83.63747 298.0254 569.309 81.98589 307.9254 568.709 81.01415 289.2254 544.509 81.98587 288.9256 544.809 81.98589 307.5254
1:-452.9857518005371 -631.7219920349121 19.885876636505124 0.13637453317642212 0.006988519337028265 -0.005784635432064533 -0.13707534968852997 -0.032022714614868164 0.010819857008755207 0.11534501612186432 -0.017798664048314095 -0.14863117039203644 -0.10142763704061508 -0.29787230491638184 -0.18887029588222504 0.2380479872226715 0.24230633676052094 -0.01808309555053711 -0.04135549068450928 0.011153561063110828 -0.17604191601276398 -451.2212606201172 -559.0074356689453 52.1482272491455 -449.5051116638184 -488.2850589294433 83.52667784500122 -447.90981826782235 -422.5431312561035 112.69537839889526 -446.09698486328125 -303.10182281311404 145.8416290283203 -0.0 -0.0 -0.0 -558.4570922851562 -336.9707336425781 270.64520263671875 -333.73687744140625 -358.7020568847656 21.03804588317871 0.1297166496515274 -0.46340593695640564 -0.11029450595378876 -0.17852851748466492 -0.4178270995616913 -0.06509154289960861 0.2363787591457367 -0.2733091115951538 -0.1624184399843216 -0.33136510848999023 -0.26286581158638 -0.10442783683538437 0.2632009983062744 -0.10246249288320541 -0.2520770728588104 -0.5126826763153076 -0.2104777991771698 -0.19350937008857727 0.3634965121746063 -0.08378791064023972 -0.3704598546028137 -0.04558030888438225 -0.2053394466638565 -0.4756222069263458 -0.0 -0.0 -0.0 -0.0 -0.0 -0.0 -0.0 -0.0 -0.0 -0.0 -0.0 -0.0 -0.0 -0.0 -0.0 -0.0 -0.0 -0.0 -0.0 -0.0 -0.0 -0.0 -0.0 -0.0 -0.0 -0.0 -0.0 -0.0 -0.0 -0.0 -0.0 -0.0 -0.0 -0.0 -0.0 -0.0 -0.0 -0.0 -0.0 -0.0 -0.0 -0.0 -0.0 -0.0 -0.0 -0.0 -0.0 -0.0 -0.0 -0.0 -0.0 -0.0 -0.0 -0.0 -0.0 -0.0 -0.0 -0.0 -0.0 -0.0 -0.0 -0.0 -0.0 -0.0 -0.0 -0.0 -0.0 -0.0 -0.0 -0.0 -0.0 -0.0 -0.0 -0.0 -0.0 -0.0 -0.0 -0.0 -0.0 -0.0 -0.0 -0.0 -0.0 -0.0 -0.0 -0.0 -0.0 -0.0 -0.0 -0.0 -0.0 -0.0 -0.0 -0.0 -0.0 -0.0 -0.0 -0.0 -0.0 -0.0 -0.0 -0.0 -0.0 -0.0 -0.0 -0.0 -0.0 -0.0 -0.0 -0.0 -0.0 -0.0 -0.0 -0.0 -0.0 -0.0 -0.0 -0.0 -0.0 -0.0 -0.0 -0.0 -0.0 -0.0 -0.0 -0.0 -0.0 -0.0 -0.0 -0.0 -0.0 -0.0 -45.31014404296875 -63.179296875 2.016295051574707 -0.0 -0.0 -0.0 -1.0 -1.0 -1.0
2:546.7027 84.65002 251.4045 480.709 86.10716 246.4254 517.0229 87.13663 305.5105 516.809 87.57043 285.1254 479.509 83.63747 298.0254 569.309 81.98589 307.9254 568.709 81.01415 289.2254 544.509 81.98587 288.9256 544.809 81.98589 307.5254
1:-453.1178144836426 -631.7742204284668 20.003446865081788 0.13633258640766144 0.006966147571802139 -0.00582875357940793 -0.1370384395122528 -0.03188135474920273 0.010866379365324974 0.11353182047605515 -0.013252236880362034 -0.14634732902050018 -0.10227625072002411 -0.29006096720695496 -0.18789951503276825 0.2372342348098755 0.2484079748392105 -0.016455378383398056 -0.041313935071229935 0.01733730174601078 -0.17403441667556763 -451.31946545410153 -559.0489439697266 52.43835655212402 -449.5703862609863 -488.316140838623 83.98463857650756 -447.9444816589355 -422.5645210266113 113.30935144424438 -446.09686279296875 -303.10560370348173 146.6328887939453 -0.0 -0.0 -0.0 -558.4473266601562 -336.98553466796875 271.8282470703125 -333.7464294433594 -358.7080078125 21.43752098083496 0.12955574691295624 -0.46345338225364685 -0.11096610873937607 -0.17885366082191467 -0.41790029406547546 -0.06586392223834991 0.23684601485729218 -0.2734762728214264 -0.16285422444343567 -0.33144819736480713 -0.2628776729106903 -0.10543778538703918 0.26578405499458313 -0.10245336592197418 -0.2532711327075958 -0.5127081274986267 -0.21042285859584808 -0.19358837604522705 0.360289067029953 -0.0579109825193882 -0.36477068066596985 -0.045560333877801895 -0.18818750977516174 -0.46992477774620056 -0.0 -0.0 -0.0 -0.0 -0.0 -0.0 -0.0 -0.0 -0.0 -0.0 -0.0 -0.0 -0.0 -0.0 -0.0 -0.0 -0.0 -0.0 -0.0 -0.0 -0.0 -0.0 -0.0 -0.0 -0.0 -0.0 -0.0 -0.0 -0.0 -0.0 -0.0 -0.0 -0.0 -0.0 -0.0 -0.0 -0.0 -0.0 -0.0 -0.0 -0.0 -0.0 -0.0 -0.0 -0.0 -0.0 -0.0 -0.0 -0.0 -0.0 -0.0 -0.0 -0.0 -0.0 -0.0 -0.0 -0.0 -0.0 -0.0 -0.0 -0.0 -0.0 -0.0 -0.0 -0.0 -0.0 -0.0 -0.0 -0.0 -0.0 -0.0 -0.0 -0.0 -0.0 -0.0 -0.0 -0.0 -0.0 -0.0 -0.0 -0.0 -0.0 -0.0 -0.0 -0.0 -0.0 -0.0 -0.0 -0.0 -0.0 -0.0 -0.0 -0.0 -0.0 -0.0 -0.0 -0.0 -0.0 -0.0 -0.0 -0.0 -0.0 -0.0 -0.0 -0.0 -0.0 -0.0 -0.0 -0.0 -0.0 -0.0 -0.0 -0.0 -0.0 -0.0 -0.0 -0.0 -0.0 -0.0 -0.0 -0.0 -0.0 -0.0 -0.0 -0.0 -0.0 -0.0 -0.0 -0.0 -0.0 -0.0 -0.0 -45.31239013671875 -63.18011474609375 2.0140712738037108 -0.0 -0.0 -0.0 -1.0 -1.0 -1.0
2:546.7027 84.65002 251.4045 480.709 86.10716 246.4254 517.0229 87.13663 305.5105 516.809 87.57043 285.1254 479.509 83.63747 298.0254 569.309 81.98589 307.9254 568.709 81.01415 289.2254 544.509 81.98587 288.9256 544.809 81.98589 307.5254
1:-453.2441418457031 -631.9741461181641 20.086125564575195 0.13630381226539612 0.006967168301343918 -0.005853661801666021 -0.13701073825359344 -0.03187237307429314 0.010884174145758152 0.11394267529249191 -0.011298803612589836 -0.14610031247138977 -0.10156387835741043 -0.28467822074890137 -0.18651585280895233 0.2374303787946701 0.24977371096611023 -0.015866734087467194 -0.04082615301012993 0.020007560029625893 -0.1724971979856491 -451.41926660156247 -559.2012641601563 52.6316488647461 -449.6443879394531 -488.4221597900391 84.28551399230957 -447.99450073242184 -422.62749938964845 113.71023368835449 -446.11962890625 -303.09038502584673 147.1474151611328 -0.0 -0.0 -0.0 -558.4443359375 -336.9964294433594 272.7314758300781 -333.7949523925781 -358.72528076171875 21.563344955444336 0.1295294612646103 -0.4640273451805115 -0.11096635460853577 -0.17930075526237488 -0.4182392358779907 -0.06584152579307556 0.23684252798557281 -0.2743110656738281 -0.16287654638290405 -0.33257314562797546 -0.2646987736225128 -0.10372309386730194 0.26628467440605164 -0.10254082828760147 -0.2534228563308716 -0.5150641798973083 -0.21146149933338165 -0.18573488295078278 0.3602876365184784 -0.05842936411499977 -0.3641788363456726 -0.045344650745391846 -0.18487879633903503 -0.46749961376190186 -0.0 -0.0 -0.0 -0.0 -0.0 -0.0 -0.0 -0.0 -0.0 -0.0 -0.0 -0.0 -0.0 -0.0 -0.0 -0.0 -0.0 -0.0 -0.0 -0.0 -0.0 -0.0 -0.0 -0.0 -0.0 -0.0 -0.0 -0.0 -0.0 -0.0 -0.0 -0.0 -0.0 -0.0 -0.0 -0.0 -0.0 -0.0 -0.0 -0.0 -0.0 -0.0 -0.0 -0.0 -0.0 -0.0 -0.0 -0.0 -0.0 -0.0 -0.0 -0.0 -0.0 -0.0 -0.0 -0.0 -0.0 -0.0 -0.0 -0.0 -0.0 -0.0 -0.0 -0.0 -0.0 -0.0 -0.0 -0.0 -0.0 -0.0 -0.0 -0.0 -0.0 -0.0 -0.0 -0.0 -0.0 -0.0 -0.0 -0.0 -0.0 -0.0 -0.0 -0.0 -0.0 -0.0 -0.0 -0.0 -0.0 -0.0 -0.0 -0.0 -0.0 -0.0 -0.0 -0.0 -0.0 -0.0 -0.0 -0.0 -0.0 -0.0 -0.0 -0.0 -0.0 -0.0 -0.0 -0.0 -0.0 -0.0 -0.0 -0.0 -0.0 -0.0 -0.0 -0.0 -0.0 -0.0 -0.0 -0.0 -0.0 -0.0 -0.0 -0.0 -0.0 -0.0 -0.0 -0.0 -0.0 -0.0 -0.0 -0.0 -45.31892700195313 -63.189599609375 2.0115964889526365 -0.0 -0.0 -0.0 -1.0 -1.0 -1.0
2:546.7027 84.65002 251.4045 480.709 86.10716 246.4254 517.0229 87.13663 305.5105 516.809 87.57043 285.1254 479.509 83.63747 298.0254 569.309 81.98589 307.9254 568.709 81.01415 289.2254 544.509 81.98587 288.9256 544.809 81.98589 307.5254
1:-453.0880078125 -632.0193823242188 19.97025218963623 0.13628989458084106 0.007039195392280817 -0.005773832555860281 -0.13699790835380554 -0.031928423792123795 0.010811664164066315 0.1131921336054802 -0.01069087814539671 -0.14607585966587067 -0.10217650234699249 -0.2846975326538086 -0.18658819794654846 0.23668469488620758 0.2497667372226715 -0.017828280106186867 -0.041772399097681046 0.0201274324208498 -0.17271286249160767 -451.292806640625 -559.2153559570313 52.33462496948242 -449.54678906249995 -488.4059604492188 83.8123026046753 -447.92373046874997 -422.5831420898438 113.07324237823487 -446.079345703125 -302.99486975755514 146.32431030273438 -0.0 -0.0 -0.0 -558.4443359375 -337.05853271484375 270.9548034667969 -333.7143859863281 -358.51043701171875 21.693809509277344 0.13021217286586761 -0.46393021941185 -0.1101587638258934 -0.17824600636959076 -0.41843381524086 -0.06566114723682404 0.23732425272464752 -0.2740805149078369 -0.1610019952058792 -0.3312723934650421 -0.26475444436073303 -0.10293710976839066 0.26678696274757385 -0.10246144980192184 -0.2507403492927551 -0.5132827162742615 -0.21095170080661774 -0.1854504495859146 0.35841068625450134 -0.05920570343732834 -0.36725807189941406 -0.04587151110172272 -0.1849965900182724 -0.46839675307273865 -0.0 -0.0 -0.0 -0.0 -0.0 -0.0 -0.0 -0.0 -0.0 -0.0 -0.0 -0.0 -0.0 -0.0 -0.0 -0.0 -0.0 -0.0 -0.0 -0.0 -0.0 -0.0 -0.0 -0.0 -0.0 -0.0 -0.0 -0.0 -0.0 -0.0 -0.0 -0.0 -0.0 -0.0 -0.0 -0.0 -0.0 -0.0 -0.0 -0.0 -0.0 -0.0 -0.0 -0.0 -0.0 -0.0 -0.0 -0.0 -0.0 -0.0 -0.0 -0.0 -0.0 -0.0 -0.0 -0.0 -0.0 -0.0 -0.0 -0.0 -0.0 -0.0 -0.0 -0.0 -0.0 -0.0 -0.0 -0.0 -0.0 -0.0 -0.0 -0.0 -0.0 -0.0 -0.0 -0.0 -0.0 -0.0 -0.0 -0.0 -0.0 -0.0 -0.0 -0.0 -0.0 -0.0 -0.0 -0.0 -0.0 -0.0 -0.0 -0.0 -0.0 -0.0 -0.0 -0.0 -0.0 -0.0 -0.0 -0.0 -0.0 -0.0 -0.0 -0.0 -0.0 -0.0 -0.0 -0.0 -0.0 -0.0 -0.0 -0.0 -0.0 -0.0 -0.0 -0.0 -0.0 -0.0 -0.0 -0.0 -0.0 -0.0 -0.0 -0.0 -0.0 -0.0 -0.0 -0.0 -0.0 -0.0 -0.0 -0.0 -45.31602478027344 -63.198175048828126 2.002015495300293 -0.0 -0.0 -0.0 -1.0 -1.0 -1.0
2:546.7027 84.65002 251.4045 480.709 86.10716 246.4254 517.0229 87.13663 305.5105 516.809 87.57043 285.1254 479.509 83.63747 298.0254 569.309 81.98589 307.9254 568.709 81.01415 289.2254 544.509 81.98587 288.9256 544.809 81.98589 307.5254
1:-453.04675582885744 -632.0370065307617 19.652559928894046 0.13629166781902313 0.007059118244796991 -0.005737941712141037 -0.13699840009212494 -0.03196829557418823 0.010775379836559296 0.11321479082107544 -0.01016006339341402 -0.14517472684383392 -0.1022445484995842 -0.28503814339637756 -0.18653997778892517 0.2366323322057724 0.24968349933624268 -0.017628129571676254 -0.04199548438191414 0.02026830054819584 -0.1745549440383911 -451.26170666503907 -559.2198674316406 51.54754769897461 -449.52556295776367 -488.39771844482425 82.5687001876831 -447.9116828918457 -422.5630447387696 111.40526447296143 -446.0777282714844 -302.9532333648133 144.17408752441406 -0.0 -0.0 -0.0 -558.4756469726562 -337.0918273925781 266.6114196777344 -333.6798095703125 -358.40997314453125 21.736745834350586 0.1301344484090805 -0.463882178068161 -0.10945648699998856 -0.17797797918319702 -0.41841500997543335 -0.06539522856473923 0.23652739822864532 -0.2736242711544037 -0.16103316843509674 -0.3300131857395172 -0.2639175057411194 -0.10312338173389435 0.26279059052467346 -0.10247071087360382 -0.2508755922317505 -0.511282742023468 -0.2098642736673355 -0.18903915584087372 0.3590965270996094 -0.06344238668680191 -0.3675697445869446 -0.04583798721432686 -0.18623191118240356 -0.4719995856285095 -0.0 -0.0 -0.0 -0.0 -0.0 -0.0 -0.0 -0.0 -0.0 -0.0 -0.0 -0.0 -0.0 -0.0 -0.0 -0.0 -0.0 -0.0 -0.0 -0.0 -0.0 -0.0 -0.0 -0.0 -0.0 -0.0 -0.0 -0.0 -0.0 -0.0 -0.0 -0.0 -0.0 -0.0 -0.0 -0.0 -0.0 -0.0 -0.0 -0.0 -0.0 -0.0 -0.0 -0.0 -0.0 -0.0 -0.0 -0.0 -0.0 -0.0 -0.0 -0.0 -0.0 -0.0 -0.0 -0.0 -0.0 -0.0 -0.0 -0.0 -0.0 -0.0 -0.0 -0.0 -0.0 -0.0 -0.0 -0.0 -0.0 -0.0 -0.0 -0.0 -0.0 -0.0 -0.0 -0.0 -0.0 -0.0 -0.0 -0.0 -0.0 -0.0 -0.0 -0.0 -0.0 -0.0 -0.0 -0.0 -0.0 -0.0 -0.0 -0.0 -0.0 -0.0 -0.0 -0.0 -0.0 -0.0 -0.0 -0.0 -0.0 -0.0 -0.0 -0.0 -0.0 -0.0 -0.0 -0.0 -0.0 -0.0 -0.0 -0.0 -0.0 -0.0 -0.0 -0.0 -0.0 -0.0 -0.0 -0.0 -0.0 -0.0 -0.0 -0.0 -0.0 -0.0 -0.0 -0.0 -0.0 -0.0 -0.0 -0.0 -45.311895751953124 -63.204278564453126 1.9803987503051759 -0.0 -0.0 -0.0 -1.0 -1.0 -1.0
2:546.7027 84.65002 251.4045 480.709 86.10716 246.4254 517.0229 87.13663 305.5105 516.809 87.57043 285.1254 479.509 83.63747 298.0254 569.309 81.98589 307.9254 568.709 81.01415 289.2254 544.509 81.98587 288.9256 544.809 81.98589 307.5254
1:-453.04184967041016 -632.0515600585937 19.572947788238526 0.13619506359100342 0.007166457362473011 -0.005854594986885786 -0.13689979910850525 -0.03199620917439461 0.010881408117711544 0.11200739443302155 -0.007283832412213087 -0.14472845196723938 -0.10349702835083008 -0.28171783685684204 -0.185924232006073 0.23572418093681335 0.2541235685348511 -0.016371196135878563 -0.04236883670091629 0.022256046533584595 -0.1740899682044983 -451.2637712402344 -559.220265625 51.34257179260254 -449.5344072875977 -488.38434912109375 82.24179513931276 -447.92682952880864 -422.53687744140626 110.96501684188844 -446.10003662109375 -302.90381444142963 143.60504150390625 -0.0 -0.0 -0.0 -558.5015869140625 -337.1092224121094 267.54339599609375 -333.698486328125 -358.3111572265625 19.666677474975586 0.13014061748981476 -0.46387648582458496 -0.10968268662691116 -0.17783503234386444 -0.4184519648551941 -0.0652807429432869 0.2365575134754181 -0.2736252546310425 -0.16106978058815002 -0.33068013191223145 -0.2643726170063019 -0.10311726480722427 0.26368284225463867 -0.10250779986381531 -0.2506604492664337 -0.513522207736969 -0.21017183363437653 -0.18845348060131073 0.3567483425140381 -0.05426209419965744 -0.365358829498291 -0.046219293028116226 -0.18169882893562317 -0.4713210165500641 -0.0 -0.0 -0.0 -0.0 -0.0 -0.0 -0.0 -0.0 -0.0 -0.0 -0.0 -0.0 -0.0 -0.0 -0.0 -0.0 -0.0 -0.0 -0.0 -0.0 -0.0 -0.0 -0.0 -0.0 -0.0 -0.0 -0.0 -0.0 -0.0 -0.0 -0.0 -0.0 -0.0 -0.0 -0.0 -0.0 -0.0 -0.0 -0.0 -0.0 -0.0 -0.0 -0.0 -0.0 -0.0 -0.0 -0.0 -0.0 -0.0 -0.0 -0.0 -0.0 -0.0 -0.0 -0.0 -0.0 -0.0 -0.0 -0.0 -0.0 -0.0 -0.0 -0.0 -0.0 -0.0 -0.0 -0.0 -0.0 -0.0 -0.0 -0.0 -0.0 -0.0 -0.0 -0.0 -0.0 -0.0 -0.0 -0.0 -0.0 -0.0 -0.0 -0.0 -0.0 -0.0 -0.0 -0.0 -0.0 -0.0 -0.0 -0.0 -0.0 -0.0 -0.0 -0.0 -0.0 -0.0 -0.0 -0.0 -0.0 -0.0 -0.0 -0.0 -0.0 -0.0 -0.0 -0.0 -0.0 -0.0 -0.0 -0.0 -0.0 -0.0 -0.0 -0.0 -0.0 -0.0 -0.0 -0.0 -0.0 -0.0 -0.0 -0.0 -0.0 -0.0 -0.0 -0.0 -0.0 -0.0 -0.0 -0.0 -0.0 -45.308837890625 -63.20831298828125 1.9640092849731445 -0.0 -0.0 -0.0 -1.0 -1.0 -1.0
2:546.7027 84.65002 251.4045 480.709 86.10716 246.4254 517.0229 87.13663 305.5105 516.809 87.57043 285.1254 479.509 83.63747 298.0254 569.309 81.98589 307.9254 568.709 81.01415 289.2254 544.509 81.98587 288.9256 544.809 81.98589 307.5254
1:-453.0314179992676 -632.0979885864258 19.90797143936157 0.1362159550189972 0.006990359630435705 -0.005996559746563435 -0.13692601025104523 -0.03184635937213898 0.011041946709156036 0.11258872598409653 -0.010174297727644444 -0.14396728575229645 -0.10271231830120087 -0.28415849804878235 -0.1860949695110321 0.23775526881217957 0.2500826418399811 -0.013721376657485962 -0.039732467383146286 0.020441588014364243 -0.17411178350448608 -451.23873645019535 -559.2754226074219 52.19461268615723 -449.49516946411137 -488.4479954223633 83.59668841934204 -447.8743888854981 -422.608415222168 112.78735036849976 -446.0325927734375 -302.98968962709347 145.95855712890625 -0.0 -0.0 -0.0 -558.4935302734375 -337.13818359375 270.9789733886719 -333.5716247558594 -358.4432678222656 20.938152313232422 0.1299293339252472 -0.46385258436203003 -0.11128723621368408 -0.1786215752363205 -0.4183889329433441 -0.06688492000102997 0.2370903640985489 -0.2736632823944092 -0.16650989651679993 -0.33140742778778076 -0.26392537355422974 -0.1105489581823349 0.264414519071579 -0.102391317486763 -0.2613182067871094 -0.5130348801612854 -0.20914028584957123 -0.20317843556404114 0.3614864945411682 -0.06092243641614914 -0.36154553294181824 -0.04241419956088066 -0.18463991582393646 -0.47091570496559143 -0.0 -0.0 -0.0 -0.0 -0.0 -0.0 -0.0 -0.0 -0.0 -0.0 -0.0 -0.0 -0.0 -0.0 -0.0 -0.0 -0.0 -0.0 -0.0 -0.0 -0.0 -0.0 -0.0 -0.0 -0.0 -0.0 -0.0 -0.0 -0.0 -0.0 -0.0 -0.0 -0.0 -0.0 -0.0 -0.0 -0.0 -0.0 -0.0 -0.0 -0.0 -0.0 -0.0 -0.0 -0.0 -0.0 -0.0 -0.0 -0.0 -0.0 -0.0 -0.0 -0.0 -0.0 -0.0 -0.0 -0.0 -0.0 -0.0 -0.0 -0.0 -0.0 -0.0 -0.0 -0.0 -0.0 -0.0 -0.0 -0.0 -0.0 -0.0 -0.0 -0.0 -0.0 -0.0 -0.0 -0.0 -0.0 -0.0 -0.0 -0.0 -0.0 -0.0 -0.0 -0.0 -0.0 -0.0 -0.0 -0.0 -0.0 -0.0 -0.0 -0.0 -0.0 -0.0 -0.0 -0.0 -0.0 -0.0 -0.0 -0.0 -0.0 -0.0 -0.0 -0.0 -0.0 -0.0 -0.0 -0.0 -0.0 -0.0 -0.0 -0.0 -0.0 -0.0 -0.0 -0.0 -0.0 -0.0 -0.0 -0.0 -0.0 -0.0 -0.0 -0.0 -0.0 -0.0 -0.0 -0.0 -0.0 -0.0 -0.0 -45.30591735839844 -63.212286376953124 1.9724279403686524 -0.0 -0.0 -0.0 -1.0 -1.0 -1.0
2:546.7027 84.65002 251.4045 480.709 86.10716 246.4254 517.0229 87.13663 305.5105 516.809 87.57043 285.1254 479.509 83.63747 298.0254 569.309 81.98589 307.9254 568.709 81.01415 289.2254 544.509 81.98587 288.9256 544.809 81.98589 307.5254
1:-452.95996200561524 -632.004672241211 20.019145298004148 0.13644777238368988 0.006982448976486921 -0.005915129091590643 -0.13715589046478271 -0.031954120844602585 0.010993131436407566 0.11319106817245483 -0.021638566628098488 -0.14630845189094543 -0.10264140367507935 -0.29934602975845337 -0.18842774629592896 0.23774263262748718 0.23692643642425537 -0.013929388485848904 -0.0412309430539608 0.009148728102445602 -0.1745413988828659 -451.18541906738284 -559.2255346679688 52.494531021118156 -449.45949374389653 -488.44034606933593 84.08018014907836 -447.8551124572754 -422.64002990722656 113.44148778915404 -446.0319519042969 -303.0926400373082 146.80661010742188 -0.0 -0.0 -0.0 -558.5232543945312 -337.1739807128906 272.23956298828125 -333.5406494140625 -358.5599060058594 21.373668670654297 0.13008049130439758 -0.46300438046455383 -0.11115922033786774 -0.1784728467464447 -0.41816869378089905 -0.06674205511808395 0.23686128854751587 -0.27100712060928345 -0.1664777547121048 -0.32908740639686584 -0.2611582279205322 -0.11075320839881897 0.2605881094932556 -0.10143910348415375 -0.2616318464279175 -0.505837082862854 -0.2054840326309204 -0.20841772854328156 0.3620857000350952 -0.10233377665281296 -0.3643442690372467 -0.045554645359516144 -0.20970125496387482 -0.4739110767841339 -0.0 -0.0 -0.0 -0.0 -0.0 -0.0 -0.0 -0.0 -0.0 -0.0 -0.0 -0.0 -0.0 -0.0 -0.0 -0.0 -0.0 -0.0 -0.0 -0.0 -0.0 -0.0 -0.0 -0.0 -0.0 -0.0 -0.0 -0.0 -0.0 -0.0 -0.0 -0.0 -0.0 -0.0 -0.0 -0.0 -0.0 -0.0 -0.0 -0.0 -0.0 -0.0 -0.0 -0.0 -0.0 -0.0 -0.0 -0.0 -0.0 -0.0 -0.0 -0.0 -0.0 -0.0 -0.0 -0.0 -0.0 -0.0 -0.0 -0.0 -0.0 -0.0 -0.0 -0.0 -0.0 -0.0 -0.0 -0.0 -0.0 -0.0 -0.0 -0.0 -0.0 -0.0 -0.0 -0.0 -0.0 -0.0 -0.0 -0.0 -0.0 -0.0 -0.0 -0.0 -0.0 -0.0 -0.0 -0.0 -0.0 -0.0 -0.0 -0.0 -0.0 -0.0 -0.0 -0.0 -0.0 -0.0 -0.0 -0.0 -0.0 -0.0 -0.0 -0.0 -0.0 -0.0 -0.0 -0.0 -0.0 -0.0 -0.0 -0.0 -0.0 -0.0 -0.0 -0.0 -0.0 -0.0 -0.0 -0.0 -0.0 -0.0 -0.0 -0.0 -0.0 -0.0 -0.0 -0.0 -0.0 -0.0 -0.0 -0.0 -45.29977722167969 -63.209344482421876 1.9848417282104491 -0.0 -0.0 -0.0 -1.0 -1.0 -1.0
2:546.7027 84.65002 251.4045 480.709 86.10716 246.4254 517.0229 87.13663 305.5105 516.809 87.57043 285.1254 479.509 83.63747 298.0254 569.309 81.98589 307.9254 568.709 81.01415 289.2254 544.509 81.98587 288.9256 544.809 81.98589 307.5254
1:-452.7958044433594 -631.8616690063477 19.54303852081299 0.13659995794296265 0.0069812326692044735 -0.005730521399527788 -0.13731995224952698 -0.03200221434235573 0.010832032188773155 0.11348118633031845 -0.02321176789700985 -0.14860360324382782 -0.10254421085119247 -0.3014485538005829 -0.18949802219867706 0.23853015899658203 0.23467367887496948 -0.021149521693587303 -0.04133220016956329 0.009608728811144829 -0.1759115606546402 -451.0574384765625 -559.1290876464844 51.304990875244144 -449.36669897460933 -488.3891797485352 82.19675275421143 -447.7950256347656 -422.6309555053711 110.91303844451905 -446.009033203125 -303.1600391136672 143.54518127441406 -0.0 -0.0 -0.0 -558.5079956054688 -337.2098083496094 265.9573059082031 -333.51007080078125 -358.60162353515625 21.133045196533203 0.13032180070877075 -0.46299248933792114 -0.10959192365407944 -0.1779443919658661 -0.4181922376155853 -0.06569147109985352 0.2367607206106186 -0.2706165909767151 -0.16357079148292542 -0.3266220986843109 -0.2601596415042877 -0.10695720463991165 0.2602650225162506 -0.10096544027328491 -0.2579236924648285 -0.5029866099357605 -0.20279887318611145 -0.20210379362106323 0.3637387752532959 -0.10273275524377823 -0.375885546207428 -0.045657794922590256 -0.20915359258651733 -0.47558411955833435 -0.0 -0.0 -0.0 -0.0 -0.0 -0.0 -0.0 -0.0 -0.0 -0.0 -0.0 -0.0 -0.0 -0.0 -0.0 -0.0 -0.0 -0.0 -0.0 -0.0 -0.0 -0.0 -0.0 -0.0 -0.0 -0.0 -0.0 -0.0 -0.0 -0.0 -0.0 -0.0 -0.0 -0.0 -0.0 -0.0 -0.0 -0.0 -0.0 -0.0 -0.0 -0.0 -0.0 -0.0 -0.0 -0.0 -0.0 -0.0 -0.0 -0.0 -0.0 -0.0 -0.0 -0.0 -0.0 -0.0 -0.0 -0.0 -0.0 -0.0 -0.0 -0.0 -0.0 -0.0 -0.0 -0.0 -0.0 -0.0 -0.0 -0.0 -0.0 -0.0 -0.0 -0.0 -0.0 -0.0 -0.0 -0.0 -0.0 -0.0 -0.0 -0.0 -0.0 -0.0 -0.0 -0.0 -0.0 -0.0 -0.0 -0.0 -0.0 -0.0 -0.0 -0.0 -0.0 -0.0 -0.0 -0.0 -0.0 -0.0 -0.0 -0.0 -0.0 -0.0 -0.0 -0.0 -0.0 -0.0 -0.0 -0.0 -0.0 -0.0 -0.0 -0.0 -0.0 -0.0 -0.0 -0.0 -0.0 -0.0 -0.0 -0.0 -0.0 -0.0 -0.0 -0.0 -0.0 -0.0 -0.0 -0.0 -0.0 -0.0 -45.28769226074219 -63.198779296875 1.9706193923950195 -0.0 -0.0 -0.0 -1.0 -1.0 -1.0
2:546.7027 84.65002 251.4045 480.709 86.10716 246.4254 517.0229 87.13663 305.5105 516.809 87.57043 285.1254 479.509 83.63747 298.0254 569.309 81.98589 307.9254 568.709 81.01415 289.2254 544.509 81.98587 288.9256 544.809 81.98589 307.5254
1:-452.66960083007814 -631.7312493896484 19.33253511428833 0.13659709692001343 0.0070191640406847 -0.0059418343007564545 -0.13731762766838074 -0.032006390392780304 0.01104301493614912 0.11164310574531555 -0.021402359008789062 -0.14825308322906494 -0.10560565441846848 -0.29866814613342285 -0.1894567459821701 0.23670776188373566 0.2395734190940857 -0.018647117540240288 -0.04325391724705696 0.010812340304255486 -0.17574162781238556 -450.95347705078126 -559.0231157226563 50.776502883911135 -449.2843703613281 -488.30698571777344 81.35899208450317 -447.73280639648436 -422.5708648681641 109.78778486251831 -445.96966552734375 -303.1401063839118 142.09323120117188 -0.0 -0.0 -0.0 -558.4476318359375 -337.2064514160156 264.459716796875 -333.4916687011719 -358.53497314453125 19.726741790771484 0.13050511479377747 -0.46302878856658936 -0.1096842885017395 -0.17790725827217102 -0.41826894879341125 -0.0654781386256218 0.2380591183900833 -0.2706993520259857 -0.16365210711956024 -0.3266885280609131 -0.26018816232681274 -0.1062435507774353 0.2621076703071594 -0.10096164047718048 -0.2578980624675751 -0.5046420097351074 -0.20286825299263 -0.1992265284061432 0.36000725626945496 -0.08127057552337646 -0.36920493841171265 -0.04733254760503769 -0.20237648487091064 -0.474528431892395 -0.0 -0.0 -0.0 -0.0 -0.0 -0.0 -0.0 -0.0 -0.0 -0.0 -0.0 -0.0 -0.0 -0.0 -0.0 -0.0 -0.0 -0.0 -0.0 -0.0 -0.0 -0.0 -0.0 -0.0 -0.0 -0.0 -0.0 -0.0 -0.0 -0.0 -0.0 -0.0 -0.0 -0.0 -0.0 -0.0 -0.0 -0.0 -0.0 -0.0 -0.0 -0.0 -0.0 -0.0 -0.0 -0.0 -0.0 -0.0 -0.0 -0.0 -0.0 -0.0 -0.0 -0.0 -0.0 -0.0 -0.0 -0.0 -0.0 -0.0 -0.0 -0.0 -0.0 -0.0 -0.0 -0.0 -0.0 -0.0 -0.0 -0.0 -0.0 -0.0 -0.0 -0.0 -0.0 -0.0 -0.0 -0.0 -0.0 -0.0 -0.0 -0.0 -0.0 -0.0 -0.0 -0.0 -0.0 -0.0 -0.0 -0.0 -0.0 -0.0 -0.0 -0.0 -0.0 -0.0 -0.0 -0.0 -0.0 -0.0 -0.0 -0.0 -0.0 -0.0 -0.0 -0.0 -0.0 -0.0 -0.0 -0.0 -0.0 -0.0 -0.0 -0.0 -0.0 -0.0 -0.0 -0.0 -0.0 -0.0 -0.0 -0.0 -0.0 -0.0 -0.0 -0.0 -0.0 -0.0 -0.0 -0.0 -0.0 -0.0 -45.273919677734376 -63.184356689453125 1.9503026962280274 -0.0 -0.0 -0.0 -1.0 -1.0 -1.0
2:546.7027 84.65002 251.4045 480.709 86.10716 246.4254 517.0229 87.13663 305.5105 516.809 87.57043 285.1254 479.509 83.63747 298.0254 569.309 81.98589 307.9254 568.709 81.01415 289.2254 544.509 81.98587 288.9256 544.809 81.98589 307.5254
1:-452.87206954956054 -631.6374932861328 18.786657848358157 0.13659998774528503 0.007026195991784334 -0.005982203874737024 -0.13731949031352997 -0.03205746039748192 0.011083146557211876 0.11379806697368622 -0.021040761843323708 -0.1491401195526123 -0.10484094172716141 -0.29832515120506287 -0.18956111371517181 0.2417641431093216 0.23902985453605652 -0.02024226263165474 -0.04209692031145096 0.011199469678103924 -0.1821279078722 -451.1374395751953 -558.9456669921875 49.41274235534668 -449.45033370971674 -488.24539758300784 79.19975605392456 -447.882038116455 -422.52402038574223 106.88909273147583 -446.0998840332031 -303.12004847726416 138.354248046875 -0.0 -0.0 -0.0 -558.4686279296875 -337.1873779296875 263.3377990722656 -333.73114013671875 -358.4939270019531 13.370695114135742 0.1299547553062439 -0.46299073100090027 -0.10902180522680283 -0.1779087483882904 -0.41816917061805725 -0.06326369196176529 0.23739485442638397 -0.2705613672733307 -0.1630742847919464 -0.3272791802883148 -0.26021525263786316 -0.1033858135342598 0.2616809010505676 -0.1011250913143158 -0.2549978494644165 -0.5072991251945496 -0.20308168232440948 -0.19518782198429108 0.3693004548549652 -0.0894806832075119 -0.37442395091056824 -0.04470455273985863 -0.2033449113368988 -0.48420044779777527 -0.0 -0.0 -0.0 -0.0 -0.0 -0.0 -0.0 -0.0 -0.0 -0.0 -0.0 -0.0 -0.0 -0.0 -0.0 -0.0 -0.0 -0.0 -0.0 -0.0 -0.0 -0.0 -0.0 -0.0 -0.0 -0.0 -0.0 -0.0 -0.0 -0.0 -0.0 -0.0 -0.0 -0.0 -0.0 -0.0 -0.0 -0.0 -0.0 -0.0 -0.0 -0.0 -0.0 -0.0 -0.0 -0.0 -0.0 -0.0 -0.0 -0.0 -0.0 -0.0 -0.0 -0.0 -0.0 -0.0 -0.0 -0.0 -0.0 -0.0 -0.0 -0.0 -0.0 -0.0 -0.0 -0.0 -0.0 -0.0 -0.0 -0.0 -0.0 -0.0 -0.0 -0.0 -0.0 -0.0 -0.0 -0.0 -0.0 -0.0 -0.0 -0.0 -0.0 -0.0 -0.0 -0.0 -0.0 -0.0 -0.0 -0.0 -0.0 -0.0 -0.0 -0.0 -0.0 -0.0 -0.0 -0.0 -0.0 -0.0 -0.0 -0.0 -0.0 -0.0 -0.0 -0.0 -0.0 -0.0 -0.0 -0.0 -0.0 -0.0 -0.0 -0.0 -0.0 -0.0 -0.0 -0.0 -0.0 -0.0 -0.0 -0.0 -0.0 -0.0 -0.0 -0.0 -0.0 -0.0 -0.0 -0.0 -0.0 -0.0 -45.2759033203125 -63.170159912109376 1.9107418060302734 -0.0 -0.0 -0.0 -1.0 -1.0 -1.0
2:546.7027 84.65002 251.4045 480.709 86.10716 246.4254 517.0229 87.13663 305.5105 516.809 87.57043 285.1254 479.509 83.63747 298.0254 569.309 81.98589 307.9254 568.709 81.01415 289.2254 544.509 81.98587 288.9256 544.809 81.98589 307.5254
1:-453.0686502075195 -631.7158895874023 18.701406021118164 0.1366029530763626 0.006956499069929123 -0.00616808608174324 -0.1373235285282135 -0.032014522701501846 0.011242241598665714 0.11613839864730835 -0.020722243934869766 -0.14916254580020905 -0.1023988351225853 -0.2977033257484436 -0.1898287534713745 0.24426333606243134 0.23924927413463593 -0.02012679912149906 -0.03915117681026459 0.011527370661497116 -0.18483060598373413 -451.2996611328125 -559.0179279785157 49.201409973144536 -449.579137512207 -488.3116913452149 78.86579737854004 -447.97977752685546 -422.584767150879 106.4411434173584 -446.1623229980469 -303.1707173421711 137.77676391601562 -0.0 -0.0 -0.0 -558.4786987304688 -337.1800231933594 264.7514953613281 -333.845947265625 -358.610107421875 10.802018165588379 0.12930810451507568 -0.46308472752571106 -0.1094694435596466 -0.17901763319969177 -0.41817358136177063 -0.06326872855424881 0.23737011849880219 -0.27112460136413574 -0.16502797603607178 -0.3307863473892212 -0.260439932346344 -0.10207118839025497 0.2613965570926666 -0.10103625804185867 -0.25669366121292114 -0.5116536021232605 -0.20311303436756134 -0.18560878932476044 0.37543296813964844 -0.08880583196878433 -0.3741076588630676 -0.03967414051294327 -0.2030147910118103 -0.4842565059661865 -0.0 -0.0 -0.0 -0.0 -0.0 -0.0 -0.0 -0.0 -0.0 -0.0 -0.0 -0.0 -0.0 -0.0 -0.0 -0.0 -0.0 -0.0 -0.0 -0.0 -0.0 -0.0 -0.0 -0.0 -0.0 -0.0 -0.0 -0.0 -0.0 -0.0 -0.0 -0.0 -0.0 -0.0 -0.0 -0.0 -0.0 -0.0 -0.0 -0.0 -0.0 -0.0 -0.0 -0.0 -0.0 -0.0 -0.0 -0.0 -0.0 -0.0 -0.0 -0.0 -0.0 -0.0 -0.0 -0.0 -0.0 -0.0 -0.0 -0.0 -0.0 -0.0 -0.0 -0.0 -0.0 -0.0 -0.0 -0.0 -0.0 -0.0 -0.0 -0.0 -0.0 -0.0 -0.0 -0.0 -0.0 -0.0 -0.0 -0.0 -0.0 -0.0 -0.0 -0.0 -0.0 -0.0 -0.0 -0.0 -0.0 -0.0 -0.0 -0.0 -0.0 -0.0 -0.0 -0.0 -0.0 -0.0 -0.0 -0.0 -0.0 -0.0 -0.0 -0.0 -0.0 -0.0 -0.0 -0.0 -0.0 -0.0 -0.0 -0.0 -0.0 -0.0 -0.0 -0.0 -0.0 -0.0 -0.0 -0.0 -0.0 -0.0 -0.0 -0.0 -0.0 -0.0 -0.0 -0.0 -0.0 -0.0 -0.0 -0.0 -45.28872375488281 -63.16572875976563 1.8807575225830078 -0.0 -0.0 -0.0 -1.0 -1.0 -1.0
2:546.7027 84.65002 251.4045 480.709 86.10716 246.4254 517.0229 87.13663 305.5105 516.809 87.57043 285.1254 479.509 83.63747 298.0254 569.309 81.98589 307.9254 568.709 81.01415 289.2254 544.509 81.98587 288.9256 544.809 81.98589 307.5254
1:-453.10624633789064 -631.7069946289063 18.58703691482544 0.13658152520656586 0.0070810639299452305 -0.006166092120110989 -0.13730448484420776 -0.032119426876306534 0.011243370361626148 0.11406996101140976 -0.020230744034051895 -0.14911207556724548 -0.10304290056228638 -0.29735371470451355 -0.1892540454864502 0.2401701658964157 0.2397555559873581 -0.020797796547412872 -0.04224948585033417 0.011825121007859707 -0.17855943739414215 -451.34200244140624 -559.0151416015625 48.91025373840333 -449.6260939941406 -488.3148461914063 78.40269749832154 -448.03102416992186 -422.59344482421875 105.81820859909058 -446.21844482421875 -303.1894290033215 136.97219848632812 -0.0 -0.0 -0.0 -558.4879150390625 -337.1671142578125 264.8777770996094 -333.9490051269531 -358.6529846191406 9.066614151000977 0.1298222541809082 -0.4631078839302063 -0.10895367711782455 -0.1776464581489563 -0.4182033836841583 -0.062335070222616196 0.2368575930595398 -0.27088430523872375 -0.1640084683895111 -0.3277282118797302 -0.2600683569908142 -0.10005275905132294 0.26056158542633057 -0.10058894753456116 -0.25650158524513245 -0.5075888633728027 -0.20273877680301666 -0.18379032611846924 0.3634779453277588 -0.08578994125127792 -0.3741782009601593 -0.046091146767139435 -0.20201845467090607 -0.47705531120300293 -0.0 -0.0 -0.0 -0.0 -0.0 -0.0 -0.0 -0.0 -0.0 -0.0 -0.0 -0.0 -0.0 -0.0 -0.0 -0.0 -0.0 -0.0 -0.0 -0.0 -0.0 -0.0 -0.0 -0.0 -0.0 -0.0 -0.0 -0.0 -0.0 -0.0 -0.0 -0.0 -0.0 -0.0 -0.0 -0.0 -0.0 -0.0 -0.0 -0.0 -0.0 -0.0 -0.0 -0.0 -0.0 -0.0 -0.0 -0.0 -0.0 -0.0 -0.0 -0.0 -0.0 -0.0 -0.0 -0.0 -0.0 -0.0 -0.0 -0.0 -0.0 -0.0 -0.0 -0.0 -0.0 -0.0 -0.0 -0.0 -0.0 -0.0 -0.0 -0.0 -0.0 -0.0 -0.0 -0.0 -0.0 -0.0 -0.0 -0.0 -0.0 -0.0 -0.0 -0.0 -0.0 -0.0 -0.0 -0.0 -0.0 -0.0 -0.0 -0.0 -0.0 -0.0 -0.0 -0.0 -0.0 -0.0 -0.0 -0.0 -0.0 -0.0 -0.0 -0.0 -0.0 -0.0 -0.0 -0.0 -0.0 -0.0 -0.0 -0.0 -0.0 -0.0 -0.0 -0.0 -0.0 -0.0 -0.0 -0.0 -0.0 -0.0 -0.0 -0.0 -0.0 -0.0 -0.0 -0.0 -0.0 -0.0 -0.0 -0.0 -45.30009460449219 -63.16392211914062 1.8566755294799804 -0.0 -0.0 -0.0 -1.0 -1.0 -1.0
2:546.7027 84.65002 251.4045 480.709 86.10716 246.4254 517.0229 87.13663 305.5105 516.809 87.57043 285.1254 479.509 83.63747 298.0254 569.309 81.98589 307.9254 568.709 81.01415 289.2254 544.509 81.98587 288.9256 544.809 81.98589 307.5254
1:-453.15847869873045 -631.7103051757813 18.802645988464356 0.13665977120399475 0.0069891768507659435 -0.006283837370574474 -0.13738547265529633 -0.032112058252096176 0.011390596628189087 0.11473728716373444 -0.026868155226111412 -0.14917980134487152 -0.10219442844390869 -0.30453604459762573 -0.18956980109214783 0.24084632098674774 0.23239368200302124 -0.01942146196961403 -0.04177294671535492 0.004307867959141731 -0.17812074720859528 -451.39015795898433 -559.0252958984375 49.469742034912116 -449.6702843627929 -488.3316567382813 79.29664366912843 -448.0715286254882 -422.6164428710938 107.02305927276612 -446.2547607421875 -303.22366862953777 138.5303497314453 -0.0 -0.0 -0.0 -558.5126342773438 -337.1487731933594 268.4910888671875 -333.9968566894531 -358.7313232421875 8.569602012634277 0.12964549660682678 -0.4629307687282562 -0.10996946692466736 -0.17826934158802032 -0.41782188415527344 -0.06274755299091339 0.23690290749073029 -0.27086564898490906 -0.1681845784187317 -0.32923179864883423 -0.25944024324417114 -0.10300806164741516 0.26008936762809753 -0.10055994242429733 -0.2648988962173462 -0.5076451301574707 -0.20246705412864685 -0.1923854798078537 0.36488106846809387 -0.10331473499536514 -0.3715648651123047 -0.045970186591148376 -0.2127862274646759 -0.4764757454395294 -0.0 -0.0 -0.0 -0.0 -0.0 -0.0 -0.0 -0.0 -0.0 -0.0 -0.0 -0.0 -0.0 -0.0 -0.0 -0.0 -0.0 -0.0 -0.0 -0.0 -0.0 -0.0 -0.0 -0.0 -0.0 -0.0 -0.0 -0.0 -0.0 -0.0 -0.0 -0.0 -0.0 -0.0 -0.0 -0.0 -0.0 -0.0 -0.0 -0.0 -0.0 -0.0 -0.0 -0.0 -0.0 -0.0 -0.0 -0.0 -0.0 -0.0 -0.0 -0.0 -0.0 -0.0 -0.0 -0.0 -0.0 -0.0 -0.0 -0.0 -0.0 -0.0 -0.0 -0.0 -0.0 -0.0 -0.0 -0.0 -0.0 -0.0 -0.0 -0.0 -0.0 -0.0 -0.0 -0.0 -0.0 -0.0 -0.0 -0.0 -0.0 -0.0 -0.0 -0.0 -0.0 -0.0 -0.0 -0.0 -0.0 -0.0 -0.0 -0.0 -0.0 -0.0 -0.0 -0.0 -0.0 -0.0 -0.0 -0.0 -0.0 -0.0 -0.0 -0.0 -0.0 -0.0 -0.0 -0.0 -0.0 -0.0 -0.0 -0.0 -0.0 -0.0 -0.0 -0.0 -0.0 -0.0 -0.0 -0.0 -0.0 -0.0 -0.0 -0.0 -0.0 -0.0 -0.0 -0.0 -0.0 -0.0 -0.0 -0.0 -45.31080322265625 -63.164544677734376 1.853835678100586 -0.0 -0.0 -0.0 -1.0 -1.0 -1.0
2:546.7027 84.65002 251.4045 480.709 86.10716 246.4254 517.0229 87.13663 305.5105 516.809 87.57043 285.1254 479.509 83.63747 298.0254 569.309 81.98589 307.9254 568.709 81.01415 289.2254 544.509 81.98587 288.9256 544.809 81.98589 307.5254
1:-453.1691098022461 -631.7951705932617 18.882015666961667 0.1366262137889862 0.0069809858687222 -0.006313558667898178 -0.13734997808933258 -0.03207145258784294 0.011423376388847828 0.11406590044498444 -0.021665921434760094 -0.1468777358531952 -0.10273230820894241 -0.3014456629753113 -0.18842090666294098 0.24032853543758392 0.23812058568000793 -0.017900025472044945 -0.04183794558048248 0.008219982497394085 -0.17642812430858612 -451.39389184570314 -559.0888146972655 49.67486979675293 -449.6673099975586 -488.37441375732413 79.62408408737183 -448.0623184204102 -422.6399002075194 107.46419878005982 -446.23846435546875 -303.21206189915097 139.10069274902344 -0.0 -0.0 -0.0 -558.5007934570312 -337.11468505859375 269.64642333984375 -333.9761047363281 -358.7684631347656 8.554952621459961 0.12964439392089844 -0.4629354476928711 -0.10981377959251404 -0.17806892096996307 -0.41788873076438904 -0.06273598968982697 0.23709207773208618 -0.2709212899208069 -0.1679161638021469 -0.3291303217411041 -0.2593725621700287 -0.10356593877077103 0.26000499725341797 -0.10088091343641281 -0.26458409428596497 -0.5065173506736755 -0.2025308609008789 -0.19548799097537994 0.362857848405838 -0.08345681428909302 -0.36829856038093567 -0.04599963501095772 -0.2053236961364746 -0.47450584173202515 -0.0 -0.0 -0.0 -0.0 -0.0 -0.0 -0.0 -0.0 -0.0 -0.0 -0.0 -0.0 -0.0 -0.0 -0.0 -0.0 -0.0 -0.0 -0.0 -0.0 -0.0 -0.0 -0.0 -0.0 -0.0 -0.0 -0.0 -0.0 -0.0 -0.0 -0.0 -0.0 -0.0 -0.0 -0.0 -0.0 -0.0 -0.0 -0.0 -0.0 -0.0 -0.0 -0.0 -0.0 -0.0 -0.0 -0.0 -0.0 -0.0 -0.0 -0.0 -0.0 -0.0 -0.0 -0.0 -0.0 -0.0 -0.0 -0.0 -0.0 -0.0 -0.0 -0.0 -0.0 -0.0 -0.0 -0.0 -0.0 -0.0 -0.0 -0.0 -0.0 -0.0 -0.0 -0.0 -0.0 -0.0 -0.0 -0.0 -0.0 -0.0 -0.0 -0.0 -0.0 -0.0 -0.0 -0.0 -0.0 -0.0 -0.0 -0.0 -0.0 -0.0 -0.0 -0.0 -0.0 -0.0 -0.0 -0.0 -0.0 -0.0 -0.0 -0.0 -0.0 -0.0 -0.0 -0.0 -0.0 -0.0 -0.0 -0.0 -0.0 -0.0 -0.0 -0.0 -0.0 -0.0 -0.0 -0.0 -0.0 -0.0 -0.0 -0.0 -0.0 -0.0 -0.0 -0.0 -0.0 -0.0 -0.0 -0.0 -0.0 -45.318338012695314 -63.1706787109375 1.8610485076904297 -0.0 -0.0 -0.0 -1.0 -1.0 -1.0
2:546.7027 84.65002 251.4045 480.709 86.10716 246.4254 517.0229 87.13663 305.5105 516.809 87.57043 285.1254 479.509 83.63747 298.0254 569.309 81.98589 307.9254 568.709 81.01415 289.2254 544.509 81.98587 288.9256 544.809 81.98589 307.5254
1:-452.84582061767577 -631.7870404052734 18.861522884368895 0.1365801990032196 0.007039676420390606 -0.006309083197265863 -0.1372983753681183 -0.03208217769861221 0.011418210342526436 0.11180315911769867 -0.014187847264111042 -0.1442115753889084 -0.10479696094989777 -0.2961982786655426 -0.18798184394836426 0.2360822558403015 0.24735455214977264 -0.013524403795599937 -0.04345999285578728 0.013103713281452656 -0.17591731250286102 -451.15312866210934 -559.0615834960937 49.61692686462402 -449.50681182861325 -488.3286048583984 79.52971703720092 -447.9764328002929 -422.576821899414 107.33597269058227 -446.23736572265625 -303.1176081674542 138.93399047851562 -0.0 -0.0 -0.0 -558.4916381835938 -337.09197998046875 269.20452880859375 -333.9830627441406 -358.6258239746094 8.66344165802002 0.13026882708072662 -0.46288880705833435 -0.1095191016793251 -0.17667289078235626 -0.4181246757507324 -0.06271528452634811 0.23720113933086395 -0.27075690031051636 -0.1654263734817505 -0.32825589179992676 -0.2597019672393799 -0.10324008017778397 0.26037126779556274 -0.10086122900247574 -0.25915849208831787 -0.5065178871154785 -0.20326605439186096 -0.19462543725967407 0.3579070270061493 -0.0657447949051857 -0.362919420003891 -0.04760581627488136 -0.1975623220205307 -0.47438398003578186 -0.0 -0.0 -0.0 -0.0 -0.0 -0.0 -0.0 -0.0 -0.0 -0.0 -0.0 -0.0 -0.0 -0.0 -0.0 -0.0 -0.0 -0.0 -0.0 -0.0 -0.0 -0.0 -0.0 -0.0 -0.0 -0.0 -0.0 -0.0 -0.0 -0.0 -0.0 -0.0 -0.0 -0.0 -0.0 -0.0 -0.0 -0.0 -0.0 -0.0 -0.0 -0.0 -0.0 -0.0 -0.0 -0.0 -0.0 -0.0 -0.0 -0.0 -0.0 -0.0 -0.0 -0.0 -0.0 -0.0 -0.0 -0.0 -0.0 -0.0 -0.0 -0.0 -0.0 -0.0 -0.0 -0.0 -0.0 -0.0 -0.0 -0.0 -0.0 -0.0 -0.0 -0.0 -0.0 -0.0 -0.0 -0.0 -0.0 -0.0 -0.0 -0.0 -0.0 -0.0 -0.0 -0.0 -0.0 -0.0 -0.0 -0.0 -0.0 -0.0 -0.0 -0.0 -0.0 -0.0 -0.0 -0.0 -0.0 -0.0 -0.0 -0.0 -0.0 -0.0 -0.0 -0.0 -0.0 -0.0 -0.0 -0.0 -0.0 -0.0 -0.0 -0.0 -0.0 -0.0 -0.0 -0.0 -0.0 -0.0 -0.0 -0.0 -0.0 -0.0 -0.0 -0.0 -0.0 -0.0 -0.0 -0.0 -0.0 -0.0 -45.306427001953125 -63.175567626953125 1.8706857681274414 -0.0 -0.0 -0.0 -1.0 -1.0 -1.0
2:546.7027 84.65002 251.4045 480.709 86.10716 246.4254 517.0229 87.13663 305.5105 516.809 87.57043 285.1254 479.509 83.63747 298.0254 569.309 81.98589 307.9254 568.709 81.01415 289.2254 544.509 81.98587 288.9256 544.809 81.98589 307.5254
1:-452.6721002197266 -631.8279890441895 18.93099855422974 0.13654488325119019 0.0070122056640684605 -0.0062852781265974045 -0.13725633919239044 -0.03201223909854889 0.011399701237678528 0.11158773303031921 -0.011638364754617214 -0.14097978174686432 -0.1047787219285965 -0.29401418566703796 -0.18699149787425995 0.23485462367534637 0.2509375512599945 -0.0076533230021595955 -0.04345044493675232 0.014881185255944729 -0.17268723249435425 -451.0242802734375 -559.0818739013672 49.786230056762705 -449.4216060791016 -488.3288030090332 79.79611275100709 -447.9317962646485 -422.55834274291993 107.69262342453004 -446.23883056640625 -303.06519568894436 139.39320373535156 -0.0 -0.0 -0.0 -558.5374755859375 -337.0635681152344 269.0155944824219 -333.9401550292969 -358.5747985839844 9.77082633972168 0.13031558692455292 -0.4628705382347107 -0.10948339104652405 -0.17654050886631012 -0.41810399293899536 -0.06294433027505875 0.23722107708454132 -0.2707623541355133 -0.165376216173172 -0.3279276490211487 -0.2595541477203369 -0.10400234907865524 0.26036280393600464 -0.10189789533615112 -0.25927993655204773 -0.5052375793457031 -0.2034885138273239 -0.19786503911018372 0.3546305000782013 -0.0618668794631958 -0.3533383905887604 -0.04774138331413269 -0.1949658840894699 -0.4719173312187195 -0.0 -0.0 -0.0 -0.0 -0.0 -0.0 -0.0 -0.0 -0.0 -0.0 -0.0 -0.0 -0.0 -0.0 -0.0 -0.0 -0.0 -0.0 -0.0 -0.0 -0.0 -0.0 -0.0 -0.0 -0.0 -0.0 -0.0 -0.0 -0.0 -0.0 -0.0 -0.0 -0.0 -0.0 -0.0 -0.0 -0.0 -0.0 -0.0 -0.0 -0.0 -0.0 -0.0 -0.0 -0.0 -0.0 -0.0 -0.0 -0.0 -0.0 -0.0 -0.0 -0.0 -0.0 -0.0 -0.0 -0.0 -0.0 -0.0 -0.0 -0.0 -0.0 -0.0 -0.0 -0.0 -0.0 -0.0 -0.0 -0.0 -0.0 -0.0 -0.0 -0.0 -0.0 -0.0 -0.0 -0.0 -0.0 -0.0 -0.0 -0.0 -0.0 -0.0 -0.0 -0.0 -0.0 -0.0 -0.0 -0.0 -0.0 -0.0 -0.0 -0.0 -0.0 -0.0 -0.0 -0.0 -0.0 -0.0 -0.0 -0.0 -0.0 -0.0 -0.0 -0.0 -0.0 -0.0 -0.0 -0.0 -0.0 -0.0 -0.0 -0.0 -0.0 -0.0 -0.0 -0.0 -0.0 -0.0 -0.0 -0.0 -0.0 -0.0 -0.0 -0.0 -0.0 -0.0 -0.0 -0.0 -0.0 -0.0 -0.0 -45.287716674804685 -63.1808349609375 1.8835683822631837 -0.0 -0.0 -0.0 -1.0 -1.0 -1.0
2:546.7027 84.65002 251.4045 480.709 86.10716 246.4254 517.0229 87.13663 305.5105 516.809 87.57043 285.1254 479.509 83.63747 298.0254 569.309 81.98589 307.9254 568.709 81.01415 289.2254 544.509 81.98587 288.9256 544.809 81.98589 307.5254
1:-452.38764587402346 -631.7974282836914 18.561038455963132 0.13650628924369812 0.007037848699837923 -0.006160150282084942 -0.1372172236442566 -0.031988199800252914 0.011272008530795574 0.11105002462863922 -0.004571483004838228 -0.14105461537837982 -0.10603410005569458 -0.28389671444892883 -0.1860114187002182 0.2348889410495758 0.25712212920188904 -0.010725540108978748 -0.043490368872880936 0.025211257860064507 -0.17268535494804382 -450.79061938476565 -558.9956608886719 48.82569911193848 -449.23734704589845 -488.18846246337887 78.2611909828186 -447.7934600830078 -422.3676864624023 105.6237608909607 -446.1526794433594 -302.78312472954485 136.71759033203125 -0.0 -0.0 -0.0 -558.4796142578125 -336.7510986328125 263.042724609375 -333.82574462890625 -358.3915710449219 10.392463684082031 0.13077571988105774 -0.46304747462272644 -0.10755733400583267 -0.17606030404567719 -0.41848015785217285 -0.06266876310110092 0.23728321492671967 -0.2709112763404846 -0.15845991671085358 -0.32794082164764404 -0.26044920086860657 -0.1024097353219986 0.2635430097579956 -0.10243907570838928 -0.25069090723991394 -0.5057910084724426 -0.20437777042388916 -0.19367791712284088 0.3526943325996399 -0.046673573553562164 -0.35555797815322876 -0.04773017391562462 -0.1789674460887909 -0.4717198312282562 -0.0 -0.0 -0.0 -0.0 -0.0 -0.0 -0.0 -0.0 -0.0 -0.0 -0.0 -0.0 -0.0 -0.0 -0.0 -0.0 -0.0 -0.0 -0.0 -0.0 -0.0 -0.0 -0.0 -0.0 -0.0 -0.0 -0.0 -0.0 -0.0 -0.0 -0.0 -0.0 -0.0 -0.0 -0.0 -0.0 -0.0 -0.0 -0.0 -0.0 -0.0 -0.0 -0.0 -0.0 -0.0 -0.0 -0.0 -0.0 -0.0 -0.0 -0.0 -0.0 -0.0 -0.0 -0.0 -0.0 -0.0 -0.0 -0.0 -0.0 -0.0 -0.0 -0.0 -0.0 -0.0 -0.0 -0.0 -0.0 -0.0 -0.0 -0.0 -0.0 -0.0 -0.0 -0.0 -0.0 -0.0 -0.0 -0.0 -0.0 -0.0 -0.0 -0.0 -0.0 -0.0 -0.0 -0.0 -0.0 -0.0 -0.0 -0.0 -0.0 -0.0 -0.0 -0.0 -0.0 -0.0 -0.0 -0.0 -0.0 -0.0 -0.0 -0.0 -0.0 -0.0 -0.0 -0.0 -0.0 -0.0 -0.0 -0.0 -0.0 -0.0 -0.0 -0.0 -0.0 -0.0 -0.0 -0.0 -0.0 -0.0 -0.0 -0.0 -0.0 -0.0 -0.0 -0.0 -0.0 -0.0 -0.0 -0.0 -0.0 -45.259393310546876 -63.182183837890626 1.8737937927246093 -0.0 -0.0 -0.0 -1.0 -1.0 -1.0
2:546.7027 84.65002 251.4045 480.709 86.10716 246.4254 517.0229 87.13663 305.5105 516.809 87.57043 285.1254 479.509 83.63747 298.0254 569.309 81.98589 307.9254 568.709 81.01415 289.2254 544.509 81.98587 288.9256 544.809 81.98589 307.5254
1:-452.13796600341794 -631.7895755004882 18.054082641601564 0.13648585975170135 0.0071264938451349735 -0.0059889149852097034 -0.13719585537910461 -0.03204426169395447 0.01109711267054081 0.11105447262525558 -0.0036174480337649584 -0.14161404967308044 -0.10651279985904694 -0.28366437554359436 -0.18509073555469513 0.23523293435573578 0.2565828263759613 -0.015361262485384941 -0.043578751385211945 0.02674848958849907 -0.1733008474111557 -450.5901423339844 -558.9462644042968 47.53222583007813 -449.0847247924805 -488.0986604614257 76.20274865722658 -447.6853225708008 -422.2403244018554 102.8542205810547 -446.0950927734375 -302.58752276940265 133.13998413085938 -0.0 -0.0 -0.0 -558.4520874023438 -336.57464599609375 255.7202606201172 -333.7381286621094 -358.2279357910156 10.559721946716309 0.13102608919143677 -0.46294882893562317 -0.10556567460298538 -0.17465466260910034 -0.41854622960090637 -0.06208769977092743 0.23718102276325226 -0.2705128788948059 -0.15437442064285278 -0.32791632413864136 -0.2605382800102234 -0.10066728293895721 0.26435431838035583 -0.10244960337877274 -0.24465620517730713 -0.5058915019035339 -0.20484237372875214 -0.18903161585330963 0.3533565402030945 -0.04959781467914581 -0.3665103614330292 -0.04753410071134567 -0.17994292080402374 -0.4733872413635254 -0.0 -0.0 -0.0 -0.0 -0.0 -0.0 -0.0 -0.0 -0.0 -0.0 -0.0 -0.0 -0.0 -0.0 -0.0 -0.0 -0.0 -0.0 -0.0 -0.0 -0.0 -0.0 -0.0 -0.0 -0.0 -0.0 -0.0 -0.0 -0.0 -0.0 -0.0 -0.0 -0.0 -0.0 -0.0 -0.0 -0.0 -0.0 -0.0 -0.0 -0.0 -0.0 -0.0 -0.0 -0.0 -0.0 -0.0 -0.0 -0.0 -0.0 -0.0 -0.0 -0.0 -0.0 -0.0 -0.0 -0.0 -0.0 -0.0 -0.0 -0.0 -0.0 -0.0 -0.0 -0.0 -0.0 -0.0 -0.0 -0.0 -0.0 -0.0 -0.0 -0.0 -0.0 -0.0 -0.0 -0.0 -0.0 -0.0 -0.0 -0.0 -0.0 -0.0 -0.0 -0.0 -0.0 -0.0 -0.0 -0.0 -0.0 -0.0 -0.0 -0.0 -0.0 -0.0 -0.0 -0.0 -0.0 -0.0 -0.0 -0.0 -0.0 -0.0 -0.0 -0.0 -0.0 -0.0 -0.0 -0.0 -0.0 -0.0 -0.0 -0.0 -0.0 -0.0 -0.0 -0.0 -0.0 -0.0 -0.0 -0.0 -0.0 -0.0 -0.0 -0.0 -0.0 -0.0 -0.0 -0.0 -0.0 -0.0 -0.0 -45.22794799804687 -63.181768798828124 1.8407699584960937 -0.0 -0.0 -0.0 -1.0 -1.0 -1.0
2:546.7027 84.65002 251.4045 480.709 86.10716 246.4254 517.0229 87.13663 305.5105 516.809 87.57043 285.1254 479.509 83.63747 298.0254 569.309 81.98589 307.9254 568.709 81.01415 289.2254 544.509 81.98587 288.9256 544.809 81.98589 307.5254
1:-452.02214309692386 -631.8140161132812 17.90557678222656 0.13638995587825775 0.007128788158297539 -0.005847191903740168 -0.13709048926830292 -0.03202245011925697 0.010928880423307419 0.11236097663640976 -9.204845991916955e-05 -0.14109019935131073 -0.10430607944726944 -0.27751532196998596 -0.18379761278629303 0.23579831421375275 0.2605174481868744 -0.012965027242898941 -0.04226326942443848 0.029302798211574554 -0.17202095687389374 -450.4948172607422 -558.9279716796875 47.13702416992187 -449.0093359680176 -488.03880517578125 75.56760998535157 -447.6284660339355 -422.14183349609374 101.9960418701172 -446.0592956542969 -302.4188378613866 132.02835083007812 -0.0 -0.0 -0.0 -558.4473876953125 -336.3774108886719 253.334716796875 -333.67120361328125 -358.1404113769531 10.721978187561035 0.13097608089447021 -0.4630243480205536 -0.10557733476161957 -0.17477788031101227 -0.41855373978614807 -0.06218792870640755 0.23704800009727478 -0.27131688594818115 -0.15419499576091766 -0.33066603541374207 -0.2632635235786438 -0.09952686727046967 0.26671692728996277 -0.10304377228021622 -0.24339304864406586 -0.512067437171936 -0.20839709043502808 -0.18228751420974731 0.35354846715927124 -0.048010215163230896 -0.36329954862594604 -0.04668610543012619 -0.1777985543012619 -0.4723738729953766 -0.0 -0.0 -0.0 -0.0 -0.0 -0.0 -0.0 -0.0 -0.0 -0.0 -0.0 -0.0 -0.0 -0.0 -0.0 -0.0 -0.0 -0.0 -0.0 -0.0 -0.0 -0.0 -0.0 -0.0 -0.0 -0.0 -0.0 -0.0 -0.0 -0.0 -0.0 -0.0 -0.0 -0.0 -0.0 -0.0 -0.0 -0.0 -0.0 -0.0 -0.0 -0.0 -0.0 -0.0 -0.0 -0.0 -0.0 -0.0 -0.0 -0.0 -0.0 -0.0 -0.0 -0.0 -0.0 -0.0 -0.0 -0.0 -0.0 -0.0 -0.0 -0.0 -0.0 -0.0 -0.0 -0.0 -0.0 -0.0 -0.0 -0.0 -0.0 -0.0 -0.0 -0.0 -0.0 -0.0 -0.0 -0.0 -0.0 -0.0 -0.0 -0.0 -0.0 -0.0 -0.0 -0.0 -0.0 -0.0 -0.0 -0.0 -0.0 -0.0 -0.0 -0.0 -0.0 -0.0 -0.0 -0.0 -0.0 -0.0 -0.0 -0.0 -0.0 -0.0 -0.0 -0.0 -0.0 -0.0 -0.0 -0.0 -0.0 -0.0 -0.0 -0.0 -0.0 -0.0 -0.0 -0.0 -0.0 -0.0 -0.0 -0.0 -0.0 -0.0 -0.0 -0.0 -0.0 -0.0 -0.0 -0.0 -0.0 -0.0 -45.203515625 -63.181982421875 1.8088165283203126 -0.0 -0.0 -0.0 -1.0 -1.0 -1.0
2:546.7027 84.65002 251.4045 480.709 86.10716 246.4254 517.0229 87.13663 305.5105 516.809 87.57043 285.1254 479.509 83.63747 298.0254 569.309 81.98589 307.9254 568.709 81.01415 289.2254 544.509 81.98587 288.9256 544.809 81.98589 307.5254
1:-451.8476336669922 -631.8393901062012 17.690680713653563 0.13644272089004517 0.007144522853195667 -0.0054945251904428005 -0.1371397227048874 -0.03211464732885361 0.010614046826958656 0.11378859728574753 -0.005894218105822802 -0.14241790771484375 -0.10411369800567627 -0.2871054708957672 -0.1841955929994583 0.23880410194396973 0.24959242343902588 -0.014935774728655815 -0.04219305142760277 0.021760448813438416 -0.17228834331035614 -450.3437998046875 -558.9298135986329 46.59141340637207 -448.88116687011717 -488.0177597351075 74.70034520339965 -447.5215362548828 -422.09951248168954 100.82977476119994 -445.97650146484375 -302.33786293989164 130.52230834960938 -0.0 -0.0 -0.0 -558.4451904296875 -336.28643798828125 250.48130798339844 -333.5078125 -358.098388671875 10.563308715820312 0.1310531347990036 -0.4630264937877655 -0.10438672453165054 -0.17463068664073944 -0.418634831905365 -0.061813075095415115 0.23651066422462463 -0.27125683426856995 -0.1535646766424179 -0.33060064911842346 -0.2635853886604309 -0.09885457158088684 0.2656651437282562 -0.10312590003013611 -0.2436429113149643 -0.5118123888969421 -0.20887286961078644 -0.1825590878725052 0.35810697078704834 -0.07628406584262848 -0.3689613342285156 -0.046524759382009506 -0.19619691371917725 -0.4743551015853882 -0.0 -0.0 -0.0 -0.0 -0.0 -0.0 -0.0 -0.0 -0.0 -0.0 -0.0 -0.0 -0.0 -0.0 -0.0 -0.0 -0.0 -0.0 -0.0 -0.0 -0.0 -0.0 -0.0 -0.0 -0.0 -0.0 -0.0 -0.0 -0.0 -0.0 -0.0 -0.0 -0.0 -0.0 -0.0 -0.0 -0.0 -0.0 -0.0 -0.0 -0.0 -0.0 -0.0 -0.0 -0.0 -0.0 -0.0 -0.0 -0.0 -0.0 -0.0 -0.0 -0.0 -0.0 -0.0 -0.0 -0.0 -0.0 -0.0 -0.0 -0.0 -0.0 -0.0 -0.0 -0.0 -0.0 -0.0 -0.0 -0.0 -0.0 -0.0 -0.0 -0.0 -0.0 -0.0 -0.0 -0.0 -0.0 -0.0 -0.0 -0.0 -0.0 -0.0 -0.0 -0.0 -0.0 -0.0 -0.0 -0.0 -0.0 -0.0 -0.0 -0.0 -0.0 -0.0 -0.0 -0.0 -0.0 -0.0 -0.0 -0.0 -0.0 -0.0 -0.0 -0.0 -0.0 -0.0 -0.0 -0.0 -0.0 -0.0 -0.0 -0.0 -0.0 -0.0 -0.0 -0.0 -0.0 -0.0 -0.0 -0.0 -0.0 -0.0 -0.0 -0.0 -0.0 -0.0 -0.0 -0.0 -0.0 -0.0 -0.0 -45.18233642578125 -63.183258056640625 1.7774505615234375 -0.0 -0.0 -0.0 -1.0 -1.0 -1.0
2:546.7027 84.65002 251.4045 480.709 86.10716 246.4254 517.0229 87.13663 305.5105 516.809 87.57043 285.1254 479.509 83.63747 298.0254 569.309 81.98589 307.9254 568.709 81.01415 289.2254 544.509 81.98587 288.9256 544.809 81.98589 307.5254
1:-451.75618865966794 -631.7461506652832 17.846481342315677 0.13645653426647186 0.00720699829980731 -0.005401068367063999 -0.13715270161628723 -0.032211754471063614 0.010521369986236095 0.11389032751321793 -0.009491092525422573 -0.14574354887008667 -0.10407322645187378 -0.28834500908851624 -0.18554815649986267 0.2388475388288498 0.24818339943885803 -0.01647854410111904 -0.04224527254700661 0.020226944237947464 -0.1725766658782959 -450.2811867675781 -558.8531087646484 46.985107864379884 -448.84659588623043 -487.95713650512687 75.32541585159302 -447.51303253173825 -422.0538383483886 101.66992750167847 -445.99761962890625 -302.3193486379293 131.60687255859375 -0.0 -0.0 -0.0 -558.525634765625 -336.2481994628906 252.69442749023438 -333.4695739746094 -358.0792541503906 10.51932144165039 0.1313643902540207 -0.462999552488327 -0.10454556345939636 -0.17459887266159058 -0.41847938299179077 -0.06180495023727417 0.2365911900997162 -0.2711462378501892 -0.1537134200334549 -0.32991883158683777 -0.2633349299430847 -0.09892440587282181 0.2658715844154358 -0.10305196046829224 -0.24396440386772156 -0.5115958452224731 -0.2084360122680664 -0.1827644407749176 0.358243852853775 -0.07911433279514313 -0.37034881114959717 -0.046799175441265106 -0.19658398628234863 -0.47456493973731995 -0.0 -0.0 -0.0 -0.0 -0.0 -0.0 -0.0 -0.0 -0.0 -0.0 -0.0 -0.0 -0.0 -0.0 -0.0 -0.0 -0.0 -0.0 -0.0 -0.0 -0.0 -0.0 -0.0 -0.0 -0.0 -0.0 -0.0 -0.0 -0.0 -0.0 -0.0 -0.0 -0.0 -0.0 -0.0 -0.0 -0.0 -0.0 -0.0 -0.0 -0.0 -0.0 -0.0 -0.0 -0.0 -0.0 -0.0 -0.0 -0.0 -0.0 -0.0 -0.0 -0.0 -0.0 -0.0 -0.0 -0.0 -0.0 -0.0 -0.0 -0.0 -0.0 -0.0 -0.0 -0.0 -0.0 -0.0 -0.0 -0.0 -0.0 -0.0 -0.0 -0.0 -0.0 -0.0 -0.0 -0.0 -0.0 -0.0 -0.0 -0.0 -0.0 -0.0 -0.0 -0.0 -0.0 -0.0 -0.0 -0.0 -0.0 -0.0 -0.0 -0.0 -0.0 -0.0 -0.0 -0.0 -0.0 -0.0 -0.0 -0.0 -0.0 -0.0 -0.0 -0.0 -0.0 -0.0 -0.0 -0.0 -0.0 -0.0 -0.0 -0.0 -0.0 -0.0 -0.0 -0.0 -0.0 -0.0 -0.0 -0.0 -0.0 -0.0 -0.0 -0.0 -0.0 -0.0 -0.0 -0.0 -0.0 -0.0 -0.0 -45.167782592773435 -63.17930908203125 1.7665515899658204 -0.0 -0.0 -0.0 -1.0 -1.0 -1.0
2:546.7027 84.65002 251.4045 480.709 86.10716 246.4254 517.0229 87.13663 305.5105 516.809 87.57043 285.1254 479.509 83.63747 298.0254 569.309 81.98589 307.9254 568.709 81.01415 289.2254 544.509 81.98587 288.9256 544.809 81.98589 307.5254
1:-451.67148178100587 -631.6737754821777 18.015804538726808 0.1364128440618515 0.0072018797509372234 -0.0052670747973024845 -0.13709816336631775 -0.032200027257204056 0.010365867987275124 0.11454521119594574 -0.007875538431107998 -0.14497874677181244 -0.10245557129383087 -0.2871526777744293 -0.18559296429157257 0.2391754388809204 0.2503545880317688 -0.015506352297961712 -0.041031379252672195 0.021018370985984802 -0.17420408129692078 -450.2090780029297 -558.7918145751953 47.40624964904785 -448.7867400817871 -487.906619720459 75.99147708511353 -447.46456680297854 -422.0133399963379 102.56366033554077 -445.96209716796875 -302.2970519836791 132.7593231201172 -0.0 -0.0 -0.0 -558.5384521484375 -336.2169494628906 253.86756896972656 -333.3857727050781 -358.0522766113281 11.651081085205078 0.13130909204483032 -0.46296533942222595 -0.10456665605306625 -0.17461979389190674 -0.4184768795967102 -0.06200893968343735 0.2364925891160965 -0.2713617980480194 -0.15378187596797943 -0.33095240592956543 -0.2648341655731201 -0.0990104079246521 0.2658674716949463 -0.10321442037820816 -0.24422749876976013 -0.5147019028663635 -0.21198303997516632 -0.1829519271850586 0.35979369282722473 -0.07510645687580109 -0.36950162053108215 -0.04473824426531792 -0.19566676020622253 -0.47722259163856506 -0.0 -0.0 -0.0 -0.0 -0.0 -0.0 -0.0 -0.0 -0.0 -0.0 -0.0 -0.0 -0.0 -0.0 -0.0 -0.0 -0.0 -0.0 -0.0 -0.0 -0.0 -0.0 -0.0 -0.0 -0.0 -0.0 -0.0 -0.0 -0.0 -0.0 -0.0 -0.0 -0.0 -0.0 -0.0 -0.0 -0.0 -0.0 -0.0 -0.0 -0.0 -0.0 -0.0 -0.0 -0.0 -0.0 -0.0 -0.0 -0.0 -0.0 -0.0 -0.0 -0.0 -0.0 -0.0 -0.0 -0.0 -0.0 -0.0 -0.0 -0.0 -0.0 -0.0 -0.0 -0.0 -0.0 -0.0 -0.0 -0.0 -0.0 -0.0 -0.0 -0.0 -0.0 -0.0 -0.0 -0.0 -0.0 -0.0 -0.0 -0.0 -0.0 -0.0 -0.0 -0.0 -0.0 -0.0 -0.0 -0.0 -0.0 -0.0 -0.0 -0.0 -0.0 -0.0 -0.0 -0.0 -0.0 -0.0 -0.0 -0.0 -0.0 -0.0 -0.0 -0.0 -0.0 -0.0 -0.0 -0.0 -0.0 -0.0 -0.0 -0.0 -0.0 -0.0 -0.0 -0.0 -0.0 -0.0 -0.0 -0.0 -0.0 -0.0 -0.0 -0.0 -0.0 -0.0 -0.0 -0.0 -0.0 -0.0 -0.0 -45.15835876464844 -63.172900390625 1.772736167907715 -0.0 -0.0 -0.0 -1.0 -1.0 -1.0
2:546.7027 84.65002 251.4045 480.709 86.10716 246.4254 517.0229 87.13663 305.5105 516.809 87.57043 285.1254 479.509 83.63747 298.0254 569.309 81.98589 307.9254 568.709 81.01415 289.2254 544.509 81.98587 288.9256 544.809 81.98589 307.5254
1:-451.6093605041504 -631.7371437072754 18.524173126220703 0.1363881230354309 0.007215205114334822 -0.0052827210165560246 -0.13707655668258667 -0.03220127150416374 0.010377969592809677 0.1145273894071579 -0.0075607202015817165 -0.14483577013015747 -0.10211794078350067 -0.2859818637371063 -0.18506205081939697 0.239183247089386 0.2504325211048126 -0.015474353916943073 -0.04077550396323204 0.02193254791200161 -0.171745166182518 -450.1607110595703 -558.835199584961 48.682447387695305 -448.75175064086915 -487.93056900024413 78.01446755981445 -447.44201278686523 -422.0192222595215 105.28085250854491 -445.95367431640625 -302.27010971343446 136.265380859375 -0.0 -0.0 -0.0 -558.562744140625 -336.2232666015625 258.20672607421875 -333.3446350097656 -358.01666259765625 14.324049949645996 0.13153420388698578 -0.4630580246448517 -0.1051836833357811 -0.17461295425891876 -0.41846582293510437 -0.06279660761356354 0.23745675384998322 -0.2717909812927246 -0.15500004589557648 -0.33083024621009827 -0.26481547951698303 -0.10029485076665878 0.2680654525756836 -0.10328269749879837 -0.24706532061100006 -0.5141831040382385 -0.21191976964473724 -0.18308833241462708 0.3598077595233917 -0.07153508812189102 -0.3691597878932953 -0.04465377330780029 -0.19141170382499695 -0.4708504378795624 -0.0 -0.0 -0.0 -0.0 -0.0 -0.0 -0.0 -0.0 -0.0 -0.0 -0.0 -0.0 -0.0 -0.0 -0.0 -0.0 -0.0 -0.0 -0.0 -0.0 -0.0 -0.0 -0.0 -0.0 -0.0 -0.0 -0.0 -0.0 -0.0 -0.0 -0.0 -0.0 -0.0 -0.0 -0.0 -0.0 -0.0 -0.0 -0.0 -0.0 -0.0 -0.0 -0.0 -0.0 -0.0 -0.0 -0.0 -0.0 -0.0 -0.0 -0.0 -0.0 -0.0 -0.0 -0.0 -0.0 -0.0 -0.0 -0.0 -0.0 -0.0 -0.0 -0.0 -0.0 -0.0 -0.0 -0.0 -0.0 -0.0 -0.0 -0.0 -0.0 -0.0 -0.0 -0.0 -0.0 -0.0 -0.0 -0.0 -0.0 -0.0 -0.0 -0.0 -0.0 -0.0 -0.0 -0.0 -0.0 -0.0 -0.0 -0.0 -0.0 -0.0 -0.0 -0.0 -0.0 -0.0 -0.0 -0.0 -0.0 -0.0 -0.0 -0.0 -0.0 -0.0 -0.0 -0.0 -0.0 -0.0 -0.0 -0.0 -0.0 -0.0 -0.0 -0.0 -0.0 -0.0 -0.0 -0.0 -0.0 -0.0 -0.0 -0.0 -0.0 -0.0 -0.0 -0.0 -0.0 -0.0 -0.0 -0.0 -0.0 -45.15280456542969 -63.171875 1.8068561553955078 -0.0 -0.0 -0.0 -1.0 -1.0 -1.0
2:546.7027 84.65002 251.4045 480.709 86.10716 246.4254 517.0229 87.13663 305.5105 516.809 87.57043 285.1254 479.509 83.63747 298.0254 569.309 81.98589 307.9254 568.709 81.01415 289.2254 544.509 81.98587 288.9256 544.809 81.98589 307.5254
