1:-543.3059637451172 -246.33145339965822 -0.9747408676147462 -0.013752995058894157 0.012202230282127857 -0.059402454644441605 0.012745607644319534 -0.012006755918264389 0.0608559213578701 -0.058074336498975754 0.1502780020236969 -0.09306918829679489 -0.11300846934318542 0.13381001353263855 0.1265130341053009 -0.10520071536302567 0.23186326026916504 -0.026287268847227097 -0.06369935721158981 0.2626804709434509 0.1921149492263794 -527.4872504882812 -252.40459313964845 -2.5597690734863283 -512.1019266357422 -258.31134548950195 -4.101371849060059 -497.8000762939453 -263.80212936401364 -5.534411048889161 -481.5479736328125 -273.77790028463585 -7.162864685058594 -0.0 -0.0 -0.0 -478.1954345703125 -270.5584411621094 27.205387115478516 -484.9005126953125 -269.5248718261719 -41.5311164855957 -0.3906328082084656 0.19567935168743134 -0.13351699709892273 -0.4278186559677124 0.1517711877822876 0.06125308945775032 -0.6249098777770996 0.3350814878940582 -0.17473629117012024 -0.6732177138328552 0.2664439082145691 0.08175157755613327 -0.8809615969657898 0.3761519193649292 -0.1397126466035843 -0.888860821723938 0.35911059379577637 0.02698974870145321 -0.15673112869262695 0.2878202497959137 -0.026997631415724754 -0.08101547509431839 0.266889750957489 0.16586676239967346 -0.0 -0.0 -0.0 -0.0 -0.0 -0.0 -0.0 -0.0 -0.0 -0.0 -0.0 -0.0 -0.0 -0.0 -0.0 -0.0 -0.0 -0.0 -0.0 -0.0 -0.0 -0.0 -0.0 -0.0 -0.0 -0.0 -0.0 -0.0 -0.0 -0.0 -0.0 -0.0 -0.0 -0.0 -0.0 -0.0 -0.0 -0.0 -0.0 -0.0 -0.0 -0.0 -0.0 -0.0 -0.0 -0.0 -0.0 -0.0 -0.0 -0.0 -0.0 -0.0 -0.0 -0.0 -0.0 -0.0 -0.0 -0.0 -0.0 -0.0 -0.0 -0.0 -0.0 -0.0 -0.0 -0.0 -0.0 -0.0 -0.0 -0.0 -0.0 -0.0 -0.0 -0.0 -0.0 -0.0 -0.0 -0.0 -0.0 -0.0 -0.0 -0.0 -0.0 -0.0 -0.0 -0.0 -0.0 -0.0 -0.0 -0.0 -0.0 -0.0 -0.0 -0.0 -0.0 -0.0 -0.0 -0.0 -0.0 -0.0 -0.0 -0.0 -0.0 -0.0 -0.0 -0.0 -0.0 -0.0 -0.0 -0.0 -0.0 -0.0 -0.0 -0.0 -0.0 -0.0 -0.0 -0.0 -0.0 -0.0 -0.0 -0.0 -0.0 -0.0 -0.0 -0.0 -0.0 -0.0 -0.0 -0.0 -0.0 -0.0 -54.751947021484376 -24.40429229736328 -0.3425175905227661 -1.0 -1.0 -1.0 -1.0 -1.0 -1.0
2:491.3559 90.87503 272.6577 480.8979 86.4286 248.1035 546.1091 87.13663 277.8254 554.6091 87.57042 252.1255 504.3085 96.78125 293.9294 454.0091 87.50007 286.1253 440.109 81.01415 251.0254 443.609 87.50002 269.9255 454.409 87.50002 302.1255
1:-543.3059637451172 -246.33145339965822 -0.9747408676147462 -0.013752995058894157 0.012202230282127857 -0.059402454644441605 0.012745607644319534 -0.012006755918264389 0.0608559213578701 -0.058074336498975754 0.1502780020236969 -0.09306918829679489 -0.11300846934318542 0.13381001353263855 0.1265130341053009 -0.10520071536302567 0.23186326026916504 -0.026287268847227097 -0.06369935721158981 0.2626804709434509 0.1921149492263794 -527.4872504882812 -252.40459313964845 -2.5597690734863283 -512.1019266357422 -258.31134548950195 -4.101371849060059 -497.8000762939453 -263.80212936401364 -5.534411048889161 -481.5479736328125 -273.77790028463585 -7.162864685058594 -0.0 -0.0 -0.0 -478.1954345703125 -270.5584411621094 27.205387115478516 -484.9005126953125 -269.5248718261719 -41.5311164855957 -0.3906328082084656 0.19567935168743134 -0.13351699709892273 -0.4278186559677124 0.1517711877822876 0.06125308945775032 -0.6249098777770996 0.3350814878940582 -0.17473629117012024 -0.6732177138328552 0.2664439082145691 0.08175157755613327 -0.8809615969657898 0.3761519193649292 -0.1397126466035843 -0.888860821723938 0.35911059379577637 0.02698974870145321 -0.15673112869262695 0.2878202497959137 -0.026997631415724754 -0.08101547509431839 0.266889750957489 0.16586676239967346 -0.0 -0.0 -0.0 -0.0 -0.0 -0.0 -0.0 -0.0 -0.0 -0.0 -0.0 -0.0 -0.0 -0.0 -0.0 -0.0 -0.0 -0.0 -0.0 -0.0 -0.0 -0.0 -0.0 -0.0 -0.0 -0.0 -0.0 -0.0 -0.0 -0.0 -0.0 -0.0 -0.0 -0.0 -0.0 -0.0 -0.0 -0.0 -0.0 -0.0 -0.0 -0.0 -0.0 -0.0 -0.0 -0.0 -0.0 -0.0 -0.0 -0.0 -0.0 -0.0 -0.0 -0.0 -0.0 -0.0 -0.0 -0.0 -0.0 -0.0 -0.0 -0.0 -0.0 -0.0 -0.0 -0.0 -0.0 -0.0 -0.0 -0.0 -0.0 -0.0 -0.0 -0.0 -0.0 -0.0 -0.0 -0.0 -0.0 -0.0 -0.0 -0.0 -0.0 -0.0 -0.0 -0.0 -0.0 -0.0 -0.0 -0.0 -0.0 -0.0 -0.0 -0.0 -0.0 -0.0 -0.0 -0.0 -0.0 -0.0 -0.0 -0.0 -0.0 -0.0 -0.0 -0.0 -0.0 -0.0 -0.0 -0.0 -0.0 -0.0 -0.0 -0.0 -0.0 -0.0 -0.0 -0.0 -0.0 -0.0 -0.0 -0.0 -0.0 -0.0 -0.0 -0.0 -0.0 -0.0 -0.0 -0.0 -0.0 -0.0 -54.751947021484376 -24.40429229736328 -0.3425175905227661 -1.0 -1.0 -1.0 -1.0 -1.0 -1.0
2:491.3559 90.87503 272.6577 480.8979 86.4286 248.1035 546.1091 87.13663 277.8254 554.6091 87.57042 252.1255 504.3085 96.78125 293.9294 454.0091 87.50007 286.1253 440.109 81.01415 251.0254 443.609 87.50002 269.9255 454.409 87.50002 302.1255
1:-543.3059637451172 -246.33145339965822 -0.9747408676147462 -0.013752995058894157 0.012202230282127857 -0.059402454644441605 0.012745607644319534 -0.012006755918264389 0.0608559213578701 -0.058074336498975754 0.1502780020236969 -0.09306918829679489 -0.11300846934318542 0.13381001353263855 0.1265130341053009 -0.10520071536302567 0.23186326026916504 -0.026287268847227097 -0.06369935721158981 0.2626804709434509 0.1921149492263794 -527.4872504882812 -252.40459313964845 -2.5597690734863283 -512.1019266357422 -258.31134548950195 -4.101371849060059 -497.8000762939453 -263.80212936401364 -5.534411048889161 -481.5479736328125 -273.77790028463585 -7.162864685058594 -0.0 -0.0 -0.0 -478.1954345703125 -270.5584411621094 27.205387115478516 -484.9005126953125 -269.5248718261719 -41.5311164855957 -0.3906328082084656 0.19567935168743134 -0.13351699709892273 -0.4278186559677124 0.1517711877822876 0.06125308945775032 -0.6249098777770996 0.3350814878940582 -0.17473629117012024 -0.6732177138328552 0.2664439082145691 0.08175157755613327 -0.8809615969657898 0.3761519193649292 -0.1397126466035843 -0.888860821723938 0.35911059379577637 0.02698974870145321 -0.15673112869262695 0.2878202497959137 -0.026997631415724754 -0.08101547509431839 0.266889750957489 0.16586676239967346 -0.0 -0.0 -0.0 -0.0 -0.0 -0.0 -0.0 -0.0 -0.0 -0.0 -0.0 -0.0 -0.0 -0.0 -0.0 -0.0 -0.0 -0.0 -0.0 -0.0 -0.0 -0.0 -0.0 -0.0 -0.0 -0.0 -0.0 -0.0 -0.0 -0.0 -0.0 -0.0 -0.0 -0.0 -0.0 -0.0 -0.0 -0.0 -0.0 -0.0 -0.0 -0.0 -0.0 -0.0 -0.0 -0.0 -0.0 -0.0 -0.0 -0.0 -0.0 -0.0 -0.0 -0.0 -0.0 -0.0 -0.0 -0.0 -0.0 -0.0 -0.0 -0.0 -0.0 -0.0 -0.0 -0.0 -0.0 -0.0 -0.0 -0.0 -0.0 -0.0 -0.0 -0.0 -0.0 -0.0 -0.0 -0.0 -0.0 -0.0 -0.0 -0.0 -0.0 -0.0 -0.0 -0.0 -0.0 -0.0 -0.0 -0.0 -0.0 -0.0 -0.0 -0.0 -0.0 -0.0 -0.0 -0.0 -0.0 -0.0 -0.0 -0.0 -0.0 -0.0 -0.0 -0.0 -0.0 -0.0 -0.0 -0.0 -0.0 -0.0 -0.0 -0.0 -0.0 -0.0 -0.0 -0.0 -0.0 -0.0 -0.0 -0.0 -0.0 -0.0 -0.0 -0.0 -0.0 -0.0 -0.0 -0.0 -0.0 -0.0 -54.751947021484376 -24.40429229736328 -0.3425175905227661 -1.0 -1.0 -1.0 -1.0 -1.0 -1.0
2:491.3559 90.87503 272.6577 480.8979 86.4286 248.1035 546.1091 87.13663 277.8254 554.6091 87.57042 252.1255 504.3085 96.78125 293.9294 454.0091 87.50007 286.1253 440.109 81.01415 251.0254 443.609 87.50002 269.9255 454.409 87.50002 302.1255
1:-543.3059637451172 -246.33145339965822 -0.9747408676147462 -0.013752995058894157 0.012202230282127857 -0.059402454644441605 0.012745607644319534 -0.012006755918264389 0.0608559213578701 -0.058074336498975754 0.1502780020236969 -0.09306918829679489 -0.11300846934318542 0.13381001353263855 0.1265130341053009 -0.10520071536302567 0.23186326026916504 -0.026287268847227097 -0.06369935721158981 0.2626804709434509 0.1921149492263794 -527.4872504882812 -252.40459313964845 -2.5597690734863283 -512.1019266357422 -258.31134548950195 -4.101371849060059 -497.8000762939453 -263.80212936401364 -5.534411048889161 -481.5479736328125 -273.77790028463585 -7.162864685058594 -0.0 -0.0 -0.0 -478.1954345703125 -270.5584411621094 27.205387115478516 -484.9005126953125 -269.5248718261719 -41.5311164855957 -0.3906328082084656 0.19567935168743134 -0.13351699709892273 -0.4278186559677124 0.1517711877822876 0.06125308945775032 -0.6249098777770996 0.3350814878940582 -0.17473629117012024 -0.6732177138328552 0.2664439082145691 0.08175157755613327 -0.8809615969657898 0.3761519193649292 -0.1397126466035843 -0.888860821723938 0.35911059379577637 0.02698974870145321 -0.15673112869262695 0.2878202497959137 -0.026997631415724754 -0.08101547509431839 0.266889750957489 0.16586676239967346 -0.0 -0.0 -0.0 -0.0 -0.0 -0.0 -0.0 -0.0 -0.0 -0.0 -0.0 -0.0 -0.0 -0.0 -0.0 -0.0 -0.0 -0.0 -0.0 -0.0 -0.0 -0.0 -0.0 -0.0 -0.0 -0.0 -0.0 -0.0 -0.0 -0.0 -0.0 -0.0 -0.0 -0.0 -0.0 -0.0 -0.0 -0.0 -0.0 -0.0 -0.0 -0.0 -0.0 -0.0 -0.0 -0.0 -0.0 -0.0 -0.0 -0.0 -0.0 -0.0 -0.0 -0.0 -0.0 -0.0 -0.0 -0.0 -0.0 -0.0 -0.0 -0.0 -0.0 -0.0 -0.0 -0.0 -0.0 -0.0 -0.0 -0.0 -0.0 -0.0 -0.0 -0.0 -0.0 -0.0 -0.0 -0.0 -0.0 -0.0 -0.0 -0.0 -0.0 -0.0 -0.0 -0.0 -0.0 -0.0 -0.0 -0.0 -0.0 -0.0 -0.0 -0.0 -0.0 -0.0 -0.0 -0.0 -0.0 -0.0 -0.0 -0.0 -0.0 -0.0 -0.0 -0.0 -0.0 -0.0 -0.0 -0.0 -0.0 -0.0 -0.0 -0.0 -0.0 -0.0 -0.0 -0.0 -0.0 -0.0 -0.0 -0.0 -0.0 -0.0 -0.0 -0.0 -0.0 -0.0 -0.0 -0.0 -0.0 -0.0 -54.751947021484376 -24.40429229736328 -0.3425175905227661 -1.0 -1.0 -1.0 -1.0 -1.0 -1.0
2:491.3559 90.87503 272.6577 480.8979 86.4286 248.1035 546.1091 87.13663 277.8254 554.6091 87.57042 252.1255 504.3085 96.78125 293.9294 454.0091 87.50007 286.1253 440.109 81.01415 251.0254 443.609 87.50002 269.9255 454.409 87.50002 302.1255
1:-543.3059637451172 -246.33145339965822 -0.9747408676147462 -0.013752995058894157 0.012202230282127857 -0.059402454644441605 0.012745607644319534 -0.012006755918264389 0.0608559213578701 -0.058074336498975754 0.1502780020236969 -0.09306918829679489 -0.11300846934318542 0.13381001353263855 0.1265130341053009 -0.10520071536302567 0.23186326026916504 -0.026287268847227097 -0.06369935721158981 0.2626804709434509 0.1921149492263794 -527.4872504882812 -252.40459313964845 -2.5597690734863283 -512.1019266357422 -258.31134548950195 -4.101371849060059 -497.8000762939453 -263.80212936401364 -5.534411048889161 -481.5479736328125 -273.77790028463585 -7.162864685058594 -0.0 -0.0 -0.0 -478.1954345703125 -270.5584411621094 27.205387115478516 -484.9005126953125 -269.5248718261719 -41.5311164855957 -0.3906328082084656 0.19567935168743134 -0.13351699709892273 -0.4278186559677124 0.1517711877822876 0.06125308945775032 -0.6249098777770996 0.3350814878940582 -0.17473629117012024 -0.6732177138328552 0.2664439082145691 0.08175157755613327 -0.8809615969657898 0.3761519193649292 -0.1397126466035843 -0.888860821723938 0.35911059379577637 0.02698974870145321 -0.15673112869262695 0.2878202497959137 -0.026997631415724754 -0.08101547509431839 0.266889750957489 0.16586676239967346 -0.0 -0.0 -0.0 -0.0 -0.0 -0.0 -0.0 -0.0 -0.0 -0.0 -0.0 -0.0 -0.0 -0.0 -0.0 -0.0 -0.0 -0.0 -0.0 -0.0 -0.0 -0.0 -0.0 -0.0 -0.0 -0.0 -0.0 -0.0 -0.0 -0.0 -0.0 -0.0 -0.0 -0.0 -0.0 -0.0 -0.0 -0.0 -0.0 -0.0 -0.0 -0.0 -0.0 -0.0 -0.0 -0.0 -0.0 -0.0 -0.0 -0.0 -0.0 -0.0 -0.0 -0.0 -0.0 -0.0 -0.0 -0.0 -0.0 -0.0 -0.0 -0.0 -0.0 -0.0 -0.0 -0.0 -0.0 -0.0 -0.0 -0.0 -0.0 -0.0 -0.0 -0.0 -0.0 -0.0 -0.0 -0.0 -0.0 -0.0 -0.0 -0.0 -0.0 -0.0 -0.0 -0.0 -0.0 -0.0 -0.0 -0.0 -0.0 -0.0 -0.0 -0.0 -0.0 -0.0 -0.0 -0.0 -0.0 -0.0 -0.0 -0.0 -0.0 -0.0 -0.0 -0.0 -0.0 -0.0 -0.0 -0.0 -0.0 -0.0 -0.0 -0.0 -0.0 -0.0 -0.0 -0.0 -0.0 -0.0 -0.0 -0.0 -0.0 -0.0 -0.0 -0.0 -0.0 -0.0 -0.0 -0.0 -0.0 -0.0 -54.751947021484376 -24.40429229736328 -0.3425175905227661 -1.0 -1.0 -1.0 -1.0 -1.0 -1.0
2:491.3559 90.87503 272.6577 480.8979 86.4286 248.1035 546.1091 87.13663 277.8254 554.6091 87.57042 252.1255 504.3085 96.78125 293.9294 454.0091 87.50007 286.1253 440.109 81.01415 251.0254 443.609 87.50002 269.9255 454.409 87.50002 302.1255
1:-543.3059637451172 -246.33145339965822 -0.9747408676147462 -0.013752995058894157 0.012202230282127857 -0.059402454644441605 0.012745607644319534 -0.012006755918264389 0.0608559213578701 -0.058074336498975754 0.1502780020236969 -0.09306918829679489 -0.11300846934318542 0.13381001353263855 0.1265130341053009 -0.10520071536302567 0.23186326026916504 -0.026287268847227097 -0.06369935721158981 0.2626804709434509 0.1921149492263794 -527.4872504882812 -252.40459313964845 -2.5597690734863283 -512.1019266357422 -258.31134548950195 -4.101371849060059 -497.8000762939453 -263.80212936401364 -5.534411048889161 -481.5479736328125 -273.77790028463585 -7.162864685058594 -0.0 -0.0 -0.0 -478.1954345703125 -270.5584411621094 27.205387115478516 -484.9005126953125 -269.5248718261719 -41.5311164855957 -0.3906328082084656 0.19567935168743134 -0.13351699709892273 -0.4278186559677124 0.1517711877822876 0.06125308945775032 -0.6249098777770996 0.3350814878940582 -0.17473629117012024 -0.6732177138328552 0.2664439082145691 0.08175157755613327 -0.8809615969657898 0.3761519193649292 -0.1397126466035843 -0.888860821723938 0.35911059379577637 0.02698974870145321 -0.15673112869262695 0.2878202497959137 -0.026997631415724754 -0.08101547509431839 0.266889750957489 0.16586676239967346 -0.0 -0.0 -0.0 -0.0 -0.0 -0.0 -0.0 -0.0 -0.0 -0.0 -0.0 -0.0 -0.0 -0.0 -0.0 -0.0 -0.0 -0.0 -0.0 -0.0 -0.0 -0.0 -0.0 -0.0 -0.0 -0.0 -0.0 -0.0 -0.0 -0.0 -0.0 -0.0 -0.0 -0.0 -0.0 -0.0 -0.0 -0.0 -0.0 -0.0 -0.0 -0.0 -0.0 -0.0 -0.0 -0.0 -0.0 -0.0 -0.0 -0.0 -0.0 -0.0 -0.0 -0.0 -0.0 -0.0 -0.0 -0.0 -0.0 -0.0 -0.0 -0.0 -0.0 -0.0 -0.0 -0.0 -0.0 -0.0 -0.0 -0.0 -0.0 -0.0 -0.0 -0.0 -0.0 -0.0 -0.0 -0.0 -0.0 -0.0 -0.0 -0.0 -0.0 -0.0 -0.0 -0.0 -0.0 -0.0 -0.0 -0.0 -0.0 -0.0 -0.0 -0.0 -0.0 -0.0 -0.0 -0.0 -0.0 -0.0 -0.0 -0.0 -0.0 -0.0 -0.0 -0.0 -0.0 -0.0 -0.0 -0.0 -0.0 -0.0 -0.0 -0.0 -0.0 -0.0 -0.0 -0.0 -0.0 -0.0 -0.0 -0.0 -0.0 -0.0 -0.0 -0.0 -0.0 -0.0 -0.0 -0.0 -0.0 -0.0 -54.751947021484376 -24.40429229736328 -0.3425175905227661 -1.0 -1.0 -1.0 -1.0 -1.0 -1.0
2:491.3559 90.87503 272.6577 480.8979 86.4286 248.1035 546.1091 87.13663 277.8254 554.6091 87.57042 252.1255 504.3085 96.78125 293.9294 454.0091 87.50007 286.1253 440.109 81.01415 251.0254 443.609 87.50002 269.9255 454.409 87.50002 302.1255
1:-543.3059637451172 -246.33145339965822 -0.9747408676147462 -0.013752995058894157 0.012202230282127857 -0.059402454644441605 0.012745607644319534 -0.012006755918264389 0.0608559213578701 -0.058074336498975754 0.1502780020236969 -0.09306918829679489 -0.11300846934318542 0.13381001353263855 0.1265130341053009 -0.10520071536302567 0.23186326026916504 -0.026287268847227097 -0.06369935721158981 0.2626804709434509 0.1921149492263794 -527.4872504882812 -252.40459313964845 -2.5597690734863283 -512.1019266357422 -258.31134548950195 -4.101371849060059 -497.8000762939453 -263.80212936401364 -5.534411048889161 -481.5479736328125 -273.77790028463585 -7.162864685058594 -0.0 -0.0 -0.0 -478.1954345703125 -270.5584411621094 27.205387115478516 -484.9005126953125 -269.5248718261719 -41.5311164855957 -0.3906328082084656 0.19567935168743134 -0.13351699709892273 -0.4278186559677124 0.1517711877822876 0.06125308945775032 -0.6249098777770996 0.3350814878940582 -0.17473629117012024 -0.6732177138328552 0.2664439082145691 0.08175157755613327 -0.8809615969657898 0.3761519193649292 -0.1397126466035843 -0.888860821723938 0.35911059379577637 0.02698974870145321 -0.15673112869262695 0.2878202497959137 -0.026997631415724754 -0.08101547509431839 0.266889750957489 0.16586676239967346 -0.0 -0.0 -0.0 -0.0 -0.0 -0.0 -0.0 -0.0 -0.0 -0.0 -0.0 -0.0 -0.0 -0.0 -0.0 -0.0 -0.0 -0.0 -0.0 -0.0 -0.0 -0.0 -0.0 -0.0 -0.0 -0.0 -0.0 -0.0 -0.0 -0.0 -0.0 -0.0 -0.0 -0.0 -0.0 -0.0 -0.0 -0.0 -0.0 -0.0 -0.0 -0.0 -0.0 -0.0 -0.0 -0.0 -0.0 -0.0 -0.0 -0.0 -0.0 -0.0 -0.0 -0.0 -0.0 -0.0 -0.0 -0.0 -0.0 -0.0 -0.0 -0.0 -0.0 -0.0 -0.0 -0.0 -0.0 -0.0 -0.0 -0.0 -0.0 -0.0 -0.0 -0.0 -0.0 -0.0 -0.0 -0.0 -0.0 -0.0 -0.0 -0.0 -0.0 -0.0 -0.0 -0.0 -0.0 -0.0 -0.0 -0.0 -0.0 -0.0 -0.0 -0.0 -0.0 -0.0 -0.0 -0.0 -0.0 -0.0 -0.0 -0.0 -0.0 -0.0 -0.0 -0.0 -0.0 -0.0 -0.0 -0.0 -0.0 -0.0 -0.0 -0.0 -0.0 -0.0 -0.0 -0.0 -0.0 -0.0 -0.0 -0.0 -0.0 -0.0 -0.0 -0.0 -0.0 -0.0 -0.0 -0.0 -0.0 -0.0 -54.751947021484376 -24.40429229736328 -0.3425175905227661 -1.0 -1.0 -1.0 -1.0 -1.0 -1.0
2:491.3559 90.87503 272.6577 480.8979 86.4286 248.1035 546.1091 87.13663 277.8254 558.473 74.99522 234.3356 504.3085 96.78125 293.9294 454.0091 87.50007 286.1253 440.109 81.01415 251.0254 443.609 87.50002 269.9255 454.409 87.50002 302.1255
1:-543.3059637451172 -246.33145339965822 -0.9747408676147462 -0.013752995058894157 0.012202230282127857 -0.059402454644441605 0.012745607644319534 -0.012006755918264389 0.0608559213578701 -0.058074336498975754 0.1502780020236969 -0.09306918829679489 -0.11300846934318542 0.13381001353263855 0.1265130341053009 -0.10520071536302567 0.23186326026916504 -0.026287268847227097 -0.06369935721158981 0.2626804709434509 0.1921149492263794 -527.4872504882812 -252.40459313964845 -2.5597690734863283 -512.1019266357422 -258.31134548950195 -4.101371849060059 -497.8000762939453 -263.80212936401364 -5.534411048889161 -481.5479736328125 -273.77790028463585 -7.162864685058594 -0.0 -0.0 -0.0 -478.1954345703125 -270.5584411621094 27.205387115478516 -484.9005126953125 -269.5248718261719 -41.5311164855957 -0.3906328082084656 0.19567935168743134 -0.13351699709892273 -0.4278186559677124 0.1517711877822876 0.06125308945775032 -0.6249098777770996 0.3350814878940582 -0.17473629117012024 -0.6732177138328552 0.2664439082145691 0.08175157755613327 -0.8809615969657898 0.3761519193649292 -0.1397126466035843 -0.888860821723938 0.35911059379577637 0.02698974870145321 -0.15673112869262695 0.2878202497959137 -0.026997631415724754 -0.08101547509431839 0.266889750957489 0.16586676239967346 -0.0 -0.0 -0.0 -0.0 -0.0 -0.0 -0.0 -0.0 -0.0 -0.0 -0.0 -0.0 -0.0 -0.0 -0.0 -0.0 -0.0 -0.0 -0.0 -0.0 -0.0 -0.0 -0.0 -0.0 -0.0 -0.0 -0.0 -0.0 -0.0 -0.0 -0.0 -0.0 -0.0 -0.0 -0.0 -0.0 -0.0 -0.0 -0.0 -0.0 -0.0 -0.0 -0.0 -0.0 -0.0 -0.0 -0.0 -0.0 -0.0 -0.0 -0.0 -0.0 -0.0 -0.0 -0.0 -0.0 -0.0 -0.0 -0.0 -0.0 -0.0 -0.0 -0.0 -0.0 -0.0 -0.0 -0.0 -0.0 -0.0 -0.0 -0.0 -0.0 -0.0 -0.0 -0.0 -0.0 -0.0 -0.0 -0.0 -0.0 -0.0 -0.0 -0.0 -0.0 -0.0 -0.0 -0.0 -0.0 -0.0 -0.0 -0.0 -0.0 -0.0 -0.0 -0.0 -0.0 -0.0 -0.0 -0.0 -0.0 -0.0 -0.0 -0.0 -0.0 -0.0 -0.0 -0.0 -0.0 -0.0 -0.0 -0.0 -0.0 -0.0 -0.0 -0.0 -0.0 -0.0 -0.0 -0.0 -0.0 -0.0 -0.0 -0.0 -0.0 -0.0 -0.0 -0.0 -0.0 -0.0 -0.0 -0.0 -0.0 -54.751947021484376 -24.40429229736328 -0.3425175905227661 -1.0 -1.0 -1.0 -1.0 -1.0 -1.0
2:491.3559 90.87503 272.6577 480.8979 86.4286 248.1035 546.1091 87.13663 277.8254 555.434 61.15089 222.126 504.3085 96.78125 293.9294 454.0091 87.50007 286.1253 440.109 81.01415 251.0254 443.609 87.50002 269.9255 454.409 87.50002 302.1255
1:-543.3059637451172 -246.33145339965822 -0.9747408676147462 -0.013752995058894157 0.012202230282127857 -0.059402454644441605 0.012745607644319534 -0.012006755918264389 0.0608559213578701 -0.058074336498975754 0.1502780020236969 -0.09306918829679489 -0.11300846934318542 0.13381001353263855 0.1265130341053009 -0.10520071536302567 0.23186326026916504 -0.026287268847227097 -0.06369935721158981 0.2626804709434509 0.1921149492263794 -527.4872504882812 -252.40459313964845 -2.5597690734863283 -512.1019266357422 -258.31134548950195 -4.101371849060059 -497.8000762939453 -263.80212936401364 -5.534411048889161 -481.5479736328125 -273.77790028463585 -7.162864685058594 -0.0 -0.0 -0.0 -478.1954345703125 -270.5584411621094 27.205387115478516 -484.9005126953125 -269.5248718261719 -41.5311164855957 -0.3906328082084656 0.19567935168743134 -0.13351699709892273 -0.4278186559677124 0.1517711877822876 0.06125308945775032 -0.6249098777770996 0.3350814878940582 -0.17473629117012024 -0.6732177138328552 0.2664439082145691 0.08175157755613327 -0.8809615969657898 0.3761519193649292 -0.1397126466035843 -0.888860821723938 0.35911059379577637 0.02698974870145321 -0.15673112869262695 0.2878202497959137 -0.026997631415724754 -0.08101547509431839 0.266889750957489 0.16586676239967346 -0.0 -0.0 -0.0 -0.0 -0.0 -0.0 -0.0 -0.0 -0.0 -0.0 -0.0 -0.0 -0.0 -0.0 -0.0 -0.0 -0.0 -0.0 -0.0 -0.0 -0.0 -0.0 -0.0 -0.0 -0.0 -0.0 -0.0 -0.0 -0.0 -0.0 -0.0 -0.0 -0.0 -0.0 -0.0 -0.0 -0.0 -0.0 -0.0 -0.0 -0.0 -0.0 -0.0 -0.0 -0.0 -0.0 -0.0 -0.0 -0.0 -0.0 -0.0 -0.0 -0.0 -0.0 -0.0 -0.0 -0.0 -0.0 -0.0 -0.0 -0.0 -0.0 -0.0 -0.0 -0.0 -0.0 -0.0 -0.0 -0.0 -0.0 -0.0 -0.0 -0.0 -0.0 -0.0 -0.0 -0.0 -0.0 -0.0 -0.0 -0.0 -0.0 -0.0 -0.0 -0.0 -0.0 -0.0 -0.0 -0.0 -0.0 -0.0 -0.0 -0.0 -0.0 -0.0 -0.0 -0.0 -0.0 -0.0 -0.0 -0.0 -0.0 -0.0 -0.0 -0.0 -0.0 -0.0 -0.0 -0.0 -0.0 -0.0 -0.0 -0.0 -0.0 -0.0 -0.0 -0.0 -0.0 -0.0 -0.0 -0.0 -0.0 -0.0 -0.0 -0.0 -0.0 -0.0 -0.0 -0.0 -0.0 -0.0 -0.0 -54.751947021484376 -24.40429229736328 -0.3425175905227661 -1.0 -1.0 -1.0 -1.0 -1.0 -1.0
2:491.3559 90.87503 272.6577 480.8979 86.4286 248.1035 546.1091 87.13663 277.8254 554.1592 56.4035 213.1376 504.3085 96.78125 293.9294 454.0091 87.50007 286.1253 440.109 81.01415 251.0254 443.609 87.50002 269.9255 454.409 87.50002 302.1255
1:-543.3059637451172 -246.33145339965822 -0.9747408676147462 -0.013752995058894157 0.012202230282127857 -0.059402454644441605 0.012745607644319534 -0.012006755918264389 0.0608559213578701 -0.058074336498975754 0.1502780020236969 -0.09306918829679489 -0.11300846934318542 0.13381001353263855 0.1265130341053009 -0.10520071536302567 0.23186326026916504 -0.026287268847227097 -0.06369935721158981 0.2626804709434509 0.1921149492263794 -527.4872504882812 -252.40459313964845 -2.5597690734863283 -512.1019266357422 -258.31134548950195 -4.101371849060059 -497.8000762939453 -263.80212936401364 -5.534411048889161 -481.5479736328125 -273.77790028463585 -7.162864685058594 -0.0 -0.0 -0.0 -478.1954345703125 -270.5584411621094 27.205387115478516 -484.9005126953125 -269.5248718261719 -41.5311164855957 -0.3906328082084656 0.19567935168743134 -0.13351699709892273 -0.4278186559677124 0.1517711877822876 0.06125308945775032 -0.6249098777770996 0.3350814878940582 -0.17473629117012024 -0.6732177138328552 0.2664439082145691 0.08175157755613327 -0.8809615969657898 0.3761519193649292 -0.1397126466035843 -0.888860821723938 0.35911059379577637 0.02698974870145321 -0.15673112869262695 0.2878202497959137 -0.026997631415724754 -0.08101547509431839 0.266889750957489 0.16586676239967346 -0.0 -0.0 -0.0 -0.0 -0.0 -0.0 -0.0 -0.0 -0.0 -0.0 -0.0 -0.0 -0.0 -0.0 -0.0 -0.0 -0.0 -0.0 -0.0 -0.0 -0.0 -0.0 -0.0 -0.0 -0.0 -0.0 -0.0 -0.0 -0.0 -0.0 -0.0 -0.0 -0.0 -0.0 -0.0 -0.0 -0.0 -0.0 -0.0 -0.0 -0.0 -0.0 -0.0 -0.0 -0.0 -0.0 -0.0 -0.0 -0.0 -0.0 -0.0 -0.0 -0.0 -0.0 -0.0 -0.0 -0.0 -0.0 -0.0 -0.0 -0.0 -0.0 -0.0 -0.0 -0.0 -0.0 -0.0 -0.0 -0.0 -0.0 -0.0 -0.0 -0.0 -0.0 -0.0 -0.0 -0.0 -0.0 -0.0 -0.0 -0.0 -0.0 -0.0 -0.0 -0.0 -0.0 -0.0 -0.0 -0.0 -0.0 -0.0 -0.0 -0.0 -0.0 -0.0 -0.0 -0.0 -0.0 -0.0 -0.0 -0.0 -0.0 -0.0 -0.0 -0.0 -0.0 -0.0 -0.0 -0.0 -0.0 -0.0 -0.0 -0.0 -0.0 -0.0 -0.0 -0.0 -0.0 -0.0 -0.0 -0.0 -0.0 -0.0 -0.0 -0.0 -0.0 -0.0 -0.0 -0.0 -0.0 -0.0 -0.0 -54.751947021484376 -24.40429229736328 -0.3425175905227661 -1.0 -1.0 -1.0 -1.0 -1.0 -1.0
2:491.3559 90.87503 272.6577 480.8979 86.4286 248.1035 546.1091 87.13663 277.8254 554.978 55.69077 207.3324 504.3085 96.78125 293.9294 454.0091 87.50007 286.1253 440.109 81.01415 251.0254 443.609 87.50002 269.9255 454.409 87.50002 302.1255
1:-543.3059637451172 -246.33145339965822 -0.9747408676147462 -0.013752995058894157 0.012202230282127857 -0.059402454644441605 0.012745607644319534 -0.012006755918264389 0.0608559213578701 -0.058074336498975754 0.1502780020236969 -0.09306918829679489 -0.11300846934318542 0.13381001353263855 0.1265130341053009 -0.10520071536302567 0.23186326026916504 -0.026287268847227097 -0.06369935721158981 0.2626804709434509 0.1921149492263794 -527.4872504882812 -252.40459313964845 -2.5597690734863283 -512.1019266357422 -258.31134548950195 -4.101371849060059 -497.8000762939453 -263.80212936401364 -5.534411048889161 -481.5479736328125 -273.77790028463585 -7.162864685058594 -0.0 -0.0 -0.0 -478.1954345703125 -270.5584411621094 27.205387115478516 -484.9005126953125 -269.5248718261719 -41.5311164855957 -0.3906328082084656 0.19567935168743134 -0.13351699709892273 -0.4278186559677124 0.1517711877822876 0.06125308945775032 -0.6249098777770996 0.3350814878940582 -0.17473629117012024 -0.6732177138328552 0.2664439082145691 0.08175157755613327 -0.8809615969657898 0.3761519193649292 -0.1397126466035843 -0.888860821723938 0.35911059379577637 0.02698974870145321 -0.15673112869262695 0.2878202497959137 -0.026997631415724754 -0.08101547509431839 0.266889750957489 0.16586676239967346 -0.0 -0.0 -0.0 -0.0 -0.0 -0.0 -0.0 -0.0 -0.0 -0.0 -0.0 -0.0 -0.0 -0.0 -0.0 -0.0 -0.0 -0.0 -0.0 -0.0 -0.0 -0.0 -0.0 -0.0 -0.0 -0.0 -0.0 -0.0 -0.0 -0.0 -0.0 -0.0 -0.0 -0.0 -0.0 -0.0 -0.0 -0.0 -0.0 -0.0 -0.0 -0.0 -0.0 -0.0 -0.0 -0.0 -0.0 -0.0 -0.0 -0.0 -0.0 -0.0 -0.0 -0.0 -0.0 -0.0 -0.0 -0.0 -0.0 -0.0 -0.0 -0.0 -0.0 -0.0 -0.0 -0.0 -0.0 -0.0 -0.0 -0.0 -0.0 -0.0 -0.0 -0.0 -0.0 -0.0 -0.0 -0.0 -0.0 -0.0 -0.0 -0.0 -0.0 -0.0 -0.0 -0.0 -0.0 -0.0 -0.0 -0.0 -0.0 -0.0 -0.0 -0.0 -0.0 -0.0 -0.0 -0.0 -0.0 -0.0 -0.0 -0.0 -0.0 -0.0 -0.0 -0.0 -0.0 -0.0 -0.0 -0.0 -0.0 -0.0 -0.0 -0.0 -0.0 -0.0 -0.0 -0.0 -0.0 -0.0 -0.0 -0.0 -0.0 -0.0 -0.0 -0.0 -0.0 -0.0 -0.0 -0.0 -0.0 -0.0 -54.751947021484376 -24.40429229736328 -0.3425175905227661 -1.0 -1.0 -1.0 -1.0 -1.0 -1.0
2:491.3559 90.87503 272.6577 480.8979 86.4286 248.1035 546.1091 87.13663 277.8254 556.9867 56.66904 203.8551 504.3085 96.78125 293.9294 454.0091 87.50007 286.1253 440.109 81.01415 251.0254 443.609 87.50002 269.9255 454.409 87.50002 302.1255
1:-543.3059637451172 -246.33145339965822 -0.9747408676147462 -0.013752995058894157 0.012202230282127857 -0.059402454644441605 0.012745607644319534 -0.012006755918264389 0.0608559213578701 -0.058074336498975754 0.1502780020236969 -0.09306918829679489 -0.11300846934318542 0.13381001353263855 0.1265130341053009 -0.10520071536302567 0.23186326026916504 -0.026287268847227097 -0.06369935721158981 0.2626804709434509 0.1921149492263794 -527.4872504882812 -252.40459313964845 -2.5597690734863283 -512.1019266357422 -258.31134548950195 -4.101371849060059 -497.8000762939453 -263.80212936401364 -5.534411048889161 -481.5479736328125 -273.77790028463585 -7.162864685058594 -0.0 -0.0 -0.0 -478.1954345703125 -270.5584411621094 27.205387115478516 -484.9005126953125 -269.5248718261719 -41.5311164855957 -0.3906328082084656 0.19567935168743134 -0.13351699709892273 -0.4278186559677124 0.1517711877822876 0.06125308945775032 -0.6249098777770996 0.3350814878940582 -0.17473629117012024 -0.6732177138328552 0.2664439082145691 0.08175157755613327 -0.8809615969657898 0.3761519193649292 -0.1397126466035843 -0.888860821723938 0.35911059379577637 0.02698974870145321 -0.15673112869262695 0.2878202497959137 -0.026997631415724754 -0.08101547509431839 0.266889750957489 0.16586676239967346 -0.0 -0.0 -0.0 -0.0 -0.0 -0.0 -0.0 -0.0 -0.0 -0.0 -0.0 -0.0 -0.0 -0.0 -0.0 -0.0 -0.0 -0.0 -0.0 -0.0 -0.0 -0.0 -0.0 -0.0 -0.0 -0.0 -0.0 -0.0 -0.0 -0.0 -0.0 -0.0 -0.0 -0.0 -0.0 -0.0 -0.0 -0.0 -0.0 -0.0 -0.0 -0.0 -0.0 -0.0 -0.0 -0.0 -0.0 -0.0 -0.0 -0.0 -0.0 -0.0 -0.0 -0.0 -0.0 -0.0 -0.0 -0.0 -0.0 -0.0 -0.0 -0.0 -0.0 -0.0 -0.0 -0.0 -0.0 -0.0 -0.0 -0.0 -0.0 -0.0 -0.0 -0.0 -0.0 -0.0 -0.0 -0.0 -0.0 -0.0 -0.0 -0.0 -0.0 -0.0 -0.0 -0.0 -0.0 -0.0 -0.0 -0.0 -0.0 -0.0 -0.0 -0.0 -0.0 -0.0 -0.0 -0.0 -0.0 -0.0 -0.0 -0.0 -0.0 -0.0 -0.0 -0.0 -0.0 -0.0 -0.0 -0.0 -0.0 -0.0 -0.0 -0.0 -0.0 -0.0 -0.0 -0.0 -0.0 -0.0 -0.0 -0.0 -0.0 -0.0 -0.0 -0.0 -0.0 -0.0 -0.0 -0.0 -0.0 -0.0 -54.751947021484376 -24.40429229736328 -0.3425175905227661 -1.0 -1.0 -1.0 -1.0 -1.0 -1.0
2:491.3559 90.87503 272.6577 480.8979 86.4286 248.1035 546.1091 87.13663 277.8254 558.5801 57.71086 202.5982 504.3085 96.78125 293.9294 454.0091 87.50007 286.1253 440.109 81.01415 251.0254 443.609 87.50002 269.9255 454.409 87.50002 302.1255
1:-543.3059637451172 -246.33145339965822 -0.9747408676147462 -0.013752995058894157 0.012202230282127857 -0.059402454644441605 0.012745607644319534 -0.012006755918264389 0.0608559213578701 -0.058074336498975754 0.1502780020236969 -0.09306918829679489 -0.11300846934318542 0.13381001353263855 0.1265130341053009 -0.10520071536302567 0.23186326026916504 -0.026287268847227097 -0.06369935721158981 0.2626804709434509 0.1921149492263794 -527.4872504882812 -252.40459313964845 -2.5597690734863283 -512.1019266357422 -258.31134548950195 -4.101371849060059 -497.8000762939453 -263.80212936401364 -5.534411048889161 -481.5479736328125 -273.77790028463585 -7.162864685058594 -0.0 -0.0 -0.0 -478.1954345703125 -270.5584411621094 27.205387115478516 -484.9005126953125 -269.5248718261719 -41.5311164855957 -0.3906328082084656 0.19567935168743134 -0.13351699709892273 -0.4278186559677124 0.1517711877822876 0.06125308945775032 -0.6249098777770996 0.3350814878940582 -0.17473629117012024 -0.6732177138328552 0.2664439082145691 0.08175157755613327 -0.8809615969657898 0.3761519193649292 -0.1397126466035843 -0.888860821723938 0.35911059379577637 0.02698974870145321 -0.15673112869262695 0.2878202497959137 -0.026997631415724754 -0.08101547509431839 0.266889750957489 0.16586676239967346 -0.0 -0.0 -0.0 -0.0 -0.0 -0.0 -0.0 -0.0 -0.0 -0.0 -0.0 -0.0 -0.0 -0.0 -0.0 -0.0 -0.0 -0.0 -0.0 -0.0 -0.0 -0.0 -0.0 -0.0 -0.0 -0.0 -0.0 -0.0 -0.0 -0.0 -0.0 -0.0 -0.0 -0.0 -0.0 -0.0 -0.0 -0.0 -0.0 -0.0 -0.0 -0.0 -0.0 -0.0 -0.0 -0.0 -0.0 -0.0 -0.0 -0.0 -0.0 -0.0 -0.0 -0.0 -0.0 -0.0 -0.0 -0.0 -0.0 -0.0 -0.0 -0.0 -0.0 -0.0 -0.0 -0.0 -0.0 -0.0 -0.0 -0.0 -0.0 -0.0 -0.0 -0.0 -0.0 -0.0 -0.0 -0.0 -0.0 -0.0 -0.0 -0.0 -0.0 -0.0 -0.0 -0.0 -0.0 -0.0 -0.0 -0.0 -0.0 -0.0 -0.0 -0.0 -0.0 -0.0 -0.0 -0.0 -0.0 -0.0 -0.0 -0.0 -0.0 -0.0 -0.0 -0.0 -0.0 -0.0 -0.0 -0.0 -0.0 -0.0 -0.0 -0.0 -0.0 -0.0 -0.0 -0.0 -0.0 -0.0 -0.0 -0.0 -0.0 -0.0 -0.0 -0.0 -0.0 -0.0 -0.0 -0.0 -0.0 -0.0 -54.751947021484376 -24.40429229736328 -0.3425175905227661 -1.0 -1.0 -1.0 -1.0 -1.0 -1.0
2:491.3559 90.87503 272.6577 480.8979 86.4286 248.1035 546.1091 87.13663 277.8254 561.0719 59.39189 201.3921 504.3085 96.78125 293.9294 454.0091 87.50007 286.1253 440.109 81.01415 251.0254 443.609 87.50002 269.9255 454.409 87.50002 302.1255
1:-543.3059637451172 -246.33145339965822 -0.9747408676147462 -0.013752995058894157 0.012202230282127857 -0.059402454644441605 0.012745607644319534 -0.012006755918264389 0.0608559213578701 -0.058074336498975754 0.1502780020236969 -0.09306918829679489 -0.11300846934318542 0.13381001353263855 0.1265130341053009 -0.10520071536302567 0.23186326026916504 -0.026287268847227097 -0.06369935721158981 0.2626804709434509 0.1921149492263794 -527.4872504882812 -252.40459313964845 -2.5597690734863283 -512.1019266357422 -258.31134548950195 -4.101371849060059 -497.8000762939453 -263.80212936401364 -5.534411048889161 -481.5479736328125 -273.77790028463585 -7.162864685058594 -0.0 -0.0 -0.0 -478.1954345703125 -270.5584411621094 27.205387115478516 -484.9005126953125 -269.5248718261719 -41.5311164855957 -0.3906328082084656 0.19567935168743134 -0.13351699709892273 -0.4278186559677124 0.1517711877822876 0.06125308945775032 -0.6249098777770996 0.3350814878940582 -0.17473629117012024 -0.6732177138328552 0.2664439082145691 0.08175157755613327 -0.8809615969657898 0.3761519193649292 -0.1397126466035843 -0.888860821723938 0.35911059379577637 0.02698974870145321 -0.15673112869262695 0.2878202497959137 -0.026997631415724754 -0.08101547509431839 0.266889750957489 0.16586676239967346 -0.0 -0.0 -0.0 -0.0 -0.0 -0.0 -0.0 -0.0 -0.0 -0.0 -0.0 -0.0 -0.0 -0.0 -0.0 -0.0 -0.0 -0.0 -0.0 -0.0 -0.0 -0.0 -0.0 -0.0 -0.0 -0.0 -0.0 -0.0 -0.0 -0.0 -0.0 -0.0 -0.0 -0.0 -0.0 -0.0 -0.0 -0.0 -0.0 -0.0 -0.0 -0.0 -0.0 -0.0 -0.0 -0.0 -0.0 -0.0 -0.0 -0.0 -0.0 -0.0 -0.0 -0.0 -0.0 -0.0 -0.0 -0.0 -0.0 -0.0 -0.0 -0.0 -0.0 -0.0 -0.0 -0.0 -0.0 -0.0 -0.0 -0.0 -0.0 -0.0 -0.0 -0.0 -0.0 -0.0 -0.0 -0.0 -0.0 -0.0 -0.0 -0.0 -0.0 -0.0 -0.0 -0.0 -0.0 -0.0 -0.0 -0.0 -0.0 -0.0 -0.0 -0.0 -0.0 -0.0 -0.0 -0.0 -0.0 -0.0 -0.0 -0.0 -0.0 -0.0 -0.0 -0.0 -0.0 -0.0 -0.0 -0.0 -0.0 -0.0 -0.0 -0.0 -0.0 -0.0 -0.0 -0.0 -0.0 -0.0 -0.0 -0.0 -0.0 -0.0 -0.0 -0.0 -0.0 -0.0 -0.0 -0.0 -0.0 -0.0 -54.751947021484376 -24.40429229736328 -0.3425175905227661 -1.0 -1.0 -1.0 -1.0 -1.0 -1.0
2:491.3559 90.87503 272.6577 480.8979 86.4286 248.1035 546.1091 87.13663 277.8254 563.2228 60.91933 200.973 504.3085 96.78125 293.9294 454.0091 87.50007 286.1253 440.109 81.01415 251.0254 443.609 87.50002 269.9255 454.409 87.50002 302.1255
1:-543.3059637451172 -246.33145339965822 -0.9747408676147462 -0.013752995058894157 0.012202230282127857 -0.059402454644441605 0.012745607644319534 -0.012006755918264389 0.0608559213578701 -0.058074336498975754 0.1502780020236969 -0.09306918829679489 -0.11300846934318542 0.13381001353263855 0.1265130341053009 -0.10520071536302567 0.23186326026916504 -0.026287268847227097 -0.06369935721158981 0.2626804709434509 0.1921149492263794 -527.4872504882812 -252.40459313964845 -2.5597690734863283 -512.1019266357422 -258.31134548950195 -4.101371849060059 -497.8000762939453 -263.80212936401364 -5.534411048889161 -481.5479736328125 -273.77790028463585 -7.162864685058594 -0.0 -0.0 -0.0 -478.1954345703125 -270.5584411621094 27.205387115478516 -484.9005126953125 -269.5248718261719 -41.5311164855957 -0.3906328082084656 0.19567935168743134 -0.13351699709892273 -0.4278186559677124 0.1517711877822876 0.06125308945775032 -0.6249098777770996 0.3350814878940582 -0.17473629117012024 -0.6732177138328552 0.2664439082145691 0.08175157755613327 -0.8809615969657898 0.3761519193649292 -0.1397126466035843 -0.888860821723938 0.35911059379577637 0.02698974870145321 -0.15673112869262695 0.2878202497959137 -0.026997631415724754 -0.08101547509431839 0.266889750957489 0.16586676239967346 -0.0 -0.0 -0.0 -0.0 -0.0 -0.0 -0.0 -0.0 -0.0 -0.0 -0.0 -0.0 -0.0 -0.0 -0.0 -0.0 -0.0 -0.0 -0.0 -0.0 -0.0 -0.0 -0.0 -0.0 -0.0 -0.0 -0.0 -0.0 -0.0 -0.0 -0.0 -0.0 -0.0 -0.0 -0.0 -0.0 -0.0 -0.0 -0.0 -0.0 -0.0 -0.0 -0.0 -0.0 -0.0 -0.0 -0.0 -0.0 -0.0 -0.0 -0.0 -0.0 -0.0 -0.0 -0.0 -0.0 -0.0 -0.0 -0.0 -0.0 -0.0 -0.0 -0.0 -0.0 -0.0 -0.0 -0.0 -0.0 -0.0 -0.0 -0.0 -0.0 -0.0 -0.0 -0.0 -0.0 -0.0 -0.0 -0.0 -0.0 -0.0 -0.0 -0.0 -0.0 -0.0 -0.0 -0.0 -0.0 -0.0 -0.0 -0.0 -0.0 -0.0 -0.0 -0.0 -0.0 -0.0 -0.0 -0.0 -0.0 -0.0 -0.0 -0.0 -0.0 -0.0 -0.0 -0.0 -0.0 -0.0 -0.0 -0.0 -0.0 -0.0 -0.0 -0.0 -0.0 -0.0 -0.0 -0.0 -0.0 -0.0 -0.0 -0.0 -0.0 -0.0 -0.0 -0.0 -0.0 -0.0 -0.0 -0.0 -0.0 -54.751947021484376 -24.40429229736328 -0.3425175905227661 -1.0 -1.0 -1.0 -1.0 -1.0 -1.0
2:491.3559 90.87503 272.6577 480.8979 86.4286 248.1035 546.1091 87.13663 277.8254 565.1099 62.04848 200.9583 504.3085 96.78125 293.9294 454.0091 87.50007 286.1253 440.109 81.01415 251.0254 443.609 87.50002 269.9255 454.409 87.50002 302.1255
1:-543.3059637451172 -246.33145339965822 -0.9747408676147462 -0.013752995058894157 0.012202230282127857 -0.059402454644441605 0.012745607644319534 -0.012006755918264389 0.0608559213578701 -0.058074336498975754 0.1502780020236969 -0.09306918829679489 -0.11300846934318542 0.13381001353263855 0.1265130341053009 -0.10520071536302567 0.23186326026916504 -0.026287268847227097 -0.06369935721158981 0.2626804709434509 0.1921149492263794 -527.4872504882812 -252.40459313964845 -2.5597690734863283 -512.1019266357422 -258.31134548950195 -4.101371849060059 -497.8000762939453 -263.80212936401364 -5.534411048889161 -481.5479736328125 -273.77790028463585 -7.162864685058594 -0.0 -0.0 -0.0 -478.1954345703125 -270.5584411621094 27.205387115478516 -484.9005126953125 -269.5248718261719 -41.5311164855957 -0.3906328082084656 0.19567935168743134 -0.13351699709892273 -0.4278186559677124 0.1517711877822876 0.06125308945775032 -0.6249098777770996 0.3350814878940582 -0.17473629117012024 -0.6732177138328552 0.2664439082145691 0.08175157755613327 -0.8809615969657898 0.3761519193649292 -0.1397126466035843 -0.888860821723938 0.35911059379577637 0.02698974870145321 -0.15673112869262695 0.2878202497959137 -0.026997631415724754 -0.08101547509431839 0.266889750957489 0.16586676239967346 -0.0 -0.0 -0.0 -0.0 -0.0 -0.0 -0.0 -0.0 -0.0 -0.0 -0.0 -0.0 -0.0 -0.0 -0.0 -0.0 -0.0 -0.0 -0.0 -0.0 -0.0 -0.0 -0.0 -0.0 -0.0 -0.0 -0.0 -0.0 -0.0 -0.0 -0.0 -0.0 -0.0 -0.0 -0.0 -0.0 -0.0 -0.0 -0.0 -0.0 -0.0 -0.0 -0.0 -0.0 -0.0 -0.0 -0.0 -0.0 -0.0 -0.0 -0.0 -0.0 -0.0 -0.0 -0.0 -0.0 -0.0 -0.0 -0.0 -0.0 -0.0 -0.0 -0.0 -0.0 -0.0 -0.0 -0.0 -0.0 -0.0 -0.0 -0.0 -0.0 -0.0 -0.0 -0.0 -0.0 -0.0 -0.0 -0.0 -0.0 -0.0 -0.0 -0.0 -0.0 -0.0 -0.0 -0.0 -0.0 -0.0 -0.0 -0.0 -0.0 -0.0 -0.0 -0.0 -0.0 -0.0 -0.0 -0.0 -0.0 -0.0 -0.0 -0.0 -0.0 -0.0 -0.0 -0.0 -0.0 -0.0 -0.0 -0.0 -0.0 -0.0 -0.0 -0.0 -0.0 -0.0 -0.0 -0.0 -0.0 -0.0 -0.0 -0.0 -0.0 -0.0 -0.0 -0.0 -0.0 -0.0 -0.0 -0.0 -0.0 -54.751947021484376 -24.40429229736328 -0.3425175905227661 -1.0 -1.0 -1.0 -1.0 -1.0 -1.0
2:491.3559 90.87503 272.6577 480.8979 86.4286 248.1035 546.1091 87.13663 277.8254 566.6647 62.90889 201.1223 504.3085 96.78125 293.9294 454.0091 87.50007 286.1253 440.109 81.01415 251.0254 443.609 87.50002 269.9255 454.409 87.50002 302.1255
1:-543.3059637451172 -246.33145339965822 -0.9747408676147462 -0.013752995058894157 0.012202230282127857 -0.059402454644441605 0.012745607644319534 -0.012006755918264389 0.0608559213578701 -0.058074336498975754 0.1502780020236969 -0.09306918829679489 -0.11300846934318542 0.13381001353263855 0.1265130341053009 -0.10520071536302567 0.23186326026916504 -0.026287268847227097 -0.06369935721158981 0.2626804709434509 0.1921149492263794 -527.4872504882812 -252.40459313964845 -2.5597690734863283 -512.1019266357422 -258.31134548950195 -4.101371849060059 -497.8000762939453 -263.80212936401364 -5.534411048889161 -481.5479736328125 -273.77790028463585 -7.162864685058594 -0.0 -0.0 -0.0 -478.1954345703125 -270.5584411621094 27.205387115478516 -484.9005126953125 -269.5248718261719 -41.5311164855957 -0.3906328082084656 0.19567935168743134 -0.13351699709892273 -0.4278186559677124 0.1517711877822876 0.06125308945775032 -0.6249098777770996 0.3350814878940582 -0.17473629117012024 -0.6732177138328552 0.2664439082145691 0.08175157755613327 -0.8809615969657898 0.3761519193649292 -0.1397126466035843 -0.888860821723938 0.35911059379577637 0.02698974870145321 -0.15673112869262695 0.2878202497959137 -0.026997631415724754 -0.08101547509431839 0.266889750957489 0.16586676239967346 -0.0 -0.0 -0.0 -0.0 -0.0 -0.0 -0.0 -0.0 -0.0 -0.0 -0.0 -0.0 -0.0 -0.0 -0.0 -0.0 -0.0 -0.0 -0.0 -0.0 -0.0 -0.0 -0.0 -0.0 -0.0 -0.0 -0.0 -0.0 -0.0 -0.0 -0.0 -0.0 -0.0 -0.0 -0.0 -0.0 -0.0 -0.0 -0.0 -0.0 -0.0 -0.0 -0.0 -0.0 -0.0 -0.0 -0.0 -0.0 -0.0 -0.0 -0.0 -0.0 -0.0 -0.0 -0.0 -0.0 -0.0 -0.0 -0.0 -0.0 -0.0 -0.0 -0.0 -0.0 -0.0 -0.0 -0.0 -0.0 -0.0 -0.0 -0.0 -0.0 -0.0 -0.0 -0.0 -0.0 -0.0 -0.0 -0.0 -0.0 -0.0 -0.0 -0.0 -0.0 -0.0 -0.0 -0.0 -0.0 -0.0 -0.0 -0.0 -0.0 -0.0 -0.0 -0.0 -0.0 -0.0 -0.0 -0.0 -0.0 -0.0 -0.0 -0.0 -0.0 -0.0 -0.0 -0.0 -0.0 -0.0 -0.0 -0.0 -0.0 -0.0 -0.0 -0.0 -0.0 -0.0 -0.0 -0.0 -0.0 -0.0 -0.0 -0.0 -0.0 -0.0 -0.0 -0.0 -0.0 -0.0 -0.0 -0.0 -0.0 -54.751947021484376 -24.40429229736328 -0.3425175905227661 -1.0 -1.0 -1.0 -1.0 -1.0 -1.0
2:491.3559 90.87503 272.6577 480.8979 86.4286 248.1035 546.1091 87.13663 277.8254 567.5928 63.36279 201.2368 504.3085 96.78125 293.9294 454.0091 87.50007 286.1253 440.109 81.01415 251.0254 443.609 87.50002 269.9255 454.409 87.50002 302.1255
1:-543.3059637451172 -246.33145339965822 -0.9747408676147462 -0.013752995058894157 0.012202230282127857 -0.059402454644441605 0.012745607644319534 -0.012006755918264389 0.0608559213578701 -0.058074336498975754 0.1502780020236969 -0.09306918829679489 -0.11300846934318542 0.13381001353263855 0.1265130341053009 -0.10520071536302567 0.23186326026916504 -0.026287268847227097 -0.06369935721158981 0.2626804709434509 0.1921149492263794 -527.4872504882812 -252.40459313964845 -2.5597690734863283 -512.1019266357422 -258.31134548950195 -4.101371849060059 -497.8000762939453 -263.80212936401364 -5.534411048889161 -481.5479736328125 -273.77790028463585 -7.162864685058594 -0.0 -0.0 -0.0 -478.1954345703125 -270.5584411621094 27.205387115478516 -484.9005126953125 -269.5248718261719 -41.5311164855957 -0.3906328082084656 0.19567935168743134 -0.13351699709892273 -0.4278186559677124 0.1517711877822876 0.06125308945775032 -0.6249098777770996 0.3350814878940582 -0.17473629117012024 -0.6732177138328552 0.2664439082145691 0.08175157755613327 -0.8809615969657898 0.3761519193649292 -0.1397126466035843 -0.888860821723938 0.35911059379577637 0.02698974870145321 -0.15673112869262695 0.2878202497959137 -0.026997631415724754 -0.08101547509431839 0.266889750957489 0.16586676239967346 -0.0 -0.0 -0.0 -0.0 -0.0 -0.0 -0.0 -0.0 -0.0 -0.0 -0.0 -0.0 -0.0 -0.0 -0.0 -0.0 -0.0 -0.0 -0.0 -0.0 -0.0 -0.0 -0.0 -0.0 -0.0 -0.0 -0.0 -0.0 -0.0 -0.0 -0.0 -0.0 -0.0 -0.0 -0.0 -0.0 -0.0 -0.0 -0.0 -0.0 -0.0 -0.0 -0.0 -0.0 -0.0 -0.0 -0.0 -0.0 -0.0 -0.0 -0.0 -0.0 -0.0 -0.0 -0.0 -0.0 -0.0 -0.0 -0.0 -0.0 -0.0 -0.0 -0.0 -0.0 -0.0 -0.0 -0.0 -0.0 -0.0 -0.0 -0.0 -0.0 -0.0 -0.0 -0.0 -0.0 -0.0 -0.0 -0.0 -0.0 -0.0 -0.0 -0.0 -0.0 -0.0 -0.0 -0.0 -0.0 -0.0 -0.0 -0.0 -0.0 -0.0 -0.0 -0.0 -0.0 -0.0 -0.0 -0.0 -0.0 -0.0 -0.0 -0.0 -0.0 -0.0 -0.0 -0.0 -0.0 -0.0 -0.0 -0.0 -0.0 -0.0 -0.0 -0.0 -0.0 -0.0 -0.0 -0.0 -0.0 -0.0 -0.0 -0.0 -0.0 -0.0 -0.0 -0.0 -0.0 -0.0 -0.0 -0.0 -0.0 -54.751947021484376 -24.40429229736328 -0.3425175905227661 -1.0 -1.0 -1.0 -1.0 -1.0 -1.0
2:491.3559 90.87503 272.6577 480.8979 86.4286 248.1035 546.1091 87.13663 277.8254 568.4564 63.77747 201.8284 504.3085 96.78125 293.9294 454.0091 87.50007 286.1253 440.109 81.01415 251.0254 443.609 87.50002 269.9255 454.409 87.50002 302.1255
1:-543.3059637451172 -246.33145339965822 -0.9747408676147462 -0.013752995058894157 0.012202230282127857 -0.059402454644441605 0.012745607644319534 -0.012006755918264389 0.0608559213578701 -0.058074336498975754 0.1502780020236969 -0.09306918829679489 -0.11300846934318542 0.13381001353263855 0.1265130341053009 -0.10520071536302567 0.23186326026916504 -0.026287268847227097 -0.06369935721158981 0.2626804709434509 0.1921149492263794 -527.4872504882812 -252.40459313964845 -2.5597690734863283 -512.1019266357422 -258.31134548950195 -4.101371849060059 -497.8000762939453 -263.80212936401364 -5.534411048889161 -481.5479736328125 -273.77790028463585 -7.162864685058594 -0.0 -0.0 -0.0 -478.1954345703125 -270.5584411621094 27.205387115478516 -484.9005126953125 -269.5248718261719 -41.5311164855957 -0.3906328082084656 0.19567935168743134 -0.13351699709892273 -0.4278186559677124 0.1517711877822876 0.06125308945775032 -0.6249098777770996 0.3350814878940582 -0.17473629117012024 -0.6732177138328552 0.2664439082145691 0.08175157755613327 -0.8809615969657898 0.3761519193649292 -0.1397126466035843 -0.888860821723938 0.35911059379577637 0.02698974870145321 -0.15673112869262695 0.2878202497959137 -0.026997631415724754 -0.08101547509431839 0.266889750957489 0.16586676239967346 -0.0 -0.0 -0.0 -0.0 -0.0 -0.0 -0.0 -0.0 -0.0 -0.0 -0.0 -0.0 -0.0 -0.0 -0.0 -0.0 -0.0 -0.0 -0.0 -0.0 -0.0 -0.0 -0.0 -0.0 -0.0 -0.0 -0.0 -0.0 -0.0 -0.0 -0.0 -0.0 -0.0 -0.0 -0.0 -0.0 -0.0 -0.0 -0.0 -0.0 -0.0 -0.0 -0.0 -0.0 -0.0 -0.0 -0.0 -0.0 -0.0 -0.0 -0.0 -0.0 -0.0 -0.0 -0.0 -0.0 -0.0 -0.0 -0.0 -0.0 -0.0 -0.0 -0.0 -0.0 -0.0 -0.0 -0.0 -0.0 -0.0 -0.0 -0.0 -0.0 -0.0 -0.0 -0.0 -0.0 -0.0 -0.0 -0.0 -0.0 -0.0 -0.0 -0.0 -0.0 -0.0 -0.0 -0.0 -0.0 -0.0 -0.0 -0.0 -0.0 -0.0 -0.0 -0.0 -0.0 -0.0 -0.0 -0.0 -0.0 -0.0 -0.0 -0.0 -0.0 -0.0 -0.0 -0.0 -0.0 -0.0 -0.0 -0.0 -0.0 -0.0 -0.0 -0.0 -0.0 -0.0 -0.0 -0.0 -0.0 -0.0 -0.0 -0.0 -0.0 -0.0 -0.0 -0.0 -0.0 -0.0 -0.0 -0.0 -0.0 -54.751947021484376 -24.40429229736328 -0.3425175905227661 -1.0 -1.0 -1.0 -1.0 -1.0 -1.0
2:491.3559 90.87503 272.6577 480.8979 86.4286 248.1035 546.1091 87.13663 277.8254 569.3922 64.04781 201.9923 504.3085 96.78125 293.9294 454.0091 87.50007 286.1253 440.109 81.01415 251.0254 443.609 87.50002 269.9255 454.409 87.50002 302.1255
1:-543.3059637451172 -246.33145339965822 -0.9747408676147462 -0.013752995058894157 0.012202230282127857 -0.059402454644441605 0.012745607644319534 -0.012006755918264389 0.0608559213578701 -0.058074336498975754 0.1502780020236969 -0.09306918829679489 -0.11300846934318542 0.13381001353263855 0.1265130341053009 -0.10520071536302567 0.23186326026916504 -0.026287268847227097 -0.06369935721158981 0.2626804709434509 0.1921149492263794 -527.4872504882812 -252.40459313964845 -2.5597690734863283 -512.1019266357422 -258.31134548950195 -4.101371849060059 -497.8000762939453 -263.80212936401364 -5.534411048889161 -481.5479736328125 -273.77790028463585 -7.162864685058594 -0.0 -0.0 -0.0 -478.1954345703125 -270.5584411621094 27.205387115478516 -484.9005126953125 -269.5248718261719 -41.5311164855957 -0.3906328082084656 0.19567935168743134 -0.13351699709892273 -0.4278186559677124 0.1517711877822876 0.06125308945775032 -0.6249098777770996 0.3350814878940582 -0.17473629117012024 -0.6732177138328552 0.2664439082145691 0.08175157755613327 -0.8809615969657898 0.3761519193649292 -0.1397126466035843 -0.888860821723938 0.35911059379577637 0.02698974870145321 -0.15673112869262695 0.2878202497959137 -0.026997631415724754 -0.08101547509431839 0.266889750957489 0.16586676239967346 -0.0 -0.0 -0.0 -0.0 -0.0 -0.0 -0.0 -0.0 -0.0 -0.0 -0.0 -0.0 -0.0 -0.0 -0.0 -0.0 -0.0 -0.0 -0.0 -0.0 -0.0 -0.0 -0.0 -0.0 -0.0 -0.0 -0.0 -0.0 -0.0 -0.0 -0.0 -0.0 -0.0 -0.0 -0.0 -0.0 -0.0 -0.0 -0.0 -0.0 -0.0 -0.0 -0.0 -0.0 -0.0 -0.0 -0.0 -0.0 -0.0 -0.0 -0.0 -0.0 -0.0 -0.0 -0.0 -0.0 -0.0 -0.0 -0.0 -0.0 -0.0 -0.0 -0.0 -0.0 -0.0 -0.0 -0.0 -0.0 -0.0 -0.0 -0.0 -0.0 -0.0 -0.0 -0.0 -0.0 -0.0 -0.0 -0.0 -0.0 -0.0 -0.0 -0.0 -0.0 -0.0 -0.0 -0.0 -0.0 -0.0 -0.0 -0.0 -0.0 -0.0 -0.0 -0.0 -0.0 -0.0 -0.0 -0.0 -0.0 -0.0 -0.0 -0.0 -0.0 -0.0 -0.0 -0.0 -0.0 -0.0 -0.0 -0.0 -0.0 -0.0 -0.0 -0.0 -0.0 -0.0 -0.0 -0.0 -0.0 -0.0 -0.0 -0.0 -0.0 -0.0 -0.0 -0.0 -0.0 -0.0 -0.0 -0.0 -0.0 -54.751947021484376 -24.40429229736328 -0.3425175905227661 -1.0 -1.0 -1.0 -1.0 -1.0 -1.0
2:491.3559 90.87503 272.6577 480.8979 86.4286 248.1035 546.1091 87.13663 277.8254 569.8109 64.13712 202.5627 504.3085 96.78125 293.9294 454.0091 87.50007 286.1253 440.109 81.01415 251.0254 443.609 87.50002 269.9255 454.409 87.50002 302.1255
1:-543.3059637451172 -246.33145339965822 -0.9747408676147462 -0.013752995058894157 0.012202230282127857 -0.059402454644441605 0.012745607644319534 -0.012006755918264389 0.0608559213578701 -0.058074336498975754 0.1502780020236969 -0.09306918829679489 -0.11300846934318542 0.13381001353263855 0.1265130341053009 -0.10520071536302567 0.23186326026916504 -0.026287268847227097 -0.06369935721158981 0.2626804709434509 0.1921149492263794 -527.4872504882812 -252.40459313964845 -2.5597690734863283 -512.1019266357422 -258.31134548950195 -4.101371849060059 -497.8000762939453 -263.80212936401364 -5.534411048889161 -481.5479736328125 -273.77790028463585 -7.162864685058594 -0.0 -0.0 -0.0 -478.1954345703125 -270.5584411621094 27.205387115478516 -484.9005126953125 -269.5248718261719 -41.5311164855957 -0.3906328082084656 0.19567935168743134 -0.13351699709892273 -0.4278186559677124 0.1517711877822876 0.06125308945775032 -0.6249098777770996 0.3350814878940582 -0.17473629117012024 -0.6732177138328552 0.2664439082145691 0.08175157755613327 -0.8809615969657898 0.3761519193649292 -0.1397126466035843 -0.888860821723938 0.35911059379577637 0.02698974870145321 -0.15673112869262695 0.2878202497959137 -0.026997631415724754 -0.08101547509431839 0.266889750957489 0.16586676239967346 -0.0 -0.0 -0.0 -0.0 -0.0 -0.0 -0.0 -0.0 -0.0 -0.0 -0.0 -0.0 -0.0 -0.0 -0.0 -0.0 -0.0 -0.0 -0.0 -0.0 -0.0 -0.0 -0.0 -0.0 -0.0 -0.0 -0.0 -0.0 -0.0 -0.0 -0.0 -0.0 -0.0 -0.0 -0.0 -0.0 -0.0 -0.0 -0.0 -0.0 -0.0 -0.0 -0.0 -0.0 -0.0 -0.0 -0.0 -0.0 -0.0 -0.0 -0.0 -0.0 -0.0 -0.0 -0.0 -0.0 -0.0 -0.0 -0.0 -0.0 -0.0 -0.0 -0.0 -0.0 -0.0 -0.0 -0.0 -0.0 -0.0 -0.0 -0.0 -0.0 -0.0 -0.0 -0.0 -0.0 -0.0 -0.0 -0.0 -0.0 -0.0 -0.0 -0.0 -0.0 -0.0 -0.0 -0.0 -0.0 -0.0 -0.0 -0.0 -0.0 -0.0 -0.0 -0.0 -0.0 -0.0 -0.0 -0.0 -0.0 -0.0 -0.0 -0.0 -0.0 -0.0 -0.0 -0.0 -0.0 -0.0 -0.0 -0.0 -0.0 -0.0 -0.0 -0.0 -0.0 -0.0 -0.0 -0.0 -0.0 -0.0 -0.0 -0.0 -0.0 -0.0 -0.0 -0.0 -0.0 -0.0 -0.0 -0.0 -0.0 -54.751947021484376 -24.40429229736328 -0.3425175905227661 -1.0 -1.0 -1.0 -1.0 -1.0 -1.0
2:491.3559 90.87503 272.6577 480.8979 86.4286 248.1035 546.1091 87.13663 277.8254 570.4231 64.18025 202.6953 504.3085 96.78125 293.9294 454.0091 87.50007 286.1253 440.109 81.01415 251.0254 443.609 87.50002 269.9255 454.409 87.50002 302.1255
1:-543.3059637451172 -246.33145339965822 -0.9747408676147462 -0.013752995058894157 0.012202230282127857 -0.059402454644441605 0.012745607644319534 -0.012006755918264389 0.0608559213578701 -0.058074336498975754 0.1502780020236969 -0.09306918829679489 -0.11300846934318542 0.13381001353263855 0.1265130341053009 -0.10520071536302567 0.23186326026916504 -0.026287268847227097 -0.06369935721158981 0.2626804709434509 0.1921149492263794 -527.4872504882812 -252.40459313964845 -2.5597690734863283 -512.1019266357422 -258.31134548950195 -4.101371849060059 -497.8000762939453 -263.80212936401364 -5.534411048889161 -481.5479736328125 -273.77790028463585 -7.162864685058594 -0.0 -0.0 -0.0 -478.1954345703125 -270.5584411621094 27.205387115478516 -484.9005126953125 -269.5248718261719 -41.5311164855957 -0.3906328082084656 0.19567935168743134 -0.13351699709892273 -0.4278186559677124 0.1517711877822876 0.06125308945775032 -0.6249098777770996 0.3350814878940582 -0.17473629117012024 -0.6732177138328552 0.2664439082145691 0.08175157755613327 -0.8809615969657898 0.3761519193649292 -0.1397126466035843 -0.888860821723938 0.35911059379577637 0.02698974870145321 -0.15673112869262695 0.2878202497959137 -0.026997631415724754 -0.08101547509431839 0.266889750957489 0.16586676239967346 -0.0 -0.0 -0.0 -0.0 -0.0 -0.0 -0.0 -0.0 -0.0 -0.0 -0.0 -0.0 -0.0 -0.0 -0.0 -0.0 -0.0 -0.0 -0.0 -0.0 -0.0 -0.0 -0.0 -0.0 -0.0 -0.0 -0.0 -0.0 -0.0 -0.0 -0.0 -0.0 -0.0 -0.0 -0.0 -0.0 -0.0 -0.0 -0.0 -0.0 -0.0 -0.0 -0.0 -0.0 -0.0 -0.0 -0.0 -0.0 -0.0 -0.0 -0.0 -0.0 -0.0 -0.0 -0.0 -0.0 -0.0 -0.0 -0.0 -0.0 -0.0 -0.0 -0.0 -0.0 -0.0 -0.0 -0.0 -0.0 -0.0 -0.0 -0.0 -0.0 -0.0 -0.0 -0.0 -0.0 -0.0 -0.0 -0.0 -0.0 -0.0 -0.0 -0.0 -0.0 -0.0 -0.0 -0.0 -0.0 -0.0 -0.0 -0.0 -0.0 -0.0 -0.0 -0.0 -0.0 -0.0 -0.0 -0.0 -0.0 -0.0 -0.0 -0.0 -0.0 -0.0 -0.0 -0.0 -0.0 -0.0 -0.0 -0.0 -0.0 -0.0 -0.0 -0.0 -0.0 -0.0 -0.0 -0.0 -0.0 -0.0 -0.0 -0.0 -0.0 -0.0 -0.0 -0.0 -0.0 -0.0 -0.0 -0.0 -0.0 -54.751947021484376 -24.40429229736328 -0.3425175905227661 -1.0 -1.0 -1.0 -1.0 -1.0 -1.0
2:491.3559 90.87503 272.6577 480.8979 86.4286 248.1035 546.1091 87.13663 277.8254 570.4739 64.14026 203.0889 504.3085 96.78125 293.9294 454.0091 87.50007 286.1253 440.109 81.01415 251.0254 443.609 87.50002 269.9255 454.409 87.50002 302.1255
1:-543.3059637451172 -246.33145339965822 -0.9747408676147462 -0.013752995058894157 0.012202230282127857 -0.059402454644441605 0.012745607644319534 -0.012006755918264389 0.0608559213578701 -0.058074336498975754 0.1502780020236969 -0.09306918829679489 -0.11300846934318542 0.13381001353263855 0.1265130341053009 -0.10520071536302567 0.23186326026916504 -0.026287268847227097 -0.06369935721158981 0.2626804709434509 0.1921149492263794 -527.4872504882812 -252.40459313964845 -2.5597690734863283 -512.1019266357422 -258.31134548950195 -4.101371849060059 -497.8000762939453 -263.80212936401364 -5.534411048889161 -481.5479736328125 -273.77790028463585 -7.162864685058594 -0.0 -0.0 -0.0 -478.1954345703125 -270.5584411621094 27.205387115478516 -484.9005126953125 -269.5248718261719 -41.5311164855957 -0.3906328082084656 0.19567935168743134 -0.13351699709892273 -0.4278186559677124 0.1517711877822876 0.06125308945775032 -0.6249098777770996 0.3350814878940582 -0.17473629117012024 -0.6732177138328552 0.2664439082145691 0.08175157755613327 -0.8809615969657898 0.3761519193649292 -0.1397126466035843 -0.888860821723938 0.35911059379577637 0.02698974870145321 -0.15673112869262695 0.2878202497959137 -0.026997631415724754 -0.08101547509431839 0.266889750957489 0.16586676239967346 -0.0 -0.0 -0.0 -0.0 -0.0 -0.0 -0.0 -0.0 -0.0 -0.0 -0.0 -0.0 -0.0 -0.0 -0.0 -0.0 -0.0 -0.0 -0.0 -0.0 -0.0 -0.0 -0.0 -0.0 -0.0 -0.0 -0.0 -0.0 -0.0 -0.0 -0.0 -0.0 -0.0 -0.0 -0.0 -0.0 -0.0 -0.0 -0.0 -0.0 -0.0 -0.0 -0.0 -0.0 -0.0 -0.0 -0.0 -0.0 -0.0 -0.0 -0.0 -0.0 -0.0 -0.0 -0.0 -0.0 -0.0 -0.0 -0.0 -0.0 -0.0 -0.0 -0.0 -0.0 -0.0 -0.0 -0.0 -0.0 -0.0 -0.0 -0.0 -0.0 -0.0 -0.0 -0.0 -0.0 -0.0 -0.0 -0.0 -0.0 -0.0 -0.0 -0.0 -0.0 -0.0 -0.0 -0.0 -0.0 -0.0 -0.0 -0.0 -0.0 -0.0 -0.0 -0.0 -0.0 -0.0 -0.0 -0.0 -0.0 -0.0 -0.0 -0.0 -0.0 -0.0 -0.0 -0.0 -0.0 -0.0 -0.0 -0.0 -0.0 -0.0 -0.0 -0.0 -0.0 -0.0 -0.0 -0.0 -0.0 -0.0 -0.0 -0.0 -0.0 -0.0 -0.0 -0.0 -0.0 -0.0 -0.0 -0.0 -0.0 -54.751947021484376 -24.40429229736328 -0.3425175905227661 -1.0 -1.0 -1.0 -1.0 -1.0 -1.0
2:491.3559 90.87503 272.6577 480.8979 86.4286 248.1035 546.1091 87.13663 277.8254 570.7411 64.08757 203.355 504.3085 96.78125 293.9294 454.0091 87.50007 286.1253 440.109 81.01415 251.0254 443.609 87.50002 269.9255 454.409 87.50002 302.1255
1:-543.3059637451172 -246.33145339965822 -0.9747408676147462 -0.013752995058894157 0.012202230282127857 -0.059402454644441605 0.012745607644319534 -0.012006755918264389 0.0608559213578701 -0.058074336498975754 0.1502780020236969 -0.09306918829679489 -0.11300846934318542 0.13381001353263855 0.1265130341053009 -0.10520071536302567 0.23186326026916504 -0.026287268847227097 -0.06369935721158981 0.2626804709434509 0.1921149492263794 -527.4872504882812 -252.40459313964845 -2.5597690734863283 -512.1019266357422 -258.31134548950195 -4.101371849060059 -497.8000762939453 -263.80212936401364 -5.534411048889161 -481.5479736328125 -273.77790028463585 -7.162864685058594 -0.0 -0.0 -0.0 -478.1954345703125 -270.5584411621094 27.205387115478516 -484.9005126953125 -269.5248718261719 -41.5311164855957 -0.3906328082084656 0.19567935168743134 -0.13351699709892273 -0.4278186559677124 0.1517711877822876 0.06125308945775032 -0.6249098777770996 0.3350814878940582 -0.17473629117012024 -0.6732177138328552 0.2664439082145691 0.08175157755613327 -0.8809615969657898 0.3761519193649292 -0.1397126466035843 -0.888860821723938 0.35911059379577637 0.02698974870145321 -0.15673112869262695 0.2878202497959137 -0.026997631415724754 -0.08101547509431839 0.266889750957489 0.16586676239967346 -0.0 -0.0 -0.0 -0.0 -0.0 -0.0 -0.0 -0.0 -0.0 -0.0 -0.0 -0.0 -0.0 -0.0 -0.0 -0.0 -0.0 -0.0 -0.0 -0.0 -0.0 -0.0 -0.0 -0.0 -0.0 -0.0 -0.0 -0.0 -0.0 -0.0 -0.0 -0.0 -0.0 -0.0 -0.0 -0.0 -0.0 -0.0 -0.0 -0.0 -0.0 -0.0 -0.0 -0.0 -0.0 -0.0 -0.0 -0.0 -0.0 -0.0 -0.0 -0.0 -0.0 -0.0 -0.0 -0.0 -0.0 -0.0 -0.0 -0.0 -0.0 -0.0 -0.0 -0.0 -0.0 -0.0 -0.0 -0.0 -0.0 -0.0 -0.0 -0.0 -0.0 -0.0 -0.0 -0.0 -0.0 -0.0 -0.0 -0.0 -0.0 -0.0 -0.0 -0.0 -0.0 -0.0 -0.0 -0.0 -0.0 -0.0 -0.0 -0.0 -0.0 -0.0 -0.0 -0.0 -0.0 -0.0 -0.0 -0.0 -0.0 -0.0 -0.0 -0.0 -0.0 -0.0 -0.0 -0.0 -0.0 -0.0 -0.0 -0.0 -0.0 -0.0 -0.0 -0.0 -0.0 -0.0 -0.0 -0.0 -0.0 -0.0 -0.0 -0.0 -0.0 -0.0 -0.0 -0.0 -0.0 -0.0 -0.0 -0.0 -54.751947021484376 -24.40429229736328 -0.3425175905227661 -1.0 -1.0 -1.0 -1.0 -1.0 -1.0
2:491.3559 90.87503 272.6577 480.8979 86.4286 248.1035 546.1091 87.13663 277.8254 570.9429 64.02003 203.584 504.3085 96.78125 293.9294 454.0091 87.50007 286.1253 440.109 81.01415 251.0254 443.609 87.50002 269.9255 454.409 87.50002 302.1255
1:-543.3059637451172 -246.33145339965822 -0.9747408676147462 -0.013752995058894157 0.012202230282127857 -0.059402454644441605 0.012745607644319534 -0.012006755918264389 0.0608559213578701 -0.058074336498975754 0.1502780020236969 -0.09306918829679489 -0.11300846934318542 0.13381001353263855 0.1265130341053009 -0.10520071536302567 0.23186326026916504 -0.026287268847227097 -0.06369935721158981 0.2626804709434509 0.1921149492263794 -527.4872504882812 -252.40459313964845 -2.5597690734863283 -512.1019266357422 -258.31134548950195 -4.101371849060059 -497.8000762939453 -263.80212936401364 -5.534411048889161 -481.5479736328125 -273.77790028463585 -7.162864685058594 -0.0 -0.0 -0.0 -478.1954345703125 -270.5584411621094 27.205387115478516 -484.9005126953125 -269.5248718261719 -41.5311164855957 -0.3906328082084656 0.19567935168743134 -0.13351699709892273 -0.4278186559677124 0.1517711877822876 0.06125308945775032 -0.6249098777770996 0.3350814878940582 -0.17473629117012024 -0.6732177138328552 0.2664439082145691 0.08175157755613327 -0.8809615969657898 0.3761519193649292 -0.1397126466035843 -0.888860821723938 0.35911059379577637 0.02698974870145321 -0.15673112869262695 0.2878202497959137 -0.026997631415724754 -0.08101547509431839 0.266889750957489 0.16586676239967346 -0.0 -0.0 -0.0 -0.0 -0.0 -0.0 -0.0 -0.0 -0.0 -0.0 -0.0 -0.0 -0.0 -0.0 -0.0 -0.0 -0.0 -0.0 -0.0 -0.0 -0.0 -0.0 -0.0 -0.0 -0.0 -0.0 -0.0 -0.0 -0.0 -0.0 -0.0 -0.0 -0.0 -0.0 -0.0 -0.0 -0.0 -0.0 -0.0 -0.0 -0.0 -0.0 -0.0 -0.0 -0.0 -0.0 -0.0 -0.0 -0.0 -0.0 -0.0 -0.0 -0.0 -0.0 -0.0 -0.0 -0.0 -0.0 -0.0 -0.0 -0.0 -0.0 -0.0 -0.0 -0.0 -0.0 -0.0 -0.0 -0.0 -0.0 -0.0 -0.0 -0.0 -0.0 -0.0 -0.0 -0.0 -0.0 -0.0 -0.0 -0.0 -0.0 -0.0 -0.0 -0.0 -0.0 -0.0 -0.0 -0.0 -0.0 -0.0 -0.0 -0.0 -0.0 -0.0 -0.0 -0.0 -0.0 -0.0 -0.0 -0.0 -0.0 -0.0 -0.0 -0.0 -0.0 -0.0 -0.0 -0.0 -0.0 -0.0 -0.0 -0.0 -0.0 -0.0 -0.0 -0.0 -0.0 -0.0 -0.0 -0.0 -0.0 -0.0 -0.0 -0.0 -0.0 -0.0 -0.0 -0.0 -0.0 -0.0 -0.0 -54.751947021484376 -24.40429229736328 -0.3425175905227661 -1.0 -1.0 -1.0 -1.0 -1.0 -1.0
2:491.3559 90.87503 272.6577 480.8979 86.4286 248.1035 546.1091 87.13663 277.8254 571.1099 63.93983 203.7802 504.3085 96.78125 293.9294 454.0091 87.50007 286.1253 440.109 81.01415 251.0254 443.609 87.50002 269.9255 454.409 87.50002 302.1255
1:-543.3059637451172 -246.33145339965822 -0.9747408676147462 -0.013752995058894157 0.012202230282127857 -0.059402454644441605 0.012745607644319534 -0.012006755918264389 0.0608559213578701 -0.058074336498975754 0.1502780020236969 -0.09306918829679489 -0.11300846934318542 0.13381001353263855 0.1265130341053009 -0.10520071536302567 0.23186326026916504 -0.026287268847227097 -0.06369935721158981 0.2626804709434509 0.1921149492263794 -527.4872504882812 -252.40459313964845 -2.5597690734863283 -512.1019266357422 -258.31134548950195 -4.101371849060059 -497.8000762939453 -263.80212936401364 -5.534411048889161 -481.5479736328125 -273.77790028463585 -7.162864685058594 -0.0 -0.0 -0.0 -478.1954345703125 -270.5584411621094 27.205387115478516 -484.9005126953125 -269.5248718261719 -41.5311164855957 -0.3906328082084656 0.19567935168743134 -0.13351699709892273 -0.4278186559677124 0.1517711877822876 0.06125308945775032 -0.6249098777770996 0.3350814878940582 -0.17473629117012024 -0.6732177138328552 0.2664439082145691 0.08175157755613327 -0.8809615969657898 0.3761519193649292 -0.1397126466035843 -0.888860821723938 0.35911059379577637 0.02698974870145321 -0.15673112869262695 0.2878202497959137 -0.026997631415724754 -0.08101547509431839 0.266889750957489 0.16586676239967346 -0.0 -0.0 -0.0 -0.0 -0.0 -0.0 -0.0 -0.0 -0.0 -0.0 -0.0 -0.0 -0.0 -0.0 -0.0 -0.0 -0.0 -0.0 -0.0 -0.0 -0.0 -0.0 -0.0 -0.0 -0.0 -0.0 -0.0 -0.0 -0.0 -0.0 -0.0 -0.0 -0.0 -0.0 -0.0 -0.0 -0.0 -0.0 -0.0 -0.0 -0.0 -0.0 -0.0 -0.0 -0.0 -0.0 -0.0 -0.0 -0.0 -0.0 -0.0 -0.0 -0.0 -0.0 -0.0 -0.0 -0.0 -0.0 -0.0 -0.0 -0.0 -0.0 -0.0 -0.0 -0.0 -0.0 -0.0 -0.0 -0.0 -0.0 -0.0 -0.0 -0.0 -0.0 -0.0 -0.0 -0.0 -0.0 -0.0 -0.0 -0.0 -0.0 -0.0 -0.0 -0.0 -0.0 -0.0 -0.0 -0.0 -0.0 -0.0 -0.0 -0.0 -0.0 -0.0 -0.0 -0.0 -0.0 -0.0 -0.0 -0.0 -0.0 -0.0 -0.0 -0.0 -0.0 -0.0 -0.0 -0.0 -0.0 -0.0 -0.0 -0.0 -0.0 -0.0 -0.0 -0.0 -0.0 -0.0 -0.0 -0.0 -0.0 -0.0 -0.0 -0.0 -0.0 -0.0 -0.0 -0.0 -0.0 -0.0 -0.0 -54.751947021484376 -24.40429229736328 -0.3425175905227661 -1.0 -1.0 -1.0 -1.0 -1.0 -1.0
2:491.3559 90.87503 272.6577 480.8979 86.4286 248.1035 546.1091 87.13663 277.8254 571.2352 63.87086 203.9466 504.3085 96.78125 293.9294 454.0091 87.50007 286.1253 440.109 81.01415 251.0254 443.609 87.50002 269.9255 454.409 87.50002 302.1255
1:-543.3059637451172 -246.33145339965822 -0.9747408676147462 -0.013752995058894157 0.012202230282127857 -0.059402454644441605 0.012745607644319534 -0.012006755918264389 0.0608559213578701 -0.058074336498975754 0.1502780020236969 -0.09306918829679489 -0.11300846934318542 0.13381001353263855 0.1265130341053009 -0.10520071536302567 0.23186326026916504 -0.026287268847227097 -0.06369935721158981 0.2626804709434509 0.1921149492263794 -527.4872504882812 -252.40459313964845 -2.5597690734863283 -512.1019266357422 -258.31134548950195 -4.101371849060059 -497.8000762939453 -263.80212936401364 -5.534411048889161 -481.5479736328125 -273.77790028463585 -7.162864685058594 -0.0 -0.0 -0.0 -478.1954345703125 -270.5584411621094 27.205387115478516 -484.9005126953125 -269.5248718261719 -41.5311164855957 -0.3906328082084656 0.19567935168743134 -0.13351699709892273 -0.4278186559677124 0.1517711877822876 0.06125308945775032 -0.6249098777770996 0.3350814878940582 -0.17473629117012024 -0.6732177138328552 0.2664439082145691 0.08175157755613327 -0.8809615969657898 0.3761519193649292 -0.1397126466035843 -0.888860821723938 0.35911059379577637 0.02698974870145321 -0.15673112869262695 0.2878202497959137 -0.026997631415724754 -0.08101547509431839 0.266889750957489 0.16586676239967346 -0.0 -0.0 -0.0 -0.0 -0.0 -0.0 -0.0 -0.0 -0.0 -0.0 -0.0 -0.0 -0.0 -0.0 -0.0 -0.0 -0.0 -0.0 -0.0 -0.0 -0.0 -0.0 -0.0 -0.0 -0.0 -0.0 -0.0 -0.0 -0.0 -0.0 -0.0 -0.0 -0.0 -0.0 -0.0 -0.0 -0.0 -0.0 -0.0 -0.0 -0.0 -0.0 -0.0 -0.0 -0.0 -0.0 -0.0 -0.0 -0.0 -0.0 -0.0 -0.0 -0.0 -0.0 -0.0 -0.0 -0.0 -0.0 -0.0 -0.0 -0.0 -0.0 -0.0 -0.0 -0.0 -0.0 -0.0 -0.0 -0.0 -0.0 -0.0 -0.0 -0.0 -0.0 -0.0 -0.0 -0.0 -0.0 -0.0 -0.0 -0.0 -0.0 -0.0 -0.0 -0.0 -0.0 -0.0 -0.0 -0.0 -0.0 -0.0 -0.0 -0.0 -0.0 -0.0 -0.0 -0.0 -0.0 -0.0 -0.0 -0.0 -0.0 -0.0 -0.0 -0.0 -0.0 -0.0 -0.0 -0.0 -0.0 -0.0 -0.0 -0.0 -0.0 -0.0 -0.0 -0.0 -0.0 -0.0 -0.0 -0.0 -0.0 -0.0 -0.0 -0.0 -0.0 -0.0 -0.0 -0.0 -0.0 -0.0 -0.0 -54.751947021484376 -24.40429229736328 -0.3425175905227661 -1.0 -1.0 -1.0 -1.0 -1.0 -1.0
2:491.3559 90.87503 272.6577 480.8979 86.4286 248.1035 546.1091 87.13663 277.8254 571.3033 63.82948 204.0424 504.3085 96.78125 293.9294 454.0091 87.50007 286.1253 440.109 81.01415 251.0254 443.609 87.50002 269.9255 454.409 87.50002 302.1255
1:-543.3059637451172 -246.33145339965822 -0.9747408676147462 -0.013752995058894157 0.012202230282127857 -0.059402454644441605 0.012745607644319534 -0.012006755918264389 0.0608559213578701 -0.058074336498975754 0.1502780020236969 -0.09306918829679489 -0.11300846934318542 0.13381001353263855 0.1265130341053009 -0.10520071536302567 0.23186326026916504 -0.026287268847227097 -0.06369935721158981 0.2626804709434509 0.1921149492263794 -527.4872504882812 -252.40459313964845 -2.5597690734863283 -512.1019266357422 -258.31134548950195 -4.101371849060059 -497.8000762939453 -263.80212936401364 -5.534411048889161 -481.5479736328125 -273.77790028463585 -7.162864685058594 -0.0 -0.0 -0.0 -478.1954345703125 -270.5584411621094 27.205387115478516 -484.9005126953125 -269.5248718261719 -41.5311164855957 -0.3906328082084656 0.19567935168743134 -0.13351699709892273 -0.4278186559677124 0.1517711877822876 0.06125308945775032 -0.6249098777770996 0.3350814878940582 -0.17473629117012024 -0.6732177138328552 0.2664439082145691 0.08175157755613327 -0.8809615969657898 0.3761519193649292 -0.1397126466035843 -0.888860821723938 0.35911059379577637 0.02698974870145321 -0.15673112869262695 0.2878202497959137 -0.026997631415724754 -0.08101547509431839 0.266889750957489 0.16586676239967346 -0.0 -0.0 -0.0 -0.0 -0.0 -0.0 -0.0 -0.0 -0.0 -0.0 -0.0 -0.0 -0.0 -0.0 -0.0 -0.0 -0.0 -0.0 -0.0 -0.0 -0.0 -0.0 -0.0 -0.0 -0.0 -0.0 -0.0 -0.0 -0.0 -0.0 -0.0 -0.0 -0.0 -0.0 -0.0 -0.0 -0.0 -0.0 -0.0 -0.0 -0.0 -0.0 -0.0 -0.0 -0.0 -0.0 -0.0 -0.0 -0.0 -0.0 -0.0 -0.0 -0.0 -0.0 -0.0 -0.0 -0.0 -0.0 -0.0 -0.0 -0.0 -0.0 -0.0 -0.0 -0.0 -0.0 -0.0 -0.0 -0.0 -0.0 -0.0 -0.0 -0.0 -0.0 -0.0 -0.0 -0.0 -0.0 -0.0 -0.0 -0.0 -0.0 -0.0 -0.0 -0.0 -0.0 -0.0 -0.0 -0.0 -0.0 -0.0 -0.0 -0.0 -0.0 -0.0 -0.0 -0.0 -0.0 -0.0 -0.0 -0.0 -0.0 -0.0 -0.0 -0.0 -0.0 -0.0 -0.0 -0.0 -0.0 -0.0 -0.0 -0.0 -0.0 -0.0 -0.0 -0.0 -0.0 -0.0 -0.0 -0.0 -0.0 -0.0 -0.0 -0.0 -0.0 -0.0 -0.0 -0.0 -0.0 -0.0 -0.0 -54.751947021484376 -24.40429229736328 -0.3425175905227661 -1.0 -1.0 -1.0 -1.0 -1.0 -1.0
2:491.3559 90.87503 272.6577 480.8979 86.4286 248.1035 546.1091 87.13663 277.8254 571.4454 63.83487 204.0434 504.3085 96.78125 293.9294 454.0091 87.50007 286.1253 440.109 81.01415 251.0254 443.609 87.50002 269.9255 454.409 87.50002 302.1255
1:-543.3059637451172 -246.33145339965822 -0.9747408676147462 -0.013752995058894157 0.012202230282127857 -0.059402454644441605 0.012745607644319534 -0.012006755918264389 0.0608559213578701 -0.058074336498975754 0.1502780020236969 -0.09306918829679489 -0.11300846934318542 0.13381001353263855 0.1265130341053009 -0.10520071536302567 0.23186326026916504 -0.026287268847227097 -0.06369935721158981 0.2626804709434509 0.1921149492263794 -527.4872504882812 -252.40459313964845 -2.5597690734863283 -512.1019266357422 -258.31134548950195 -4.101371849060059 -497.8000762939453 -263.80212936401364 -5.534411048889161 -481.5479736328125 -273.77790028463585 -7.162864685058594 -0.0 -0.0 -0.0 -478.1954345703125 -270.5584411621094 27.205387115478516 -484.9005126953125 -269.5248718261719 -41.5311164855957 -0.3906328082084656 0.19567935168743134 -0.13351699709892273 -0.4278186559677124 0.1517711877822876 0.06125308945775032 -0.6249098777770996 0.3350814878940582 -0.17473629117012024 -0.6732177138328552 0.2664439082145691 0.08175157755613327 -0.8809615969657898 0.3761519193649292 -0.1397126466035843 -0.888860821723938 0.35911059379577637 0.02698974870145321 -0.15673112869262695 0.2878202497959137 -0.026997631415724754 -0.08101547509431839 0.266889750957489 0.16586676239967346 -0.0 -0.0 -0.0 -0.0 -0.0 -0.0 -0.0 -0.0 -0.0 -0.0 -0.0 -0.0 -0.0 -0.0 -0.0 -0.0 -0.0 -0.0 -0.0 -0.0 -0.0 -0.0 -0.0 -0.0 -0.0 -0.0 -0.0 -0.0 -0.0 -0.0 -0.0 -0.0 -0.0 -0.0 -0.0 -0.0 -0.0 -0.0 -0.0 -0.0 -0.0 -0.0 -0.0 -0.0 -0.0 -0.0 -0.0 -0.0 -0.0 -0.0 -0.0 -0.0 -0.0 -0.0 -0.0 -0.0 -0.0 -0.0 -0.0 -0.0 -0.0 -0.0 -0.0 -0.0 -0.0 -0.0 -0.0 -0.0 -0.0 -0.0 -0.0 -0.0 -0.0 -0.0 -0.0 -0.0 -0.0 -0.0 -0.0 -0.0 -0.0 -0.0 -0.0 -0.0 -0.0 -0.0 -0.0 -0.0 -0.0 -0.0 -0.0 -0.0 -0.0 -0.0 -0.0 -0.0 -0.0 -0.0 -0.0 -0.0 -0.0 -0.0 -0.0 -0.0 -0.0 -0.0 -0.0 -0.0 -0.0 -0.0 -0.0 -0.0 -0.0 -0.0 -0.0 -0.0 -0.0 -0.0 -0.0 -0.0 -0.0 -0.0 -0.0 -0.0 -0.0 -0.0 -0.0 -0.0 -0.0 -0.0 -0.0 -0.0 -54.751947021484376 -24.40429229736328 -0.3425175905227661 -1.0 -1.0 -1.0 -1.0 -1.0 -1.0
2:491.3559 90.87503 272.6577 480.8979 86.4286 248.1035 546.1091 87.13663 277.8254 571.5314 63.76849 204.1374 504.3085 96.78125 293.9294 454.0091 87.50007 286.1253 440.109 81.01415 251.0254 443.609 87.50002 269.9255 454.409 87.50002 302.1255
1:-543.3059637451172 -246.33145339965822 -0.9747408676147462 -0.013752995058894157 0.012202230282127857 -0.059402454644441605 0.012745607644319534 -0.012006755918264389 0.0608559213578701 -0.058074336498975754 0.1502780020236969 -0.09306918829679489 -0.11300846934318542 0.13381001353263855 0.1265130341053009 -0.10520071536302567 0.23186326026916504 -0.026287268847227097 -0.06369935721158981 0.2626804709434509 0.1921149492263794 -527.4872504882812 -252.40459313964845 -2.5597690734863283 -512.1019266357422 -258.31134548950195 -4.101371849060059 -497.8000762939453 -263.80212936401364 -5.534411048889161 -481.5479736328125 -273.77790028463585 -7.162864685058594 -0.0 -0.0 -0.0 -478.1954345703125 -270.5584411621094 27.205387115478516 -484.9005126953125 -269.5248718261719 -41.5311164855957 -0.3906328082084656 0.19567935168743134 -0.13351699709892273 -0.4278186559677124 0.1517711877822876 0.06125308945775032 -0.6249098777770996 0.3350814878940582 -0.17473629117012024 -0.6732177138328552 0.2664439082145691 0.08175157755613327 -0.8809615969657898 0.3761519193649292 -0.1397126466035843 -0.888860821723938 0.35911059379577637 0.02698974870145321 -0.15673112869262695 0.2878202497959137 -0.026997631415724754 -0.08101547509431839 0.266889750957489 0.16586676239967346 -0.0 -0.0 -0.0 -0.0 -0.0 -0.0 -0.0 -0.0 -0.0 -0.0 -0.0 -0.0 -0.0 -0.0 -0.0 -0.0 -0.0 -0.0 -0.0 -0.0 -0.0 -0.0 -0.0 -0.0 -0.0 -0.0 -0.0 -0.0 -0.0 -0.0 -0.0 -0.0 -0.0 -0.0 -0.0 -0.0 -0.0 -0.0 -0.0 -0.0 -0.0 -0.0 -0.0 -0.0 -0.0 -0.0 -0.0 -0.0 -0.0 -0.0 -0.0 -0.0 -0.0 -0.0 -0.0 -0.0 -0.0 -0.0 -0.0 -0.0 -0.0 -0.0 -0.0 -0.0 -0.0 -0.0 -0.0 -0.0 -0.0 -0.0 -0.0 -0.0 -0.0 -0.0 -0.0 -0.0 -0.0 -0.0 -0.0 -0.0 -0.0 -0.0 -0.0 -0.0 -0.0 -0.0 -0.0 -0.0 -0.0 -0.0 -0.0 -0.0 -0.0 -0.0 -0.0 -0.0 -0.0 -0.0 -0.0 -0.0 -0.0 -0.0 -0.0 -0.0 -0.0 -0.0 -0.0 -0.0 -0.0 -0.0 -0.0 -0.0 -0.0 -0.0 -0.0 -0.0 -0.0 -0.0 -0.0 -0.0 -0.0 -0.0 -0.0 -0.0 -0.0 -0.0 -0.0 -0.0 -0.0 -0.0 -0.0 -0.0 -54.751947021484376 -24.40429229736328 -0.3425175905227661 -1.0 -1.0 -1.0 -1.0 -1.0 -1.0
2:491.3559 90.87503 272.6577 480.8979 86.4286 248.1035 546.1091 87.13663 277.8254 571.5849 63.73212 204.2274 504.3085 96.78125 293.9294 454.0091 87.50007 286.1253 440.109 81.01415 251.0254 443.609 87.50002 269.9255 454.409 87.50002 302.1255
1:-543.3059637451172 -246.33145339965822 -0.9747408676147462 -0.013752995058894157 0.012202230282127857 -0.059402454644441605 0.012745607644319534 -0.012006755918264389 0.0608559213578701 -0.058074336498975754 0.1502780020236969 -0.09306918829679489 -0.11300846934318542 0.13381001353263855 0.1265130341053009 -0.10520071536302567 0.23186326026916504 -0.026287268847227097 -0.06369935721158981 0.2626804709434509 0.1921149492263794 -527.4872504882812 -252.40459313964845 -2.5597690734863283 -512.1019266357422 -258.31134548950195 -4.101371849060059 -497.8000762939453 -263.80212936401364 -5.534411048889161 -481.5479736328125 -273.77790028463585 -7.162864685058594 -0.0 -0.0 -0.0 -478.1954345703125 -270.5584411621094 27.205387115478516 -484.9005126953125 -269.5248718261719 -41.5311164855957 -0.3906328082084656 0.19567935168743134 -0.13351699709892273 -0.4278186559677124 0.1517711877822876 0.06125308945775032 -0.6249098777770996 0.3350814878940582 -0.17473629117012024 -0.6732177138328552 0.2664439082145691 0.08175157755613327 -0.8809615969657898 0.3761519193649292 -0.1397126466035843 -0.888860821723938 0.35911059379577637 0.02698974870145321 -0.15673112869262695 0.2878202497959137 -0.026997631415724754 -0.08101547509431839 0.266889750957489 0.16586676239967346 -0.0 -0.0 -0.0 -0.0 -0.0 -0.0 -0.0 -0.0 -0.0 -0.0 -0.0 -0.0 -0.0 -0.0 -0.0 -0.0 -0.0 -0.0 -0.0 -0.0 -0.0 -0.0 -0.0 -0.0 -0.0 -0.0 -0.0 -0.0 -0.0 -0.0 -0.0 -0.0 -0.0 -0.0 -0.0 -0.0 -0.0 -0.0 -0.0 -0.0 -0.0 -0.0 -0.0 -0.0 -0.0 -0.0 -0.0 -0.0 -0.0 -0.0 -0.0 -0.0 -0.0 -0.0 -0.0 -0.0 -0.0 -0.0 -0.0 -0.0 -0.0 -0.0 -0.0 -0.0 -0.0 -0.0 -0.0 -0.0 -0.0 -0.0 -0.0 -0.0 -0.0 -0.0 -0.0 -0.0 -0.0 -0.0 -0.0 -0.0 -0.0 -0.0 -0.0 -0.0 -0.0 -0.0 -0.0 -0.0 -0.0 -0.0 -0.0 -0.0 -0.0 -0.0 -0.0 -0.0 -0.0 -0.0 -0.0 -0.0 -0.0 -0.0 -0.0 -0.0 -0.0 -0.0 -0.0 -0.0 -0.0 -0.0 -0.0 -0.0 -0.0 -0.0 -0.0 -0.0 -0.0 -0.0 -0.0 -0.0 -0.0 -0.0 -0.0 -0.0 -0.0 -0.0 -0.0 -0.0 -0.0 -0.0 -0.0 -0.0 -54.751947021484376 -24.40429229736328 -0.3425175905227661 -1.0 -1.0 -1.0 -1.0 -1.0 -1.0
2:491.3559 90.87503 272.6577 480.8979 86.4286 248.1035 546.1091 87.13663 277.8254 571.6271 63.70642 204.3023 504.3085 96.78125 293.9294 454.0091 87.50007 286.1253 440.109 81.01415 251.0254 443.609 87.50002 269.9255 454.409 87.50002 302.1255
1:-543.3059637451172 -246.33145339965822 -0.9747408676147462 -0.013752995058894157 0.012202230282127857 -0.059402454644441605 0.012745607644319534 -0.012006755918264389 0.0608559213578701 -0.058074336498975754 0.1502780020236969 -0.09306918829679489 -0.11300846934318542 0.13381001353263855 0.1265130341053009 -0.10520071536302567 0.23186326026916504 -0.026287268847227097 -0.06369935721158981 0.2626804709434509 0.1921149492263794 -527.4872504882812 -252.40459313964845 -2.5597690734863283 -512.1019266357422 -258.31134548950195 -4.101371849060059 -497.8000762939453 -263.80212936401364 -5.534411048889161 -481.5479736328125 -273.77790028463585 -7.162864685058594 -0.0 -0.0 -0.0 -478.1954345703125 -270.5584411621094 27.205387115478516 -484.9005126953125 -269.5248718261719 -41.5311164855957 -0.3906328082084656 0.19567935168743134 -0.13351699709892273 -0.4278186559677124 0.1517711877822876 0.06125308945775032 -0.6249098777770996 0.3350814878940582 -0.17473629117012024 -0.6732177138328552 0.2664439082145691 0.08175157755613327 -0.8809615969657898 0.3761519193649292 -0.1397126466035843 -0.888860821723938 0.35911059379577637 0.02698974870145321 -0.15673112869262695 0.2878202497959137 -0.026997631415724754 -0.08101547509431839 0.266889750957489 0.16586676239967346 -0.0 -0.0 -0.0 -0.0 -0.0 -0.0 -0.0 -0.0 -0.0 -0.0 -0.0 -0.0 -0.0 -0.0 -0.0 -0.0 -0.0 -0.0 -0.0 -0.0 -0.0 -0.0 -0.0 -0.0 -0.0 -0.0 -0.0 -0.0 -0.0 -0.0 -0.0 -0.0 -0.0 -0.0 -0.0 -0.0 -0.0 -0.0 -0.0 -0.0 -0.0 -0.0 -0.0 -0.0 -0.0 -0.0 -0.0 -0.0 -0.0 -0.0 -0.0 -0.0 -0.0 -0.0 -0.0 -0.0 -0.0 -0.0 -0.0 -0.0 -0.0 -0.0 -0.0 -0.0 -0.0 -0.0 -0.0 -0.0 -0.0 -0.0 -0.0 -0.0 -0.0 -0.0 -0.0 -0.0 -0.0 -0.0 -0.0 -0.0 -0.0 -0.0 -0.0 -0.0 -0.0 -0.0 -0.0 -0.0 -0.0 -0.0 -0.0 -0.0 -0.0 -0.0 -0.0 -0.0 -0.0 -0.0 -0.0 -0.0 -0.0 -0.0 -0.0 -0.0 -0.0 -0.0 -0.0 -0.0 -0.0 -0.0 -0.0 -0.0 -0.0 -0.0 -0.0 -0.0 -0.0 -0.0 -0.0 -0.0 -0.0 -0.0 -0.0 -0.0 -0.0 -0.0 -0.0 -0.0 -0.0 -0.0 -0.0 -0.0 -54.751947021484376 -24.40429229736328 -0.3425175905227661 -1.0 -1.0 -1.0 -1.0 -1.0 -1.0
2:491.3559 90.87503 272.6577 480.8979 86.4286 248.1035 546.1091 87.13663 277.8254 571.7462 63.70024 204.3257 504.3085 96.78125 293.9294 454.0091 87.50007 286.1253 440.109 81.01415 251.0254 443.609 87.50002 269.9255 454.409 87.50002 302.1255
1:-543.3059637451172 -246.33145339965822 -0.9747408676147462 -0.013752995058894157 0.012202230282127857 -0.059402454644441605 0.012745607644319534 -0.012006755918264389 0.0608559213578701 -0.058074336498975754 0.1502780020236969 -0.09306918829679489 -0.11300846934318542 0.13381001353263855 0.1265130341053009 -0.10520071536302567 0.23186326026916504 -0.026287268847227097 -0.06369935721158981 0.2626804709434509 0.1921149492263794 -527.4872504882812 -252.40459313964845 -2.5597690734863283 -512.1019266357422 -258.31134548950195 -4.101371849060059 -497.8000762939453 -263.80212936401364 -5.534411048889161 -481.5479736328125 -273.77790028463585 -7.162864685058594 -0.0 -0.0 -0.0 -478.1954345703125 -270.5584411621094 27.205387115478516 -484.9005126953125 -269.5248718261719 -41.5311164855957 -0.3906328082084656 0.19567935168743134 -0.13351699709892273 -0.4278186559677124 0.1517711877822876 0.06125308945775032 -0.6249098777770996 0.3350814878940582 -0.17473629117012024 -0.6732177138328552 0.2664439082145691 0.08175157755613327 -0.8809615969657898 0.3761519193649292 -0.1397126466035843 -0.888860821723938 0.35911059379577637 0.02698974870145321 -0.15673112869262695 0.2878202497959137 -0.026997631415724754 -0.08101547509431839 0.266889750957489 0.16586676239967346 -0.0 -0.0 -0.0 -0.0 -0.0 -0.0 -0.0 -0.0 -0.0 -0.0 -0.0 -0.0 -0.0 -0.0 -0.0 -0.0 -0.0 -0.0 -0.0 -0.0 -0.0 -0.0 -0.0 -0.0 -0.0 -0.0 -0.0 -0.0 -0.0 -0.0 -0.0 -0.0 -0.0 -0.0 -0.0 -0.0 -0.0 -0.0 -0.0 -0.0 -0.0 -0.0 -0.0 -0.0 -0.0 -0.0 -0.0 -0.0 -0.0 -0.0 -0.0 -0.0 -0.0 -0.0 -0.0 -0.0 -0.0 -0.0 -0.0 -0.0 -0.0 -0.0 -0.0 -0.0 -0.0 -0.0 -0.0 -0.0 -0.0 -0.0 -0.0 -0.0 -0.0 -0.0 -0.0 -0.0 -0.0 -0.0 -0.0 -0.0 -0.0 -0.0 -0.0 -0.0 -0.0 -0.0 -0.0 -0.0 -0.0 -0.0 -0.0 -0.0 -0.0 -0.0 -0.0 -0.0 -0.0 -0.0 -0.0 -0.0 -0.0 -0.0 -0.0 -0.0 -0.0 -0.0 -0.0 -0.0 -0.0 -0.0 -0.0 -0.0 -0.0 -0.0 -0.0 -0.0 -0.0 -0.0 -0.0 -0.0 -0.0 -0.0 -0.0 -0.0 -0.0 -0.0 -0.0 -0.0 -0.0 -0.0 -0.0 -0.0 -54.751947021484376 -24.40429229736328 -0.3425175905227661 -1.0 -1.0 -1.0 -1.0 -1.0 -1.0
2:491.3559 90.87503 272.6577 480.8979 86.4286 248.1035 546.1091 87.13663 277.8254 571.6824 63.67271 204.4116 504.3085 96.78125 293.9294 454.0091 87.50007 286.1253 440.109 81.01415 251.0254 443.609 87.50002 269.9255 454.409 87.50002 302.1255
1:-543.3059637451172 -246.33145339965822 -0.9747408676147462 -0.013752995058894157 0.012202230282127857 -0.059402454644441605 0.012745607644319534 -0.012006755918264389 0.0608559213578701 -0.058074336498975754 0.1502780020236969 -0.09306918829679489 -0.11300846934318542 0.13381001353263855 0.1265130341053009 -0.10520071536302567 0.23186326026916504 -0.026287268847227097 -0.06369935721158981 0.2626804709434509 0.1921149492263794 -527.4872504882812 -252.40459313964845 -2.5597690734863283 -512.1019266357422 -258.31134548950195 -4.101371849060059 -497.8000762939453 -263.80212936401364 -5.534411048889161 -481.5479736328125 -273.77790028463585 -7.162864685058594 -0.0 -0.0 -0.0 -478.1954345703125 -270.5584411621094 27.205387115478516 -484.9005126953125 -269.5248718261719 -41.5311164855957 -0.3906328082084656 0.19567935168743134 -0.13351699709892273 -0.4278186559677124 0.1517711877822876 0.06125308945775032 -0.6249098777770996 0.3350814878940582 -0.17473629117012024 -0.6732177138328552 0.2664439082145691 0.08175157755613327 -0.8809615969657898 0.3761519193649292 -0.1397126466035843 -0.888860821723938 0.35911059379577637 0.02698974870145321 -0.15673112869262695 0.2878202497959137 -0.026997631415724754 -0.08101547509431839 0.266889750957489 0.16586676239967346 -0.0 -0.0 -0.0 -0.0 -0.0 -0.0 -0.0 -0.0 -0.0 -0.0 -0.0 -0.0 -0.0 -0.0 -0.0 -0.0 -0.0 -0.0 -0.0 -0.0 -0.0 -0.0 -0.0 -0.0 -0.0 -0.0 -0.0 -0.0 -0.0 -0.0 -0.0 -0.0 -0.0 -0.0 -0.0 -0.0 -0.0 -0.0 -0.0 -0.0 -0.0 -0.0 -0.0 -0.0 -0.0 -0.0 -0.0 -0.0 -0.0 -0.0 -0.0 -0.0 -0.0 -0.0 -0.0 -0.0 -0.0 -0.0 -0.0 -0.0 -0.0 -0.0 -0.0 -0.0 -0.0 -0.0 -0.0 -0.0 -0.0 -0.0 -0.0 -0.0 -0.0 -0.0 -0.0 -0.0 -0.0 -0.0 -0.0 -0.0 -0.0 -0.0 -0.0 -0.0 -0.0 -0.0 -0.0 -0.0 -0.0 -0.0 -0.0 -0.0 -0.0 -0.0 -0.0 -0.0 -0.0 -0.0 -0.0 -0.0 -0.0 -0.0 -0.0 -0.0 -0.0 -0.0 -0.0 -0.0 -0.0 -0.0 -0.0 -0.0 -0.0 -0.0 -0.0 -0.0 -0.0 -0.0 -0.0 -0.0 -0.0 -0.0 -0.0 -0.0 -0.0 -0.0 -0.0 -0.0 -0.0 -0.0 -0.0 -0.0 -54.751947021484376 -24.40429229736328 -0.3425175905227661 -1.0 -1.0 -1.0 -1.0 -1.0 -1.0
2:491.3559 90.87503 272.6577 480.8979 86.4286 248.1035 546.1091 87.13663 277.8254 571.8074 63.66873 204.4349 504.3085 96.78125 293.9294 454.0091 87.50007 286.1253 440.109 81.01415 251.0254 443.609 87.50002 269.9255 454.409 87.50002 302.1255
1:-543.3059637451172 -246.33145339965822 -0.9747408676147462 -0.013752995058894157 0.012202230282127857 -0.059402454644441605 0.012745607644319534 -0.012006755918264389 0.0608559213578701 -0.058074336498975754 0.1502780020236969 -0.09306918829679489 -0.11300846934318542 0.13381001353263855 0.1265130341053009 -0.10520071536302567 0.23186326026916504 -0.026287268847227097 -0.06369935721158981 0.2626804709434509 0.1921149492263794 -527.4872504882812 -252.40459313964845 -2.5597690734863283 -512.1019266357422 -258.31134548950195 -4.101371849060059 -497.8000762939453 -263.80212936401364 -5.534411048889161 -481.5479736328125 -273.77790028463585 -7.162864685058594 -0.0 -0.0 -0.0 -478.1954345703125 -270.5584411621094 27.205387115478516 -484.9005126953125 -269.5248718261719 -41.5311164855957 -0.3906328082084656 0.19567935168743134 -0.13351699709892273 -0.4278186559677124 0.1517711877822876 0.06125308945775032 -0.6249098777770996 0.3350814878940582 -0.17473629117012024 -0.6732177138328552 0.2664439082145691 0.08175157755613327 -0.8809615969657898 0.3761519193649292 -0.1397126466035843 -0.888860821723938 0.35911059379577637 0.02698974870145321 -0.15673112869262695 0.2878202497959137 -0.026997631415724754 -0.08101547509431839 0.266889750957489 0.16586676239967346 -0.0 -0.0 -0.0 -0.0 -0.0 -0.0 -0.0 -0.0 -0.0 -0.0 -0.0 -0.0 -0.0 -0.0 -0.0 -0.0 -0.0 -0.0 -0.0 -0.0 -0.0 -0.0 -0.0 -0.0 -0.0 -0.0 -0.0 -0.0 -0.0 -0.0 -0.0 -0.0 -0.0 -0.0 -0.0 -0.0 -0.0 -0.0 -0.0 -0.0 -0.0 -0.0 -0.0 -0.0 -0.0 -0.0 -0.0 -0.0 -0.0 -0.0 -0.0 -0.0 -0.0 -0.0 -0.0 -0.0 -0.0 -0.0 -0.0 -0.0 -0.0 -0.0 -0.0 -0.0 -0.0 -0.0 -0.0 -0.0 -0.0 -0.0 -0.0 -0.0 -0.0 -0.0 -0.0 -0.0 -0.0 -0.0 -0.0 -0.0 -0.0 -0.0 -0.0 -0.0 -0.0 -0.0 -0.0 -0.0 -0.0 -0.0 -0.0 -0.0 -0.0 -0.0 -0.0 -0.0 -0.0 -0.0 -0.0 -0.0 -0.0 -0.0 -0.0 -0.0 -0.0 -0.0 -0.0 -0.0 -0.0 -0.0 -0.0 -0.0 -0.0 -0.0 -0.0 -0.0 -0.0 -0.0 -0.0 -0.0 -0.0 -0.0 -0.0 -0.0 -0.0 -0.0 -0.0 -0.0 -0.0 -0.0 -0.0 -0.0 -54.751947021484376 -24.40429229736328 -0.3425175905227661 -1.0 -1.0 -1.0 -1.0 -1.0 -1.0
2:491.3559 90.87503 272.6577 480.8979 86.4286 248.1035 546.1091 87.13663 277.8254 571.7308 63.649 204.5079 504.3085 96.78125 293.9294 454.0091 87.50007 286.1253 440.109 81.01415 251.0254 443.609 87.50002 269.9255 454.409 87.50002 302.1255
1:-543.3059637451172 -246.33145339965822 -0.9747408676147462 -0.013752995058894157 0.012202230282127857 -0.059402454644441605 0.012745607644319534 -0.012006755918264389 0.0608559213578701 -0.058074336498975754 0.1502780020236969 -0.09306918829679489 -0.11300846934318542 0.13381001353263855 0.1265130341053009 -0.10520071536302567 0.23186326026916504 -0.026287268847227097 -0.06369935721158981 0.2626804709434509 0.1921149492263794 -527.4872504882812 -252.40459313964845 -2.5597690734863283 -512.1019266357422 -258.31134548950195 -4.101371849060059 -497.8000762939453 -263.80212936401364 -5.534411048889161 -481.5479736328125 -273.77790028463585 -7.162864685058594 -0.0 -0.0 -0.0 -478.1954345703125 -270.5584411621094 27.205387115478516 -484.9005126953125 -269.5248718261719 -41.5311164855957 -0.3906328082084656 0.19567935168743134 -0.13351699709892273 -0.4278186559677124 0.1517711877822876 0.06125308945775032 -0.6249098777770996 0.3350814878940582 -0.17473629117012024 -0.6732177138328552 0.2664439082145691 0.08175157755613327 -0.8809615969657898 0.3761519193649292 -0.1397126466035843 -0.888860821723938 0.35911059379577637 0.02698974870145321 -0.15673112869262695 0.2878202497959137 -0.026997631415724754 -0.08101547509431839 0.266889750957489 0.16586676239967346 -0.0 -0.0 -0.0 -0.0 -0.0 -0.0 -0.0 -0.0 -0.0 -0.0 -0.0 -0.0 -0.0 -0.0 -0.0 -0.0 -0.0 -0.0 -0.0 -0.0 -0.0 -0.0 -0.0 -0.0 -0.0 -0.0 -0.0 -0.0 -0.0 -0.0 -0.0 -0.0 -0.0 -0.0 -0.0 -0.0 -0.0 -0.0 -0.0 -0.0 -0.0 -0.0 -0.0 -0.0 -0.0 -0.0 -0.0 -0.0 -0.0 -0.0 -0.0 -0.0 -0.0 -0.0 -0.0 -0.0 -0.0 -0.0 -0.0 -0.0 -0.0 -0.0 -0.0 -0.0 -0.0 -0.0 -0.0 -0.0 -0.0 -0.0 -0.0 -0.0 -0.0 -0.0 -0.0 -0.0 -0.0 -0.0 -0.0 -0.0 -0.0 -0.0 -0.0 -0.0 -0.0 -0.0 -0.0 -0.0 -0.0 -0.0 -0.0 -0.0 -0.0 -0.0 -0.0 -0.0 -0.0 -0.0 -0.0 -0.0 -0.0 -0.0 -0.0 -0.0 -0.0 -0.0 -0.0 -0.0 -0.0 -0.0 -0.0 -0.0 -0.0 -0.0 -0.0 -0.0 -0.0 -0.0 -0.0 -0.0 -0.0 -0.0 -0.0 -0.0 -0.0 -0.0 -0.0 -0.0 -0.0 -0.0 -0.0 -0.0 -54.751947021484376 -24.40429229736328 -0.3425175905227661 -1.0 -1.0 -1.0 -1.0 -1.0 -1.0
2:491.3559 90.87503 272.6577 480.8979 86.4286 248.1035 546.1091 87.13663 277.8254 571.8513 63.65039 204.5133 504.3085 96.78125 293.9294 454.0091 87.50007 286.1253 440.109 81.01415 251.0254 443.609 87.50002 269.9255 454.409 87.50002 302.1255
1:-543.3059637451172 -246.33145339965822 -0.9747408676147462 -0.013752995058894157 0.012202230282127857 -0.059402454644441605 0.012745607644319534 -0.012006755918264389 0.0608559213578701 -0.058074336498975754 0.1502780020236969 -0.09306918829679489 -0.11300846934318542 0.13381001353263855 0.1265130341053009 -0.10520071536302567 0.23186326026916504 -0.026287268847227097 -0.06369935721158981 0.2626804709434509 0.1921149492263794 -527.4872504882812 -252.40459313964845 -2.5597690734863283 -512.1019266357422 -258.31134548950195 -4.101371849060059 -497.8000762939453 -263.80212936401364 -5.534411048889161 -481.5479736328125 -273.77790028463585 -7.162864685058594 -0.0 -0.0 -0.0 -478.1954345703125 -270.5584411621094 27.205387115478516 -484.9005126953125 -269.5248718261719 -41.5311164855957 -0.3906328082084656 0.19567935168743134 -0.13351699709892273 -0.4278186559677124 0.1517711877822876 0.06125308945775032 -0.6249098777770996 0.3350814878940582 -0.17473629117012024 -0.6732177138328552 0.2664439082145691 0.08175157755613327 -0.8809615969657898 0.3761519193649292 -0.1397126466035843 -0.888860821723938 0.35911059379577637 0.02698974870145321 -0.15673112869262695 0.2878202497959137 -0.026997631415724754 -0.08101547509431839 0.266889750957489 0.16586676239967346 -0.0 -0.0 -0.0 -0.0 -0.0 -0.0 -0.0 -0.0 -0.0 -0.0 -0.0 -0.0 -0.0 -0.0 -0.0 -0.0 -0.0 -0.0 -0.0 -0.0 -0.0 -0.0 -0.0 -0.0 -0.0 -0.0 -0.0 -0.0 -0.0 -0.0 -0.0 -0.0 -0.0 -0.0 -0.0 -0.0 -0.0 -0.0 -0.0 -0.0 -0.0 -0.0 -0.0 -0.0 -0.0 -0.0 -0.0 -0.0 -0.0 -0.0 -0.0 -0.0 -0.0 -0.0 -0.0 -0.0 -0.0 -0.0 -0.0 -0.0 -0.0 -0.0 -0.0 -0.0 -0.0 -0.0 -0.0 -0.0 -0.0 -0.0 -0.0 -0.0 -0.0 -0.0 -0.0 -0.0 -0.0 -0.0 -0.0 -0.0 -0.0 -0.0 -0.0 -0.0 -0.0 -0.0 -0.0 -0.0 -0.0 -0.0 -0.0 -0.0 -0.0 -0.0 -0.0 -0.0 -0.0 -0.0 -0.0 -0.0 -0.0 -0.0 -0.0 -0.0 -0.0 -0.0 -0.0 -0.0 -0.0 -0.0 -0.0 -0.0 -0.0 -0.0 -0.0 -0.0 -0.0 -0.0 -0.0 -0.0 -0.0 -0.0 -0.0 -0.0 -0.0 -0.0 -0.0 -0.0 -0.0 -0.0 -0.0 -0.0 -54.751947021484376 -24.40429229736328 -0.3425175905227661 -1.0 -1.0 -1.0 -1.0 -1.0 -1.0
2:491.3559 90.87503 272.6577 480.8979 86.4286 248.1035 546.1091 87.13663 277.8254 571.7605 63.63762 204.5666 504.3085 96.78125 293.9294 454.0091 87.50007 286.1253 440.109 81.01415 251.0254 443.609 87.50002 269.9255 454.409 87.50002 302.1255
1:-543.3059637451172 -246.33145339965822 -0.9747408676147462 -0.013752995058894157 0.012202230282127857 -0.059402454644441605 0.012745607644319534 -0.012006755918264389 0.0608559213578701 -0.058074336498975754 0.1502780020236969 -0.09306918829679489 -0.11300846934318542 0.13381001353263855 0.1265130341053009 -0.10520071536302567 0.23186326026916504 -0.026287268847227097 -0.06369935721158981 0.2626804709434509 0.1921149492263794 -527.4872504882812 -252.40459313964845 -2.5597690734863283 -512.1019266357422 -258.31134548950195 -4.101371849060059 -497.8000762939453 -263.80212936401364 -5.534411048889161 -481.5479736328125 -273.77790028463585 -7.162864685058594 -0.0 -0.0 -0.0 -478.1954345703125 -270.5584411621094 27.205387115478516 -484.9005126953125 -269.5248718261719 -41.5311164855957 -0.3906328082084656 0.19567935168743134 -0.13351699709892273 -0.4278186559677124 0.1517711877822876 0.06125308945775032 -0.6249098777770996 0.3350814878940582 -0.17473629117012024 -0.6732177138328552 0.2664439082145691 0.08175157755613327 -0.8809615969657898 0.3761519193649292 -0.1397126466035843 -0.888860821723938 0.35911059379577637 0.02698974870145321 -0.15673112869262695 0.2878202497959137 -0.026997631415724754 -0.08101547509431839 0.266889750957489 0.16586676239967346 -0.0 -0.0 -0.0 -0.0 -0.0 -0.0 -0.0 -0.0 -0.0 -0.0 -0.0 -0.0 -0.0 -0.0 -0.0 -0.0 -0.0 -0.0 -0.0 -0.0 -0.0 -0.0 -0.0 -0.0 -0.0 -0.0 -0.0 -0.0 -0.0 -0.0 -0.0 -0.0 -0.0 -0.0 -0.0 -0.0 -0.0 -0.0 -0.0 -0.0 -0.0 -0.0 -0.0 -0.0 -0.0 -0.0 -0.0 -0.0 -0.0 -0.0 -0.0 -0.0 -0.0 -0.0 -0.0 -0.0 -0.0 -0.0 -0.0 -0.0 -0.0 -0.0 -0.0 -0.0 -0.0 -0.0 -0.0 -0.0 -0.0 -0.0 -0.0 -0.0 -0.0 -0.0 -0.0 -0.0 -0.0 -0.0 -0.0 -0.0 -0.0 -0.0 -0.0 -0.0 -0.0 -0.0 -0.0 -0.0 -0.0 -0.0 -0.0 -0.0 -0.0 -0.0 -0.0 -0.0 -0.0 -0.0 -0.0 -0.0 -0.0 -0.0 -0.0 -0.0 -0.0 -0.0 -0.0 -0.0 -0.0 -0.0 -0.0 -0.0 -0.0 -0.0 -0.0 -0.0 -0.0 -0.0 -0.0 -0.0 -0.0 -0.0 -0.0 -0.0 -0.0 -0.0 -0.0 -0.0 -0.0 -0.0 -0.0 -0.0 -54.751947021484376 -24.40429229736328 -0.3425175905227661 -1.0 -1.0 -1.0 -1.0 -1.0 -1.0
2:491.3559 90.87503 272.6577 480.8979 86.4286 248.1035 546.1091 87.13663 277.8254 571.7748 63.63301 204.5946 504.3085 96.78125 293.9294 454.0091 87.50007 286.1253 440.109 81.01415 251.0254 443.609 87.50002 269.9255 454.409 87.50002 302.1255
1:-543.3059637451172 -246.33145339965822 -0.9747408676147462 -0.013752995058894157 0.012202230282127857 -0.059402454644441605 0.012745607644319534 -0.012006755918264389 0.0608559213578701 -0.058074336498975754 0.1502780020236969 -0.09306918829679489 -0.11300846934318542 0.13381001353263855 0.1265130341053009 -0.10520071536302567 0.23186326026916504 -0.026287268847227097 -0.06369935721158981 0.2626804709434509 0.1921149492263794 -527.4872504882812 -252.40459313964845 -2.5597690734863283 -512.1019266357422 -258.31134548950195 -4.101371849060059 -497.8000762939453 -263.80212936401364 -5.534411048889161 -481.5479736328125 -273.77790028463585 -7.162864685058594 -0.0 -0.0 -0.0 -478.1954345703125 -270.5584411621094 27.205387115478516 -484.9005126953125 -269.5248718261719 -41.5311164855957 -0.3906328082084656 0.19567935168743134 -0.13351699709892273 -0.4278186559677124 0.1517711877822876 0.06125308945775032 -0.6249098777770996 0.3350814878940582 -0.17473629117012024 -0.6732177138328552 0.2664439082145691 0.08175157755613327 -0.8809615969657898 0.3761519193649292 -0.1397126466035843 -0.888860821723938 0.35911059379577637 0.02698974870145321 -0.15673112869262695 0.2878202497959137 -0.026997631415724754 -0.08101547509431839 0.266889750957489 0.16586676239967346 -0.0 -0.0 -0.0 -0.0 -0.0 -0.0 -0.0 -0.0 -0.0 -0.0 -0.0 -0.0 -0.0 -0.0 -0.0 -0.0 -0.0 -0.0 -0.0 -0.0 -0.0 -0.0 -0.0 -0.0 -0.0 -0.0 -0.0 -0.0 -0.0 -0.0 -0.0 -0.0 -0.0 -0.0 -0.0 -0.0 -0.0 -0.0 -0.0 -0.0 -0.0 -0.0 -0.0 -0.0 -0.0 -0.0 -0.0 -0.0 -0.0 -0.0 -0.0 -0.0 -0.0 -0.0 -0.0 -0.0 -0.0 -0.0 -0.0 -0.0 -0.0 -0.0 -0.0 -0.0 -0.0 -0.0 -0.0 -0.0 -0.0 -0.0 -0.0 -0.0 -0.0 -0.0 -0.0 -0.0 -0.0 -0.0 -0.0 -0.0 -0.0 -0.0 -0.0 -0.0 -0.0 -0.0 -0.0 -0.0 -0.0 -0.0 -0.0 -0.0 -0.0 -0.0 -0.0 -0.0 -0.0 -0.0 -0.0 -0.0 -0.0 -0.0 -0.0 -0.0 -0.0 -0.0 -0.0 -0.0 -0.0 -0.0 -0.0 -0.0 -0.0 -0.0 -0.0 -0.0 -0.0 -0.0 -0.0 -0.0 -0.0 -0.0 -0.0 -0.0 -0.0 -0.0 -0.0 -0.0 -0.0 -0.0 -0.0 -0.0 -54.751947021484376 -24.40429229736328 -0.3425175905227661 -1.0 -1.0 -1.0 -1.0 -1.0 -1.0
2:491.3559 90.87503 272.6577 480.8979 86.4286 248.1035 546.1091 87.13663 277.8254 571.7868 63.62959 204.6182 504.3085 96.78125 293.9294 454.0091 87.50007 286.1253 440.109 81.01415 251.0254 443.609 87.50002 269.9255 454.409 87.50002 302.1255
1:-543.3059637451172 -246.33145339965822 -0.9747408676147462 -0.013752995058894157 0.012202230282127857 -0.059402454644441605 0.012745607644319534 -0.012006755918264389 0.0608559213578701 -0.058074336498975754 0.1502780020236969 -0.09306918829679489 -0.11300846934318542 0.13381001353263855 0.1265130341053009 -0.10520071536302567 0.23186326026916504 -0.026287268847227097 -0.06369935721158981 0.2626804709434509 0.1921149492263794 -527.4872504882812 -252.40459313964845 -2.5597690734863283 -512.1019266357422 -258.31134548950195 -4.101371849060059 -497.8000762939453 -263.80212936401364 -5.534411048889161 -481.5479736328125 -273.77790028463585 -7.162864685058594 -0.0 -0.0 -0.0 -478.1954345703125 -270.5584411621094 27.205387115478516 -484.9005126953125 -269.5248718261719 -41.5311164855957 -0.3906328082084656 0.19567935168743134 -0.13351699709892273 -0.4278186559677124 0.1517711877822876 0.06125308945775032 -0.6249098777770996 0.3350814878940582 -0.17473629117012024 -0.6732177138328552 0.2664439082145691 0.08175157755613327 -0.8809615969657898 0.3761519193649292 -0.1397126466035843 -0.888860821723938 0.35911059379577637 0.02698974870145321 -0.15673112869262695 0.2878202497959137 -0.026997631415724754 -0.08101547509431839 0.266889750957489 0.16586676239967346 -0.0 -0.0 -0.0 -0.0 -0.0 -0.0 -0.0 -0.0 -0.0 -0.0 -0.0 -0.0 -0.0 -0.0 -0.0 -0.0 -0.0 -0.0 -0.0 -0.0 -0.0 -0.0 -0.0 -0.0 -0.0 -0.0 -0.0 -0.0 -0.0 -0.0 -0.0 -0.0 -0.0 -0.0 -0.0 -0.0 -0.0 -0.0 -0.0 -0.0 -0.0 -0.0 -0.0 -0.0 -0.0 -0.0 -0.0 -0.0 -0.0 -0.0 -0.0 -0.0 -0.0 -0.0 -0.0 -0.0 -0.0 -0.0 -0.0 -0.0 -0.0 -0.0 -0.0 -0.0 -0.0 -0.0 -0.0 -0.0 -0.0 -0.0 -0.0 -0.0 -0.0 -0.0 -0.0 -0.0 -0.0 -0.0 -0.0 -0.0 -0.0 -0.0 -0.0 -0.0 -0.0 -0.0 -0.0 -0.0 -0.0 -0.0 -0.0 -0.0 -0.0 -0.0 -0.0 -0.0 -0.0 -0.0 -0.0 -0.0 -0.0 -0.0 -0.0 -0.0 -0.0 -0.0 -0.0 -0.0 -0.0 -0.0 -0.0 -0.0 -0.0 -0.0 -0.0 -0.0 -0.0 -0.0 -0.0 -0.0 -0.0 -0.0 -0.0 -0.0 -0.0 -0.0 -0.0 -0.0 -0.0 -0.0 -0.0 -0.0 -54.751947021484376 -24.40429229736328 -0.3425175905227661 -1.0 -1.0 -1.0 -1.0 -1.0 -1.0
2:491.3559 90.87503 272.6577 480.8979 86.4286 248.1035 546.1091 87.13663 277.8254 571.7971 63.62685 204.638 504.3085 96.78125 293.9294 454.0091 87.50007 286.1253 440.109 81.01415 251.0254 443.609 87.50002 269.9255 454.409 87.50002 302.1255
1:-543.3059637451172 -246.33145339965822 -0.9747408676147462 -0.013752995058894157 0.012202230282127857 -0.059402454644441605 0.012745607644319534 -0.012006755918264389 0.0608559213578701 -0.058074336498975754 0.1502780020236969 -0.09306918829679489 -0.11300846934318542 0.13381001353263855 0.1265130341053009 -0.10520071536302567 0.23186326026916504 -0.026287268847227097 -0.06369935721158981 0.2626804709434509 0.1921149492263794 -527.4872504882812 -252.40459313964845 -2.5597690734863283 -512.1019266357422 -258.31134548950195 -4.101371849060059 -497.8000762939453 -263.80212936401364 -5.534411048889161 -481.5479736328125 -273.77790028463585 -7.162864685058594 -0.0 -0.0 -0.0 -478.1954345703125 -270.5584411621094 27.205387115478516 -484.9005126953125 -269.5248718261719 -41.5311164855957 -0.3906328082084656 0.19567935168743134 -0.13351699709892273 -0.4278186559677124 0.1517711877822876 0.06125308945775032 -0.6249098777770996 0.3350814878940582 -0.17473629117012024 -0.6732177138328552 0.2664439082145691 0.08175157755613327 -0.8809615969657898 0.3761519193649292 -0.1397126466035843 -0.888860821723938 0.35911059379577637 0.02698974870145321 -0.15673112869262695 0.2878202497959137 -0.026997631415724754 -0.08101547509431839 0.266889750957489 0.16586676239967346 -0.0 -0.0 -0.0 -0.0 -0.0 -0.0 -0.0 -0.0 -0.0 -0.0 -0.0 -0.0 -0.0 -0.0 -0.0 -0.0 -0.0 -0.0 -0.0 -0.0 -0.0 -0.0 -0.0 -0.0 -0.0 -0.0 -0.0 -0.0 -0.0 -0.0 -0.0 -0.0 -0.0 -0.0 -0.0 -0.0 -0.0 -0.0 -0.0 -0.0 -0.0 -0.0 -0.0 -0.0 -0.0 -0.0 -0.0 -0.0 -0.0 -0.0 -0.0 -0.0 -0.0 -0.0 -0.0 -0.0 -0.0 -0.0 -0.0 -0.0 -0.0 -0.0 -0.0 -0.0 -0.0 -0.0 -0.0 -0.0 -0.0 -0.0 -0.0 -0.0 -0.0 -0.0 -0.0 -0.0 -0.0 -0.0 -0.0 -0.0 -0.0 -0.0 -0.0 -0.0 -0.0 -0.0 -0.0 -0.0 -0.0 -0.0 -0.0 -0.0 -0.0 -0.0 -0.0 -0.0 -0.0 -0.0 -0.0 -0.0 -0.0 -0.0 -0.0 -0.0 -0.0 -0.0 -0.0 -0.0 -0.0 -0.0 -0.0 -0.0 -0.0 -0.0 -0.0 -0.0 -0.0 -0.0 -0.0 -0.0 -0.0 -0.0 -0.0 -0.0 -0.0 -0.0 -0.0 -0.0 -0.0 -0.0 -0.0 -0.0 -54.751947021484376 -24.40429229736328 -0.3425175905227661 -1.0 -1.0 -1.0 -1.0 -1.0 -1.0
2:491.3559 90.87503 272.6577 480.8979 86.4286 248.1035 546.1091 87.13663 277.8254 571.8029 63.62535 204.6495 504.3085 96.78125 293.9294 454.0091 87.50007 286.1253 440.109 81.01415 251.0254 443.609 87.50002 269.9255 454.409 87.50002 302.1255
1:-543.3059637451172 -246.33145339965822 -0.9747408676147462 -0.013752995058894157 0.012202230282127857 -0.059402454644441605 0.012745607644319534 -0.012006755918264389 0.0608559213578701 -0.058074336498975754 0.1502780020236969 -0.09306918829679489 -0.11300846934318542 0.13381001353263855 0.1265130341053009 -0.10520071536302567 0.23186326026916504 -0.026287268847227097 -0.06369935721158981 0.2626804709434509 0.1921149492263794 -527.4872504882812 -252.40459313964845 -2.5597690734863283 -512.1019266357422 -258.31134548950195 -4.101371849060059 -497.8000762939453 -263.80212936401364 -5.534411048889161 -481.5479736328125 -273.77790028463585 -7.162864685058594 -0.0 -0.0 -0.0 -478.1954345703125 -270.5584411621094 27.205387115478516 -484.9005126953125 -269.5248718261719 -41.5311164855957 -0.3906328082084656 0.19567935168743134 -0.13351699709892273 -0.4278186559677124 0.1517711877822876 0.06125308945775032 -0.6249098777770996 0.3350814878940582 -0.17473629117012024 -0.6732177138328552 0.2664439082145691 0.08175157755613327 -0.8809615969657898 0.3761519193649292 -0.1397126466035843 -0.888860821723938 0.35911059379577637 0.02698974870145321 -0.15673112869262695 0.2878202497959137 -0.026997631415724754 -0.08101547509431839 0.266889750957489 0.16586676239967346 -0.0 -0.0 -0.0 -0.0 -0.0 -0.0 -0.0 -0.0 -0.0 -0.0 -0.0 -0.0 -0.0 -0.0 -0.0 -0.0 -0.0 -0.0 -0.0 -0.0 -0.0 -0.0 -0.0 -0.0 -0.0 -0.0 -0.0 -0.0 -0.0 -0.0 -0.0 -0.0 -0.0 -0.0 -0.0 -0.0 -0.0 -0.0 -0.0 -0.0 -0.0 -0.0 -0.0 -0.0 -0.0 -0.0 -0.0 -0.0 -0.0 -0.0 -0.0 -0.0 -0.0 -0.0 -0.0 -0.0 -0.0 -0.0 -0.0 -0.0 -0.0 -0.0 -0.0 -0.0 -0.0 -0.0 -0.0 -0.0 -0.0 -0.0 -0.0 -0.0 -0.0 -0.0 -0.0 -0.0 -0.0 -0.0 -0.0 -0.0 -0.0 -0.0 -0.0 -0.0 -0.0 -0.0 -0.0 -0.0 -0.0 -0.0 -0.0 -0.0 -0.0 -0.0 -0.0 -0.0 -0.0 -0.0 -0.0 -0.0 -0.0 -0.0 -0.0 -0.0 -0.0 -0.0 -0.0 -0.0 -0.0 -0.0 -0.0 -0.0 -0.0 -0.0 -0.0 -0.0 -0.0 -0.0 -0.0 -0.0 -0.0 -0.0 -0.0 -0.0 -0.0 -0.0 -0.0 -0.0 -0.0 -0.0 -0.0 -0.0 -54.751947021484376 -24.40429229736328 -0.3425175905227661 -1.0 -1.0 -1.0 -1.0 -1.0 -1.0
2:491.3559 90.87503 272.6577 480.8979 86.4286 248.1035 546.1091 87.13663 277.8254 571.8104 63.62361 204.6644 504.3085 96.78125 293.9294 454.0091 87.50007 286.1253 440.109 81.01415 251.0254 443.609 87.50002 269.9255 454.409 87.50002 302.1255
1:-543.3059637451172 -246.33145339965822 -0.9747408676147462 -0.013752995058894157 0.012202230282127857 -0.059402454644441605 0.012745607644319534 -0.012006755918264389 0.0608559213578701 -0.058074336498975754 0.1502780020236969 -0.09306918829679489 -0.11300846934318542 0.13381001353263855 0.1265130341053009 -0.10520071536302567 0.23186326026916504 -0.026287268847227097 -0.06369935721158981 0.2626804709434509 0.1921149492263794 -527.4872504882812 -252.40459313964845 -2.5597690734863283 -512.1019266357422 -258.31134548950195 -4.101371849060059 -497.8000762939453 -263.80212936401364 -5.534411048889161 -481.5479736328125 -273.77790028463585 -7.162864685058594 -0.0 -0.0 -0.0 -478.1954345703125 -270.5584411621094 27.205387115478516 -484.9005126953125 -269.5248718261719 -41.5311164855957 -0.3906328082084656 0.19567935168743134 -0.13351699709892273 -0.4278186559677124 0.1517711877822876 0.06125308945775032 -0.6249098777770996 0.3350814878940582 -0.17473629117012024 -0.6732177138328552 0.2664439082145691 0.08175157755613327 -0.8809615969657898 0.3761519193649292 -0.1397126466035843 -0.888860821723938 0.35911059379577637 0.02698974870145321 -0.15673112869262695 0.2878202497959137 -0.026997631415724754 -0.08101547509431839 0.266889750957489 0.16586676239967346 -0.0 -0.0 -0.0 -0.0 -0.0 -0.0 -0.0 -0.0 -0.0 -0.0 -0.0 -0.0 -0.0 -0.0 -0.0 -0.0 -0.0 -0.0 -0.0 -0.0 -0.0 -0.0 -0.0 -0.0 -0.0 -0.0 -0.0 -0.0 -0.0 -0.0 -0.0 -0.0 -0.0 -0.0 -0.0 -0.0 -0.0 -0.0 -0.0 -0.0 -0.0 -0.0 -0.0 -0.0 -0.0 -0.0 -0.0 -0.0 -0.0 -0.0 -0.0 -0.0 -0.0 -0.0 -0.0 -0.0 -0.0 -0.0 -0.0 -0.0 -0.0 -0.0 -0.0 -0.0 -0.0 -0.0 -0.0 -0.0 -0.0 -0.0 -0.0 -0.0 -0.0 -0.0 -0.0 -0.0 -0.0 -0.0 -0.0 -0.0 -0.0 -0.0 -0.0 -0.0 -0.0 -0.0 -0.0 -0.0 -0.0 -0.0 -0.0 -0.0 -0.0 -0.0 -0.0 -0.0 -0.0 -0.0 -0.0 -0.0 -0.0 -0.0 -0.0 -0.0 -0.0 -0.0 -0.0 -0.0 -0.0 -0.0 -0.0 -0.0 -0.0 -0.0 -0.0 -0.0 -0.0 -0.0 -0.0 -0.0 -0.0 -0.0 -0.0 -0.0 -0.0 -0.0 -0.0 -0.0 -0.0 -0.0 -0.0 -0.0 -54.751947021484376 -24.40429229736328 -0.3425175905227661 -1.0 -1.0 -1.0 -1.0 -1.0 -1.0
2:491.3559 90.87503 272.6577 480.8979 86.4286 248.1035 546.1091 87.13663 277.8254 571.8168 63.62213 204.6768 504.3085 96.78125 293.9294 454.0091 87.50007 286.1253 440.109 81.01415 251.0254 443.609 87.50002 269.9255 454.409 87.50002 302.1255
1:-543.3059637451172 -246.33145339965822 -0.9747408676147462 -0.013752995058894157 0.012202230282127857 -0.059402454644441605 0.012745607644319534 -0.012006755918264389 0.0608559213578701 -0.058074336498975754 0.1502780020236969 -0.09306918829679489 -0.11300846934318542 0.13381001353263855 0.1265130341053009 -0.10520071536302567 0.23186326026916504 -0.026287268847227097 -0.06369935721158981 0.2626804709434509 0.1921149492263794 -527.4872504882812 -252.40459313964845 -2.5597690734863283 -512.1019266357422 -258.31134548950195 -4.101371849060059 -497.8000762939453 -263.80212936401364 -5.534411048889161 -481.5479736328125 -273.77790028463585 -7.162864685058594 -0.0 -0.0 -0.0 -478.1954345703125 -270.5584411621094 27.205387115478516 -484.9005126953125 -269.5248718261719 -41.5311164855957 -0.3906328082084656 0.19567935168743134 -0.13351699709892273 -0.4278186559677124 0.1517711877822876 0.06125308945775032 -0.6249098777770996 0.3350814878940582 -0.17473629117012024 -0.6732177138328552 0.2664439082145691 0.08175157755613327 -0.8809615969657898 0.3761519193649292 -0.1397126466035843 -0.888860821723938 0.35911059379577637 0.02698974870145321 -0.15673112869262695 0.2878202497959137 -0.026997631415724754 -0.08101547509431839 0.266889750957489 0.16586676239967346 -0.0 -0.0 -0.0 -0.0 -0.0 -0.0 -0.0 -0.0 -0.0 -0.0 -0.0 -0.0 -0.0 -0.0 -0.0 -0.0 -0.0 -0.0 -0.0 -0.0 -0.0 -0.0 -0.0 -0.0 -0.0 -0.0 -0.0 -0.0 -0.0 -0.0 -0.0 -0.0 -0.0 -0.0 -0.0 -0.0 -0.0 -0.0 -0.0 -0.0 -0.0 -0.0 -0.0 -0.0 -0.0 -0.0 -0.0 -0.0 -0.0 -0.0 -0.0 -0.0 -0.0 -0.0 -0.0 -0.0 -0.0 -0.0 -0.0 -0.0 -0.0 -0.0 -0.0 -0.0 -0.0 -0.0 -0.0 -0.0 -0.0 -0.0 -0.0 -0.0 -0.0 -0.0 -0.0 -0.0 -0.0 -0.0 -0.0 -0.0 -0.0 -0.0 -0.0 -0.0 -0.0 -0.0 -0.0 -0.0 -0.0 -0.0 -0.0 -0.0 -0.0 -0.0 -0.0 -0.0 -0.0 -0.0 -0.0 -0.0 -0.0 -0.0 -0.0 -0.0 -0.0 -0.0 -0.0 -0.0 -0.0 -0.0 -0.0 -0.0 -0.0 -0.0 -0.0 -0.0 -0.0 -0.0 -0.0 -0.0 -0.0 -0.0 -0.0 -0.0 -0.0 -0.0 -0.0 -0.0 -0.0 -0.0 -0.0 -0.0 -54.751947021484376 -24.40429229736328 -0.3425175905227661 -1.0 -1.0 -1.0 -1.0 -1.0 -1.0
2:491.3559 90.87503 272.6577 480.8979 86.4286 248.1035 546.1091 87.13663 277.8254 571.822 63.62088 204.6872 504.3085 96.78125 293.9294 454.0091 87.50007 286.1253 440.109 81.01415 251.0254 443.609 87.50002 269.9255 454.409 87.50002 302.1255
1:-543.3059637451172 -246.33145339965822 -0.9747408676147462 -0.013752995058894157 0.012202230282127857 -0.059402454644441605 0.012745607644319534 -0.012006755918264389 0.0608559213578701 -0.058074336498975754 0.1502780020236969 -0.09306918829679489 -0.11300846934318542 0.13381001353263855 0.1265130341053009 -0.10520071536302567 0.23186326026916504 -0.026287268847227097 -0.06369935721158981 0.2626804709434509 0.1921149492263794 -527.4872504882812 -252.40459313964845 -2.5597690734863283 -512.1019266357422 -258.31134548950195 -4.101371849060059 -497.8000762939453 -263.80212936401364 -5.534411048889161 -481.5479736328125 -273.77790028463585 -7.162864685058594 -0.0 -0.0 -0.0 -478.1954345703125 -270.5584411621094 27.205387115478516 -484.9005126953125 -269.5248718261719 -41.5311164855957 -0.3906328082084656 0.19567935168743134 -0.13351699709892273 -0.4278186559677124 0.1517711877822876 0.06125308945775032 -0.6249098777770996 0.3350814878940582 -0.17473629117012024 -0.6732177138328552 0.2664439082145691 0.08175157755613327 -0.8809615969657898 0.3761519193649292 -0.1397126466035843 -0.888860821723938 0.35911059379577637 0.02698974870145321 -0.15673112869262695 0.2878202497959137 -0.026997631415724754 -0.08101547509431839 0.266889750957489 0.16586676239967346 -0.0 -0.0 -0.0 -0.0 -0.0 -0.0 -0.0 -0.0 -0.0 -0.0 -0.0 -0.0 -0.0 -0.0 -0.0 -0.0 -0.0 -0.0 -0.0 -0.0 -0.0 -0.0 -0.0 -0.0 -0.0 -0.0 -0.0 -0.0 -0.0 -0.0 -0.0 -0.0 -0.0 -0.0 -0.0 -0.0 -0.0 -0.0 -0.0 -0.0 -0.0 -0.0 -0.0 -0.0 -0.0 -0.0 -0.0 -0.0 -0.0 -0.0 -0.0 -0.0 -0.0 -0.0 -0.0 -0.0 -0.0 -0.0 -0.0 -0.0 -0.0 -0.0 -0.0 -0.0 -0.0 -0.0 -0.0 -0.0 -0.0 -0.0 -0.0 -0.0 -0.0 -0.0 -0.0 -0.0 -0.0 -0.0 -0.0 -0.0 -0.0 -0.0 -0.0 -0.0 -0.0 -0.0 -0.0 -0.0 -0.0 -0.0 -0.0 -0.0 -0.0 -0.0 -0.0 -0.0 -0.0 -0.0 -0.0 -0.0 -0.0 -0.0 -0.0 -0.0 -0.0 -0.0 -0.0 -0.0 -0.0 -0.0 -0.0 -0.0 -0.0 -0.0 -0.0 -0.0 -0.0 -0.0 -0.0 -0.0 -0.0 -0.0 -0.0 -0.0 -0.0 -0.0 -0.0 -0.0 -0.0 -0.0 -0.0 -0.0 -54.751947021484376 -24.40429229736328 -0.3425175905227661 -1.0 -1.0 -1.0 -1.0 -1.0 -1.0
2:491.3559 90.87503 272.6577 480.8979 86.4286 248.1035 546.1091 87.13663 277.8254 571.8263 63.61978 204.6958 504.3085 96.78125 293.9294 454.0091 87.50007 286.1253 440.109 81.01415 251.0254 443.609 87.50002 269.9255 454.409 87.50002 302.1255
1:-543.3059637451172 -246.33145339965822 -0.9747408676147462 -0.013752995058894157 0.012202230282127857 -0.059402454644441605 0.012745607644319534 -0.012006755918264389 0.0608559213578701 -0.058074336498975754 0.1502780020236969 -0.09306918829679489 -0.11300846934318542 0.13381001353263855 0.1265130341053009 -0.10520071536302567 0.23186326026916504 -0.026287268847227097 -0.06369935721158981 0.2626804709434509 0.1921149492263794 -527.4872504882812 -252.40459313964845 -2.5597690734863283 -512.1019266357422 -258.31134548950195 -4.101371849060059 -497.8000762939453 -263.80212936401364 -5.534411048889161 -481.5479736328125 -273.77790028463585 -7.162864685058594 -0.0 -0.0 -0.0 -478.1954345703125 -270.5584411621094 27.205387115478516 -484.9005126953125 -269.5248718261719 -41.5311164855957 -0.3906328082084656 0.19567935168743134 -0.13351699709892273 -0.4278186559677124 0.1517711877822876 0.06125308945775032 -0.6249098777770996 0.3350814878940582 -0.17473629117012024 -0.6732177138328552 0.2664439082145691 0.08175157755613327 -0.8809615969657898 0.3761519193649292 -0.1397126466035843 -0.888860821723938 0.35911059379577637 0.02698974870145321 -0.15673112869262695 0.2878202497959137 -0.026997631415724754 -0.08101547509431839 0.266889750957489 0.16586676239967346 -0.0 -0.0 -0.0 -0.0 -0.0 -0.0 -0.0 -0.0 -0.0 -0.0 -0.0 -0.0 -0.0 -0.0 -0.0 -0.0 -0.0 -0.0 -0.0 -0.0 -0.0 -0.0 -0.0 -0.0 -0.0 -0.0 -0.0 -0.0 -0.0 -0.0 -0.0 -0.0 -0.0 -0.0 -0.0 -0.0 -0.0 -0.0 -0.0 -0.0 -0.0 -0.0 -0.0 -0.0 -0.0 -0.0 -0.0 -0.0 -0.0 -0.0 -0.0 -0.0 -0.0 -0.0 -0.0 -0.0 -0.0 -0.0 -0.0 -0.0 -0.0 -0.0 -0.0 -0.0 -0.0 -0.0 -0.0 -0.0 -0.0 -0.0 -0.0 -0.0 -0.0 -0.0 -0.0 -0.0 -0.0 -0.0 -0.0 -0.0 -0.0 -0.0 -0.0 -0.0 -0.0 -0.0 -0.0 -0.0 -0.0 -0.0 -0.0 -0.0 -0.0 -0.0 -0.0 -0.0 -0.0 -0.0 -0.0 -0.0 -0.0 -0.0 -0.0 -0.0 -0.0 -0.0 -0.0 -0.0 -0.0 -0.0 -0.0 -0.0 -0.0 -0.0 -0.0 -0.0 -0.0 -0.0 -0.0 -0.0 -0.0 -0.0 -0.0 -0.0 -0.0 -0.0 -0.0 -0.0 -0.0 -0.0 -0.0 -0.0 -54.751947021484376 -24.40429229736328 -0.3425175905227661 -1.0 -1.0 -1.0 -1.0 -1.0 -1.0
2:491.3559 90.87503 272.6577 480.8979 86.4286 248.1035 546.1091 87.13663 277.8254 571.8289 63.61916 204.7008 504.3085 96.78125 293.9294 454.0091 87.50007 286.1253 440.109 81.01415 251.0254 443.609 87.50002 269.9255 454.409 87.50002 302.1255
1:-543.3059637451172 -246.33145339965822 -0.9747408676147462 -0.013752995058894157 0.012202230282127857 -0.059402454644441605 0.012745607644319534 -0.012006755918264389 0.0608559213578701 -0.058074336498975754 0.1502780020236969 -0.09306918829679489 -0.11300846934318542 0.13381001353263855 0.1265130341053009 -0.10520071536302567 0.23186326026916504 -0.026287268847227097 -0.06369935721158981 0.2626804709434509 0.1921149492263794 -527.4872504882812 -252.40459313964845 -2.5597690734863283 -512.1019266357422 -258.31134548950195 -4.101371849060059 -497.8000762939453 -263.80212936401364 -5.534411048889161 -481.5479736328125 -273.77790028463585 -7.162864685058594 -0.0 -0.0 -0.0 -478.1954345703125 -270.5584411621094 27.205387115478516 -484.9005126953125 -269.5248718261719 -41.5311164855957 -0.3906328082084656 0.19567935168743134 -0.13351699709892273 -0.4278186559677124 0.1517711877822876 0.06125308945775032 -0.6249098777770996 0.3350814878940582 -0.17473629117012024 -0.6732177138328552 0.2664439082145691 0.08175157755613327 -0.8809615969657898 0.3761519193649292 -0.1397126466035843 -0.888860821723938 0.35911059379577637 0.02698974870145321 -0.15673112869262695 0.2878202497959137 -0.026997631415724754 -0.08101547509431839 0.266889750957489 0.16586676239967346 -0.0 -0.0 -0.0 -0.0 -0.0 -0.0 -0.0 -0.0 -0.0 -0.0 -0.0 -0.0 -0.0 -0.0 -0.0 -0.0 -0.0 -0.0 -0.0 -0.0 -0.0 -0.0 -0.0 -0.0 -0.0 -0.0 -0.0 -0.0 -0.0 -0.0 -0.0 -0.0 -0.0 -0.0 -0.0 -0.0 -0.0 -0.0 -0.0 -0.0 -0.0 -0.0 -0.0 -0.0 -0.0 -0.0 -0.0 -0.0 -0.0 -0.0 -0.0 -0.0 -0.0 -0.0 -0.0 -0.0 -0.0 -0.0 -0.0 -0.0 -0.0 -0.0 -0.0 -0.0 -0.0 -0.0 -0.0 -0.0 -0.0 -0.0 -0.0 -0.0 -0.0 -0.0 -0.0 -0.0 -0.0 -0.0 -0.0 -0.0 -0.0 -0.0 -0.0 -0.0 -0.0 -0.0 -0.0 -0.0 -0.0 -0.0 -0.0 -0.0 -0.0 -0.0 -0.0 -0.0 -0.0 -0.0 -0.0 -0.0 -0.0 -0.0 -0.0 -0.0 -0.0 -0.0 -0.0 -0.0 -0.0 -0.0 -0.0 -0.0 -0.0 -0.0 -0.0 -0.0 -0.0 -0.0 -0.0 -0.0 -0.0 -0.0 -0.0 -0.0 -0.0 -0.0 -0.0 -0.0 -0.0 -0.0 -0.0 -0.0 -54.751947021484376 -24.40429229736328 -0.3425175905227661 -1.0 -1.0 -1.0 -1.0 -1.0 -1.0
2:491.3559 90.87503 272.6577 480.8979 86.4286 248.1035 546.1091 87.13663 277.8254 571.9398 63.62364 204.6714 504.3085 96.78125 293.9294 454.0091 87.50007 286.1253 440.109 81.01415 251.0254 443.609 87.50002 269.9255 454.409 87.50002 302.1255
1:-543.3059637451172 -246.33145339965822 -0.9747408676147462 -0.013752995058894157 0.012202230282127857 -0.059402454644441605 0.012745607644319534 -0.012006755918264389 0.0608559213578701 -0.058074336498975754 0.1502780020236969 -0.09306918829679489 -0.11300846934318542 0.13381001353263855 0.1265130341053009 -0.10520071536302567 0.23186326026916504 -0.026287268847227097 -0.06369935721158981 0.2626804709434509 0.1921149492263794 -527.4872504882812 -252.40459313964845 -2.5597690734863283 -512.1019266357422 -258.31134548950195 -4.101371849060059 -497.8000762939453 -263.80212936401364 -5.534411048889161 -481.5479736328125 -273.77790028463585 -7.162864685058594 -0.0 -0.0 -0.0 -478.1954345703125 -270.5584411621094 27.205387115478516 -484.9005126953125 -269.5248718261719 -41.5311164855957 -0.3906328082084656 0.19567935168743134 -0.13351699709892273 -0.4278186559677124 0.1517711877822876 0.06125308945775032 -0.6249098777770996 0.3350814878940582 -0.17473629117012024 -0.6732177138328552 0.2664439082145691 0.08175157755613327 -0.8809615969657898 0.3761519193649292 -0.1397126466035843 -0.888860821723938 0.35911059379577637 0.02698974870145321 -0.15673112869262695 0.2878202497959137 -0.026997631415724754 -0.08101547509431839 0.266889750957489 0.16586676239967346 -0.0 -0.0 -0.0 -0.0 -0.0 -0.0 -0.0 -0.0 -0.0 -0.0 -0.0 -0.0 -0.0 -0.0 -0.0 -0.0 -0.0 -0.0 -0.0 -0.0 -0.0 -0.0 -0.0 -0.0 -0.0 -0.0 -0.0 -0.0 -0.0 -0.0 -0.0 -0.0 -0.0 -0.0 -0.0 -0.0 -0.0 -0.0 -0.0 -0.0 -0.0 -0.0 -0.0 -0.0 -0.0 -0.0 -0.0 -0.0 -0.0 -0.0 -0.0 -0.0 -0.0 -0.0 -0.0 -0.0 -0.0 -0.0 -0.0 -0.0 -0.0 -0.0 -0.0 -0.0 -0.0 -0.0 -0.0 -0.0 -0.0 -0.0 -0.0 -0.0 -0.0 -0.0 -0.0 -0.0 -0.0 -0.0 -0.0 -0.0 -0.0 -0.0 -0.0 -0.0 -0.0 -0.0 -0.0 -0.0 -0.0 -0.0 -0.0 -0.0 -0.0 -0.0 -0.0 -0.0 -0.0 -0.0 -0.0 -0.0 -0.0 -0.0 -0.0 -0.0 -0.0 -0.0 -0.0 -0.0 -0.0 -0.0 -0.0 -0.0 -0.0 -0.0 -0.0 -0.0 -0.0 -0.0 -0.0 -0.0 -0.0 -0.0 -0.0 -0.0 -0.0 -0.0 -0.0 -0.0 -0.0 -0.0 -0.0 -0.0 -54.751947021484376 -24.40429229736328 -0.3425175905227661 -1.0 -1.0 -1.0 -1.0 -1.0 -1.0
2:491.3559 90.87503 272.6577 480.8979 86.4286 248.1035 546.1091 87.13663 277.8254 571.8345 63.61763 204.7125 504.3085 96.78125 293.9294 454.0091 87.50007 286.1253 440.109 81.01415 251.0254 443.609 87.50002 269.9255 454.409 87.50002 302.1255
1:-543.3059637451172 -246.33145339965822 -0.9747408676147462 -0.013752995058894157 0.012202230282127857 -0.059402454644441605 0.012745607644319534 -0.012006755918264389 0.0608559213578701 -0.058074336498975754 0.1502780020236969 -0.09306918829679489 -0.11300846934318542 0.13381001353263855 0.1265130341053009 -0.10520071536302567 0.23186326026916504 -0.026287268847227097 -0.06369935721158981 0.2626804709434509 0.1921149492263794 -527.4872504882812 -252.40459313964845 -2.5597690734863283 -512.1019266357422 -258.31134548950195 -4.101371849060059 -497.8000762939453 -263.80212936401364 -5.534411048889161 -481.5479736328125 -273.77790028463585 -7.162864685058594 -0.0 -0.0 -0.0 -478.1954345703125 -270.5584411621094 27.205387115478516 -484.9005126953125 -269.5248718261719 -41.5311164855957 -0.3906328082084656 0.19567935168743134 -0.13351699709892273 -0.4278186559677124 0.1517711877822876 0.06125308945775032 -0.6249098777770996 0.3350814878940582 -0.17473629117012024 -0.6732177138328552 0.2664439082145691 0.08175157755613327 -0.8809615969657898 0.3761519193649292 -0.1397126466035843 -0.888860821723938 0.35911059379577637 0.02698974870145321 -0.15673112869262695 0.2878202497959137 -0.026997631415724754 -0.08101547509431839 0.266889750957489 0.16586676239967346 -0.0 -0.0 -0.0 -0.0 -0.0 -0.0 -0.0 -0.0 -0.0 -0.0 -0.0 -0.0 -0.0 -0.0 -0.0 -0.0 -0.0 -0.0 -0.0 -0.0 -0.0 -0.0 -0.0 -0.0 -0.0 -0.0 -0.0 -0.0 -0.0 -0.0 -0.0 -0.0 -0.0 -0.0 -0.0 -0.0 -0.0 -0.0 -0.0 -0.0 -0.0 -0.0 -0.0 -0.0 -0.0 -0.0 -0.0 -0.0 -0.0 -0.0 -0.0 -0.0 -0.0 -0.0 -0.0 -0.0 -0.0 -0.0 -0.0 -0.0 -0.0 -0.0 -0.0 -0.0 -0.0 -0.0 -0.0 -0.0 -0.0 -0.0 -0.0 -0.0 -0.0 -0.0 -0.0 -0.0 -0.0 -0.0 -0.0 -0.0 -0.0 -0.0 -0.0 -0.0 -0.0 -0.0 -0.0 -0.0 -0.0 -0.0 -0.0 -0.0 -0.0 -0.0 -0.0 -0.0 -0.0 -0.0 -0.0 -0.0 -0.0 -0.0 -0.0 -0.0 -0.0 -0.0 -0.0 -0.0 -0.0 -0.0 -0.0 -0.0 -0.0 -0.0 -0.0 -0.0 -0.0 -0.0 -0.0 -0.0 -0.0 -0.0 -0.0 -0.0 -0.0 -0.0 -0.0 -0.0 -0.0 -0.0 -0.0 -0.0 -54.751947021484376 -24.40429229736328 -0.3425175905227661 -1.0 -1.0 -1.0 -1.0 -1.0 -1.0
2:491.3559 90.87503 272.6577 480.8979 86.4286 248.1035 546.1091 87.13663 277.8254 571.9449 63.6219 204.6809 504.3085 96.78125 293.9294 454.0091 87.50007 286.1253 440.109 81.01415 251.0254 443.609 87.50002 269.9255 454.409 87.50002 302.1255
1:-543.3059637451172 -246.33145339965822 -0.9747408676147462 -0.013752995058894157 0.012202230282127857 -0.059402454644441605 0.012745607644319534 -0.012006755918264389 0.0608559213578701 -0.058074336498975754 0.1502780020236969 -0.09306918829679489 -0.11300846934318542 0.13381001353263855 0.1265130341053009 -0.10520071536302567 0.23186326026916504 -0.026287268847227097 -0.06369935721158981 0.2626804709434509 0.1921149492263794 -527.4872504882812 -252.40459313964845 -2.5597690734863283 -512.1019266357422 -258.31134548950195 -4.101371849060059 -497.8000762939453 -263.80212936401364 -5.534411048889161 -481.5479736328125 -273.77790028463585 -7.162864685058594 -0.0 -0.0 -0.0 -478.1954345703125 -270.5584411621094 27.205387115478516 -484.9005126953125 -269.5248718261719 -41.5311164855957 -0.3906328082084656 0.19567935168743134 -0.13351699709892273 -0.4278186559677124 0.1517711877822876 0.06125308945775032 -0.6249098777770996 0.3350814878940582 -0.17473629117012024 -0.6732177138328552 0.2664439082145691 0.08175157755613327 -0.8809615969657898 0.3761519193649292 -0.1397126466035843 -0.888860821723938 0.35911059379577637 0.02698974870145321 -0.15673112869262695 0.2878202497959137 -0.026997631415724754 -0.08101547509431839 0.266889750957489 0.16586676239967346 -0.0 -0.0 -0.0 -0.0 -0.0 -0.0 -0.0 -0.0 -0.0 -0.0 -0.0 -0.0 -0.0 -0.0 -0.0 -0.0 -0.0 -0.0 -0.0 -0.0 -0.0 -0.0 -0.0 -0.0 -0.0 -0.0 -0.0 -0.0 -0.0 -0.0 -0.0 -0.0 -0.0 -0.0 -0.0 -0.0 -0.0 -0.0 -0.0 -0.0 -0.0 -0.0 -0.0 -0.0 -0.0 -0.0 -0.0 -0.0 -0.0 -0.0 -0.0 -0.0 -0.0 -0.0 -0.0 -0.0 -0.0 -0.0 -0.0 -0.0 -0.0 -0.0 -0.0 -0.0 -0.0 -0.0 -0.0 -0.0 -0.0 -0.0 -0.0 -0.0 -0.0 -0.0 -0.0 -0.0 -0.0 -0.0 -0.0 -0.0 -0.0 -0.0 -0.0 -0.0 -0.0 -0.0 -0.0 -0.0 -0.0 -0.0 -0.0 -0.0 -0.0 -0.0 -0.0 -0.0 -0.0 -0.0 -0.0 -0.0 -0.0 -0.0 -0.0 -0.0 -0.0 -0.0 -0.0 -0.0 -0.0 -0.0 -0.0 -0.0 -0.0 -0.0 -0.0 -0.0 -0.0 -0.0 -0.0 -0.0 -0.0 -0.0 -0.0 -0.0 -0.0 -0.0 -0.0 -0.0 -0.0 -0.0 -0.0 -0.0 -54.751947021484376 -24.40429229736328 -0.3425175905227661 -1.0 -1.0 -1.0 -1.0 -1.0 -1.0
2:491.3559 90.87503 272.6577 480.8979 86.4286 248.1035 546.1091 87.13663 277.8254 571.8384 63.61632 204.7204 504.3085 96.78125 293.9294 454.0091 87.50007 286.1253 440.109 81.01415 251.0254 443.609 87.50002 269.9255 454.409 87.50002 302.1255
1:-543.3059637451172 -246.33145339965822 -0.9747408676147462 -0.013752995058894157 0.012202230282127857 -0.059402454644441605 0.012745607644319534 -0.012006755918264389 0.0608559213578701 -0.058074336498975754 0.1502780020236969 -0.09306918829679489 -0.11300846934318542 0.13381001353263855 0.1265130341053009 -0.10520071536302567 0.23186326026916504 -0.026287268847227097 -0.06369935721158981 0.2626804709434509 0.1921149492263794 -527.4872504882812 -252.40459313964845 -2.5597690734863283 -512.1019266357422 -258.31134548950195 -4.101371849060059 -497.8000762939453 -263.80212936401364 -5.534411048889161 -481.5479736328125 -273.77790028463585 -7.162864685058594 -0.0 -0.0 -0.0 -478.1954345703125 -270.5584411621094 27.205387115478516 -484.9005126953125 -269.5248718261719 -41.5311164855957 -0.3906328082084656 0.19567935168743134 -0.13351699709892273 -0.4278186559677124 0.1517711877822876 0.06125308945775032 -0.6249098777770996 0.3350814878940582 -0.17473629117012024 -0.6732177138328552 0.2664439082145691 0.08175157755613327 -0.8809615969657898 0.3761519193649292 -0.1397126466035843 -0.888860821723938 0.35911059379577637 0.02698974870145321 -0.15673112869262695 0.2878202497959137 -0.026997631415724754 -0.08101547509431839 0.266889750957489 0.16586676239967346 -0.0 -0.0 -0.0 -0.0 -0.0 -0.0 -0.0 -0.0 -0.0 -0.0 -0.0 -0.0 -0.0 -0.0 -0.0 -0.0 -0.0 -0.0 -0.0 -0.0 -0.0 -0.0 -0.0 -0.0 -0.0 -0.0 -0.0 -0.0 -0.0 -0.0 -0.0 -0.0 -0.0 -0.0 -0.0 -0.0 -0.0 -0.0 -0.0 -0.0 -0.0 -0.0 -0.0 -0.0 -0.0 -0.0 -0.0 -0.0 -0.0 -0.0 -0.0 -0.0 -0.0 -0.0 -0.0 -0.0 -0.0 -0.0 -0.0 -0.0 -0.0 -0.0 -0.0 -0.0 -0.0 -0.0 -0.0 -0.0 -0.0 -0.0 -0.0 -0.0 -0.0 -0.0 -0.0 -0.0 -0.0 -0.0 -0.0 -0.0 -0.0 -0.0 -0.0 -0.0 -0.0 -0.0 -0.0 -0.0 -0.0 -0.0 -0.0 -0.0 -0.0 -0.0 -0.0 -0.0 -0.0 -0.0 -0.0 -0.0 -0.0 -0.0 -0.0 -0.0 -0.0 -0.0 -0.0 -0.0 -0.0 -0.0 -0.0 -0.0 -0.0 -0.0 -0.0 -0.0 -0.0 -0.0 -0.0 -0.0 -0.0 -0.0 -0.0 -0.0 -0.0 -0.0 -0.0 -0.0 -0.0 -0.0 -0.0 -0.0 -54.751947021484376 -24.40429229736328 -0.3425175905227661 -1.0 -1.0 -1.0 -1.0 -1.0 -1.0
2:491.3559 90.87503 272.6577 480.8979 86.4286 248.1035 546.1091 87.13663 277.8254 571.8394 63.61595 204.7225 504.3085 96.78125 293.9294 454.0091 87.50007 286.1253 440.109 81.01415 251.0254 443.609 87.50002 269.9255 454.409 87.50002 302.1255
1:-543.3059637451172 -246.33145339965822 -0.9747408676147462 -0.013752995058894157 0.012202230282127857 -0.059402454644441605 0.012745607644319534 -0.012006755918264389 0.0608559213578701 -0.058074336498975754 0.1502780020236969 -0.09306918829679489 -0.11300846934318542 0.13381001353263855 0.1265130341053009 -0.10520071536302567 0.23186326026916504 -0.026287268847227097 -0.06369935721158981 0.2626804709434509 0.1921149492263794 -527.4872504882812 -252.40459313964845 -2.5597690734863283 -512.1019266357422 -258.31134548950195 -4.101371849060059 -497.8000762939453 -263.80212936401364 -5.534411048889161 -481.5479736328125 -273.77790028463585 -7.162864685058594 -0.0 -0.0 -0.0 -478.1954345703125 -270.5584411621094 27.205387115478516 -484.9005126953125 -269.5248718261719 -41.5311164855957 -0.3906328082084656 0.19567935168743134 -0.13351699709892273 -0.4278186559677124 0.1517711877822876 0.06125308945775032 -0.6249098777770996 0.3350814878940582 -0.17473629117012024 -0.6732177138328552 0.2664439082145691 0.08175157755613327 -0.8809615969657898 0.3761519193649292 -0.1397126466035843 -0.888860821723938 0.35911059379577637 0.02698974870145321 -0.15673112869262695 0.2878202497959137 -0.026997631415724754 -0.08101547509431839 0.266889750957489 0.16586676239967346 -0.0 -0.0 -0.0 -0.0 -0.0 -0.0 -0.0 -0.0 -0.0 -0.0 -0.0 -0.0 -0.0 -0.0 -0.0 -0.0 -0.0 -0.0 -0.0 -0.0 -0.0 -0.0 -0.0 -0.0 -0.0 -0.0 -0.0 -0.0 -0.0 -0.0 -0.0 -0.0 -0.0 -0.0 -0.0 -0.0 -0.0 -0.0 -0.0 -0.0 -0.0 -0.0 -0.0 -0.0 -0.0 -0.0 -0.0 -0.0 -0.0 -0.0 -0.0 -0.0 -0.0 -0.0 -0.0 -0.0 -0.0 -0.0 -0.0 -0.0 -0.0 -0.0 -0.0 -0.0 -0.0 -0.0 -0.0 -0.0 -0.0 -0.0 -0.0 -0.0 -0.0 -0.0 -0.0 -0.0 -0.0 -0.0 -0.0 -0.0 -0.0 -0.0 -0.0 -0.0 -0.0 -0.0 -0.0 -0.0 -0.0 -0.0 -0.0 -0.0 -0.0 -0.0 -0.0 -0.0 -0.0 -0.0 -0.0 -0.0 -0.0 -0.0 -0.0 -0.0 -0.0 -0.0 -0.0 -0.0 -0.0 -0.0 -0.0 -0.0 -0.0 -0.0 -0.0 -0.0 -0.0 -0.0 -0.0 -0.0 -0.0 -0.0 -0.0 -0.0 -0.0 -0.0 -0.0 -0.0 -0.0 -0.0 -0.0 -0.0 -54.751947021484376 -24.40429229736328 -0.3425175905227661 -1.0 -1.0 -1.0 -1.0 -1.0 -1.0
2:491.3559 90.87503 272.6577 480.8979 86.4286 248.1035 546.1091 87.13663 277.8254 571.8405 63.61542 204.7251 504.3085 96.78125 293.9294 454.0091 87.50007 286.1253 440.109 81.01415 251.0254 443.609 87.50002 269.9255 454.409 87.50002 302.1255
1:-543.3059637451172 -246.33145339965822 -0.9747408676147462 -0.013752995058894157 0.012202230282127857 -0.059402454644441605 0.012745607644319534 -0.012006755918264389 0.0608559213578701 -0.058074336498975754 0.1502780020236969 -0.09306918829679489 -0.11300846934318542 0.13381001353263855 0.1265130341053009 -0.10520071536302567 0.23186326026916504 -0.026287268847227097 -0.06369935721158981 0.2626804709434509 0.1921149492263794 -527.4872504882812 -252.40459313964845 -2.5597690734863283 -512.1019266357422 -258.31134548950195 -4.101371849060059 -497.8000762939453 -263.80212936401364 -5.534411048889161 -481.5479736328125 -273.77790028463585 -7.162864685058594 -0.0 -0.0 -0.0 -478.1954345703125 -270.5584411621094 27.205387115478516 -484.9005126953125 -269.5248718261719 -41.5311164855957 -0.3906328082084656 0.19567935168743134 -0.13351699709892273 -0.4278186559677124 0.1517711877822876 0.06125308945775032 -0.6249098777770996 0.3350814878940582 -0.17473629117012024 -0.6732177138328552 0.2664439082145691 0.08175157755613327 -0.8809615969657898 0.3761519193649292 -0.1397126466035843 -0.888860821723938 0.35911059379577637 0.02698974870145321 -0.15673112869262695 0.2878202497959137 -0.026997631415724754 -0.08101547509431839 0.266889750957489 0.16586676239967346 -0.0 -0.0 -0.0 -0.0 -0.0 -0.0 -0.0 -0.0 -0.0 -0.0 -0.0 -0.0 -0.0 -0.0 -0.0 -0.0 -0.0 -0.0 -0.0 -0.0 -0.0 -0.0 -0.0 -0.0 -0.0 -0.0 -0.0 -0.0 -0.0 -0.0 -0.0 -0.0 -0.0 -0.0 -0.0 -0.0 -0.0 -0.0 -0.0 -0.0 -0.0 -0.0 -0.0 -0.0 -0.0 -0.0 -0.0 -0.0 -0.0 -0.0 -0.0 -0.0 -0.0 -0.0 -0.0 -0.0 -0.0 -0.0 -0.0 -0.0 -0.0 -0.0 -0.0 -0.0 -0.0 -0.0 -0.0 -0.0 -0.0 -0.0 -0.0 -0.0 -0.0 -0.0 -0.0 -0.0 -0.0 -0.0 -0.0 -0.0 -0.0 -0.0 -0.0 -0.0 -0.0 -0.0 -0.0 -0.0 -0.0 -0.0 -0.0 -0.0 -0.0 -0.0 -0.0 -0.0 -0.0 -0.0 -0.0 -0.0 -0.0 -0.0 -0.0 -0.0 -0.0 -0.0 -0.0 -0.0 -0.0 -0.0 -0.0 -0.0 -0.0 -0.0 -0.0 -0.0 -0.0 -0.0 -0.0 -0.0 -0.0 -0.0 -0.0 -0.0 -0.0 -0.0 -0.0 -0.0 -0.0 -0.0 -0.0 -0.0 -54.751947021484376 -24.40429229736328 -0.3425175905227661 -1.0 -1.0 -1.0 -1.0 -1.0 -1.0
2:491.3559 90.87503 272.6577 480.8979 86.4286 248.1035 546.1091 87.13663 277.8254 571.8415 63.61496 204.7272 504.3085 96.78125 293.9294 454.0091 87.50007 286.1253 440.109 81.01415 251.0254 443.609 87.50002 269.9255 454.409 87.50002 302.1255
1:-543.3059637451172 -246.33145339965822 -0.9747408676147462 -0.013752995058894157 0.012202230282127857 -0.059402454644441605 0.012745607644319534 -0.012006755918264389 0.0608559213578701 -0.058074336498975754 0.1502780020236969 -0.09306918829679489 -0.11300846934318542 0.13381001353263855 0.1265130341053009 -0.10520071536302567 0.23186326026916504 -0.026287268847227097 -0.06369935721158981 0.2626804709434509 0.1921149492263794 -527.4872504882812 -252.40459313964845 -2.5597690734863283 -512.1019266357422 -258.31134548950195 -4.101371849060059 -497.8000762939453 -263.80212936401364 -5.534411048889161 -481.5479736328125 -273.77790028463585 -7.162864685058594 -0.0 -0.0 -0.0 -478.1954345703125 -270.5584411621094 27.205387115478516 -484.9005126953125 -269.5248718261719 -41.5311164855957 -0.3906328082084656 0.19567935168743134 -0.13351699709892273 -0.4278186559677124 0.1517711877822876 0.06125308945775032 -0.6249098777770996 0.3350814878940582 -0.17473629117012024 -0.6732177138328552 0.2664439082145691 0.08175157755613327 -0.8809615969657898 0.3761519193649292 -0.1397126466035843 -0.888860821723938 0.35911059379577637 0.02698974870145321 -0.15673112869262695 0.2878202497959137 -0.026997631415724754 -0.08101547509431839 0.266889750957489 0.16586676239967346 -0.0 -0.0 -0.0 -0.0 -0.0 -0.0 -0.0 -0.0 -0.0 -0.0 -0.0 -0.0 -0.0 -0.0 -0.0 -0.0 -0.0 -0.0 -0.0 -0.0 -0.0 -0.0 -0.0 -0.0 -0.0 -0.0 -0.0 -0.0 -0.0 -0.0 -0.0 -0.0 -0.0 -0.0 -0.0 -0.0 -0.0 -0.0 -0.0 -0.0 -0.0 -0.0 -0.0 -0.0 -0.0 -0.0 -0.0 -0.0 -0.0 -0.0 -0.0 -0.0 -0.0 -0.0 -0.0 -0.0 -0.0 -0.0 -0.0 -0.0 -0.0 -0.0 -0.0 -0.0 -0.0 -0.0 -0.0 -0.0 -0.0 -0.0 -0.0 -0.0 -0.0 -0.0 -0.0 -0.0 -0.0 -0.0 -0.0 -0.0 -0.0 -0.0 -0.0 -0.0 -0.0 -0.0 -0.0 -0.0 -0.0 -0.0 -0.0 -0.0 -0.0 -0.0 -0.0 -0.0 -0.0 -0.0 -0.0 -0.0 -0.0 -0.0 -0.0 -0.0 -0.0 -0.0 -0.0 -0.0 -0.0 -0.0 -0.0 -0.0 -0.0 -0.0 -0.0 -0.0 -0.0 -0.0 -0.0 -0.0 -0.0 -0.0 -0.0 -0.0 -0.0 -0.0 -0.0 -0.0 -0.0 -0.0 -0.0 -0.0 -54.751947021484376 -24.40429229736328 -0.3425175905227661 -1.0 -1.0 -1.0 -1.0 -1.0 -1.0
2:491.3559 90.87503 272.6577 480.8979 86.4286 248.1035 546.1091 87.13663 277.8254 571.8422 63.61458 204.7289 504.3085 96.78125 293.9294 454.0091 87.50007 286.1253 440.109 81.01415 251.0254 443.609 87.50002 269.9255 454.409 87.50002 302.1255
1:-543.3059637451172 -246.33145339965822 -0.9747408676147462 -0.013752995058894157 0.012202230282127857 -0.059402454644441605 0.012745607644319534 -0.012006755918264389 0.0608559213578701 -0.058074336498975754 0.1502780020236969 -0.09306918829679489 -0.11300846934318542 0.13381001353263855 0.1265130341053009 -0.10520071536302567 0.23186326026916504 -0.026287268847227097 -0.06369935721158981 0.2626804709434509 0.1921149492263794 -527.4872504882812 -252.40459313964845 -2.5597690734863283 -512.1019266357422 -258.31134548950195 -4.101371849060059 -497.8000762939453 -263.80212936401364 -5.534411048889161 -481.5479736328125 -273.77790028463585 -7.162864685058594 -0.0 -0.0 -0.0 -478.1954345703125 -270.5584411621094 27.205387115478516 -484.9005126953125 -269.5248718261719 -41.5311164855957 -0.3906328082084656 0.19567935168743134 -0.13351699709892273 -0.4278186559677124 0.1517711877822876 0.06125308945775032 -0.6249098777770996 0.3350814878940582 -0.17473629117012024 -0.6732177138328552 0.2664439082145691 0.08175157755613327 -0.8809615969657898 0.3761519193649292 -0.1397126466035843 -0.888860821723938 0.35911059379577637 0.02698974870145321 -0.15673112869262695 0.2878202497959137 -0.026997631415724754 -0.08101547509431839 0.266889750957489 0.16586676239967346 -0.0 -0.0 -0.0 -0.0 -0.0 -0.0 -0.0 -0.0 -0.0 -0.0 -0.0 -0.0 -0.0 -0.0 -0.0 -0.0 -0.0 -0.0 -0.0 -0.0 -0.0 -0.0 -0.0 -0.0 -0.0 -0.0 -0.0 -0.0 -0.0 -0.0 -0.0 -0.0 -0.0 -0.0 -0.0 -0.0 -0.0 -0.0 -0.0 -0.0 -0.0 -0.0 -0.0 -0.0 -0.0 -0.0 -0.0 -0.0 -0.0 -0.0 -0.0 -0.0 -0.0 -0.0 -0.0 -0.0 -0.0 -0.0 -0.0 -0.0 -0.0 -0.0 -0.0 -0.0 -0.0 -0.0 -0.0 -0.0 -0.0 -0.0 -0.0 -0.0 -0.0 -0.0 -0.0 -0.0 -0.0 -0.0 -0.0 -0.0 -0.0 -0.0 -0.0 -0.0 -0.0 -0.0 -0.0 -0.0 -0.0 -0.0 -0.0 -0.0 -0.0 -0.0 -0.0 -0.0 -0.0 -0.0 -0.0 -0.0 -0.0 -0.0 -0.0 -0.0 -0.0 -0.0 -0.0 -0.0 -0.0 -0.0 -0.0 -0.0 -0.0 -0.0 -0.0 -0.0 -0.0 -0.0 -0.0 -0.0 -0.0 -0.0 -0.0 -0.0 -0.0 -0.0 -0.0 -0.0 -0.0 -0.0 -0.0 -0.0 -54.751947021484376 -24.40429229736328 -0.3425175905227661 -1.0 -1.0 -1.0 -1.0 -1.0 -1.0
2:491.3559 90.87503 272.6577 480.8979 86.4286 248.1035 546.1091 87.13663 277.8254 571.8428 63.61423 204.7304 504.3085 96.78125 293.9294 454.0091 87.50007 286.1253 440.109 81.01415 251.0254 443.609 87.50002 269.9255 454.409 87.50002 302.1255
1:-543.3059637451172 -246.33145339965822 -0.9747408676147462 -0.013752995058894157 0.012202230282127857 -0.059402454644441605 0.012745607644319534 -0.012006755918264389 0.0608559213578701 -0.058074336498975754 0.1502780020236969 -0.09306918829679489 -0.11300846934318542 0.13381001353263855 0.1265130341053009 -0.10520071536302567 0.23186326026916504 -0.026287268847227097 -0.06369935721158981 0.2626804709434509 0.1921149492263794 -527.4872504882812 -252.40459313964845 -2.5597690734863283 -512.1019266357422 -258.31134548950195 -4.101371849060059 -497.8000762939453 -263.80212936401364 -5.534411048889161 -481.5479736328125 -273.77790028463585 -7.162864685058594 -0.0 -0.0 -0.0 -478.1954345703125 -270.5584411621094 27.205387115478516 -484.9005126953125 -269.5248718261719 -41.5311164855957 -0.3906328082084656 0.19567935168743134 -0.13351699709892273 -0.4278186559677124 0.1517711877822876 0.06125308945775032 -0.6249098777770996 0.3350814878940582 -0.17473629117012024 -0.6732177138328552 0.2664439082145691 0.08175157755613327 -0.8809615969657898 0.3761519193649292 -0.1397126466035843 -0.888860821723938 0.35911059379577637 0.02698974870145321 -0.15673112869262695 0.2878202497959137 -0.026997631415724754 -0.08101547509431839 0.266889750957489 0.16586676239967346 -0.0 -0.0 -0.0 -0.0 -0.0 -0.0 -0.0 -0.0 -0.0 -0.0 -0.0 -0.0 -0.0 -0.0 -0.0 -0.0 -0.0 -0.0 -0.0 -0.0 -0.0 -0.0 -0.0 -0.0 -0.0 -0.0 -0.0 -0.0 -0.0 -0.0 -0.0 -0.0 -0.0 -0.0 -0.0 -0.0 -0.0 -0.0 -0.0 -0.0 -0.0 -0.0 -0.0 -0.0 -0.0 -0.0 -0.0 -0.0 -0.0 -0.0 -0.0 -0.0 -0.0 -0.0 -0.0 -0.0 -0.0 -0.0 -0.0 -0.0 -0.0 -0.0 -0.0 -0.0 -0.0 -0.0 -0.0 -0.0 -0.0 -0.0 -0.0 -0.0 -0.0 -0.0 -0.0 -0.0 -0.0 -0.0 -0.0 -0.0 -0.0 -0.0 -0.0 -0.0 -0.0 -0.0 -0.0 -0.0 -0.0 -0.0 -0.0 -0.0 -0.0 -0.0 -0.0 -0.0 -0.0 -0.0 -0.0 -0.0 -0.0 -0.0 -0.0 -0.0 -0.0 -0.0 -0.0 -0.0 -0.0 -0.0 -0.0 -0.0 -0.0 -0.0 -0.0 -0.0 -0.0 -0.0 -0.0 -0.0 -0.0 -0.0 -0.0 -0.0 -0.0 -0.0 -0.0 -0.0 -0.0 -0.0 -0.0 -0.0 -54.751947021484376 -24.40429229736328 -0.3425175905227661 -1.0 -1.0 -1.0 -1.0 -1.0 -1.0
2:491.3559 90.87503 272.6577 480.8979 86.4286 248.1035 546.1091 87.13663 277.8254 571.8431 63.614 204.7312 504.3085 96.78125 293.9294 454.0091 87.50007 286.1253 440.109 81.01415 251.0254 443.609 87.50002 269.9255 454.409 87.50002 302.1255
1:-543.3059637451172 -246.33145339965822 -0.9747408676147462 -0.013752995058894157 0.012202230282127857 -0.059402454644441605 0.012745607644319534 -0.012006755918264389 0.0608559213578701 -0.058074336498975754 0.1502780020236969 -0.09306918829679489 -0.11300846934318542 0.13381001353263855 0.1265130341053009 -0.10520071536302567 0.23186326026916504 -0.026287268847227097 -0.06369935721158981 0.2626804709434509 0.1921149492263794 -527.4872504882812 -252.40459313964845 -2.5597690734863283 -512.1019266357422 -258.31134548950195 -4.101371849060059 -497.8000762939453 -263.80212936401364 -5.534411048889161 -481.5479736328125 -273.77790028463585 -7.162864685058594 -0.0 -0.0 -0.0 -478.1954345703125 -270.5584411621094 27.205387115478516 -484.9005126953125 -269.5248718261719 -41.5311164855957 -0.3906328082084656 0.19567935168743134 -0.13351699709892273 -0.4278186559677124 0.1517711877822876 0.06125308945775032 -0.6249098777770996 0.3350814878940582 -0.17473629117012024 -0.6732177138328552 0.2664439082145691 0.08175157755613327 -0.8809615969657898 0.3761519193649292 -0.1397126466035843 -0.888860821723938 0.35911059379577637 0.02698974870145321 -0.15673112869262695 0.2878202497959137 -0.026997631415724754 -0.08101547509431839 0.266889750957489 0.16586676239967346 -0.0 -0.0 -0.0 -0.0 -0.0 -0.0 -0.0 -0.0 -0.0 -0.0 -0.0 -0.0 -0.0 -0.0 -0.0 -0.0 -0.0 -0.0 -0.0 -0.0 -0.0 -0.0 -0.0 -0.0 -0.0 -0.0 -0.0 -0.0 -0.0 -0.0 -0.0 -0.0 -0.0 -0.0 -0.0 -0.0 -0.0 -0.0 -0.0 -0.0 -0.0 -0.0 -0.0 -0.0 -0.0 -0.0 -0.0 -0.0 -0.0 -0.0 -0.0 -0.0 -0.0 -0.0 -0.0 -0.0 -0.0 -0.0 -0.0 -0.0 -0.0 -0.0 -0.0 -0.0 -0.0 -0.0 -0.0 -0.0 -0.0 -0.0 -0.0 -0.0 -0.0 -0.0 -0.0 -0.0 -0.0 -0.0 -0.0 -0.0 -0.0 -0.0 -0.0 -0.0 -0.0 -0.0 -0.0 -0.0 -0.0 -0.0 -0.0 -0.0 -0.0 -0.0 -0.0 -0.0 -0.0 -0.0 -0.0 -0.0 -0.0 -0.0 -0.0 -0.0 -0.0 -0.0 -0.0 -0.0 -0.0 -0.0 -0.0 -0.0 -0.0 -0.0 -0.0 -0.0 -0.0 -0.0 -0.0 -0.0 -0.0 -0.0 -0.0 -0.0 -0.0 -0.0 -0.0 -0.0 -0.0 -0.0 -0.0 -0.0 -54.751947021484376 -24.40429229736328 -0.3425175905227661 -1.0 -1.0 -1.0 -1.0 -1.0 -1.0
2:491.3559 90.87503 272.6577 480.8979 86.4286 248.1035 546.1091 87.13663 277.8254 571.8436 63.61377 204.7322 504.3085 96.78125 293.9294 454.0091 87.50007 286.1253 440.109 81.01415 251.0254 443.609 87.50002 269.9255 454.409 87.50002 302.1255
1:-543.3059637451172 -246.33145339965822 -0.9747408676147462 -0.013752995058894157 0.012202230282127857 -0.059402454644441605 0.012745607644319534 -0.012006755918264389 0.0608559213578701 -0.058074336498975754 0.1502780020236969 -0.09306918829679489 -0.11300846934318542 0.13381001353263855 0.1265130341053009 -0.10520071536302567 0.23186326026916504 -0.026287268847227097 -0.06369935721158981 0.2626804709434509 0.1921149492263794 -527.4872504882812 -252.40459313964845 -2.5597690734863283 -512.1019266357422 -258.31134548950195 -4.101371849060059 -497.8000762939453 -263.80212936401364 -5.534411048889161 -481.5479736328125 -273.77790028463585 -7.162864685058594 -0.0 -0.0 -0.0 -478.1954345703125 -270.5584411621094 27.205387115478516 -484.9005126953125 -269.5248718261719 -41.5311164855957 -0.3906328082084656 0.19567935168743134 -0.13351699709892273 -0.4278186559677124 0.1517711877822876 0.06125308945775032 -0.6249098777770996 0.3350814878940582 -0.17473629117012024 -0.6732177138328552 0.2664439082145691 0.08175157755613327 -0.8809615969657898 0.3761519193649292 -0.1397126466035843 -0.888860821723938 0.35911059379577637 0.02698974870145321 -0.15673112869262695 0.2878202497959137 -0.026997631415724754 -0.08101547509431839 0.266889750957489 0.16586676239967346 -0.0 -0.0 -0.0 -0.0 -0.0 -0.0 -0.0 -0.0 -0.0 -0.0 -0.0 -0.0 -0.0 -0.0 -0.0 -0.0 -0.0 -0.0 -0.0 -0.0 -0.0 -0.0 -0.0 -0.0 -0.0 -0.0 -0.0 -0.0 -0.0 -0.0 -0.0 -0.0 -0.0 -0.0 -0.0 -0.0 -0.0 -0.0 -0.0 -0.0 -0.0 -0.0 -0.0 -0.0 -0.0 -0.0 -0.0 -0.0 -0.0 -0.0 -0.0 -0.0 -0.0 -0.0 -0.0 -0.0 -0.0 -0.0 -0.0 -0.0 -0.0 -0.0 -0.0 -0.0 -0.0 -0.0 -0.0 -0.0 -0.0 -0.0 -0.0 -0.0 -0.0 -0.0 -0.0 -0.0 -0.0 -0.0 -0.0 -0.0 -0.0 -0.0 -0.0 -0.0 -0.0 -0.0 -0.0 -0.0 -0.0 -0.0 -0.0 -0.0 -0.0 -0.0 -0.0 -0.0 -0.0 -0.0 -0.0 -0.0 -0.0 -0.0 -0.0 -0.0 -0.0 -0.0 -0.0 -0.0 -0.0 -0.0 -0.0 -0.0 -0.0 -0.0 -0.0 -0.0 -0.0 -0.0 -0.0 -0.0 -0.0 -0.0 -0.0 -0.0 -0.0 -0.0 -0.0 -0.0 -0.0 -0.0 -0.0 -0.0 -54.751947021484376 -24.40429229736328 -0.3425175905227661 -1.0 -1.0 -1.0 -1.0 -1.0 -1.0
2:491.3559 90.87503 272.6577 480.8979 86.4286 248.1035 546.1091 87.13663 277.8254 571.8439 63.61351 204.733 504.3085 96.78125 293.9294 454.0091 87.50007 286.1253 440.109 81.01415 251.0254 443.609 87.50002 269.9255 454.409 87.50002 302.1255
1:-543.3059637451172 -246.33145339965822 -0.9747408676147462 -0.013752995058894157 0.012202230282127857 -0.059402454644441605 0.012745607644319534 -0.012006755918264389 0.0608559213578701 -0.058074336498975754 0.1502780020236969 -0.09306918829679489 -0.11300846934318542 0.13381001353263855 0.1265130341053009 -0.10520071536302567 0.23186326026916504 -0.026287268847227097 -0.06369935721158981 0.2626804709434509 0.1921149492263794 -527.4872504882812 -252.40459313964845 -2.5597690734863283 -512.1019266357422 -258.31134548950195 -4.101371849060059 -497.8000762939453 -263.80212936401364 -5.534411048889161 -481.5479736328125 -273.77790028463585 -7.162864685058594 -0.0 -0.0 -0.0 -478.1954345703125 -270.5584411621094 27.205387115478516 -484.9005126953125 -269.5248718261719 -41.5311164855957 -0.3906328082084656 0.19567935168743134 -0.13351699709892273 -0.4278186559677124 0.1517711877822876 0.06125308945775032 -0.6249098777770996 0.3350814878940582 -0.17473629117012024 -0.6732177138328552 0.2664439082145691 0.08175157755613327 -0.8809615969657898 0.3761519193649292 -0.1397126466035843 -0.888860821723938 0.35911059379577637 0.02698974870145321 -0.15673112869262695 0.2878202497959137 -0.026997631415724754 -0.08101547509431839 0.266889750957489 0.16586676239967346 -0.0 -0.0 -0.0 -0.0 -0.0 -0.0 -0.0 -0.0 -0.0 -0.0 -0.0 -0.0 -0.0 -0.0 -0.0 -0.0 -0.0 -0.0 -0.0 -0.0 -0.0 -0.0 -0.0 -0.0 -0.0 -0.0 -0.0 -0.0 -0.0 -0.0 -0.0 -0.0 -0.0 -0.0 -0.0 -0.0 -0.0 -0.0 -0.0 -0.0 -0.0 -0.0 -0.0 -0.0 -0.0 -0.0 -0.0 -0.0 -0.0 -0.0 -0.0 -0.0 -0.0 -0.0 -0.0 -0.0 -0.0 -0.0 -0.0 -0.0 -0.0 -0.0 -0.0 -0.0 -0.0 -0.0 -0.0 -0.0 -0.0 -0.0 -0.0 -0.0 -0.0 -0.0 -0.0 -0.0 -0.0 -0.0 -0.0 -0.0 -0.0 -0.0 -0.0 -0.0 -0.0 -0.0 -0.0 -0.0 -0.0 -0.0 -0.0 -0.0 -0.0 -0.0 -0.0 -0.0 -0.0 -0.0 -0.0 -0.0 -0.0 -0.0 -0.0 -0.0 -0.0 -0.0 -0.0 -0.0 -0.0 -0.0 -0.0 -0.0 -0.0 -0.0 -0.0 -0.0 -0.0 -0.0 -0.0 -0.0 -0.0 -0.0 -0.0 -0.0 -0.0 -0.0 -0.0 -0.0 -0.0 -0.0 -0.0 -0.0 -54.751947021484376 -24.40429229736328 -0.3425175905227661 -1.0 -1.0 -1.0 -1.0 -1.0 -1.0
2:491.3559 90.87503 272.6577 480.8979 86.4286 248.1035 546.1091 87.13663 277.8254 571.8442 63.61333 204.7337 504.3085 96.78125 293.9294 454.0091 87.50007 286.1253 440.109 81.01415 251.0254 443.609 87.50002 269.9255 454.409 87.50002 302.1255
1:-543.3059637451172 -246.33145339965822 -0.9747408676147462 -0.013752995058894157 0.012202230282127857 -0.059402454644441605 0.012745607644319534 -0.012006755918264389 0.0608559213578701 -0.058074336498975754 0.1502780020236969 -0.09306918829679489 -0.11300846934318542 0.13381001353263855 0.1265130341053009 -0.10520071536302567 0.23186326026916504 -0.026287268847227097 -0.06369935721158981 0.2626804709434509 0.1921149492263794 -527.4872504882812 -252.40459313964845 -2.5597690734863283 -512.1019266357422 -258.31134548950195 -4.101371849060059 -497.8000762939453 -263.80212936401364 -5.534411048889161 -481.5479736328125 -273.77790028463585 -7.162864685058594 -0.0 -0.0 -0.0 -478.1954345703125 -270.5584411621094 27.205387115478516 -484.9005126953125 -269.5248718261719 -41.5311164855957 -0.3906328082084656 0.19567935168743134 -0.13351699709892273 -0.4278186559677124 0.1517711877822876 0.06125308945775032 -0.6249098777770996 0.3350814878940582 -0.17473629117012024 -0.6732177138328552 0.2664439082145691 0.08175157755613327 -0.8809615969657898 0.3761519193649292 -0.1397126466035843 -0.888860821723938 0.35911059379577637 0.02698974870145321 -0.15673112869262695 0.2878202497959137 -0.026997631415724754 -0.08101547509431839 0.266889750957489 0.16586676239967346 -0.0 -0.0 -0.0 -0.0 -0.0 -0.0 -0.0 -0.0 -0.0 -0.0 -0.0 -0.0 -0.0 -0.0 -0.0 -0.0 -0.0 -0.0 -0.0 -0.0 -0.0 -0.0 -0.0 -0.0 -0.0 -0.0 -0.0 -0.0 -0.0 -0.0 -0.0 -0.0 -0.0 -0.0 -0.0 -0.0 -0.0 -0.0 -0.0 -0.0 -0.0 -0.0 -0.0 -0.0 -0.0 -0.0 -0.0 -0.0 -0.0 -0.0 -0.0 -0.0 -0.0 -0.0 -0.0 -0.0 -0.0 -0.0 -0.0 -0.0 -0.0 -0.0 -0.0 -0.0 -0.0 -0.0 -0.0 -0.0 -0.0 -0.0 -0.0 -0.0 -0.0 -0.0 -0.0 -0.0 -0.0 -0.0 -0.0 -0.0 -0.0 -0.0 -0.0 -0.0 -0.0 -0.0 -0.0 -0.0 -0.0 -0.0 -0.0 -0.0 -0.0 -0.0 -0.0 -0.0 -0.0 -0.0 -0.0 -0.0 -0.0 -0.0 -0.0 -0.0 -0.0 -0.0 -0.0 -0.0 -0.0 -0.0 -0.0 -0.0 -0.0 -0.0 -0.0 -0.0 -0.0 -0.0 -0.0 -0.0 -0.0 -0.0 -0.0 -0.0 -0.0 -0.0 -0.0 -0.0 -0.0 -0.0 -0.0 -0.0 -54.751947021484376 -24.40429229736328 -0.3425175905227661 -1.0 -1.0 -1.0 -1.0 -1.0 -1.0
2:491.3559 90.87503 272.6577 480.8979 86.4286 248.1035 546.1091 87.13663 277.8254 571.8445 63.61313 204.7342 504.3085 96.78125 293.9294 454.0091 87.50007 286.1253 440.109 81.01415 251.0254 443.609 87.50002 269.9255 454.409 87.50002 302.1255
1:-543.3059637451172 -246.33145339965822 -0.9747408676147462 -0.013752995058894157 0.012202230282127857 -0.059402454644441605 0.012745607644319534 -0.012006755918264389 0.0608559213578701 -0.058074336498975754 0.1502780020236969 -0.09306918829679489 -0.11300846934318542 0.13381001353263855 0.1265130341053009 -0.10520071536302567 0.23186326026916504 -0.026287268847227097 -0.06369935721158981 0.2626804709434509 0.1921149492263794 -527.4872504882812 -252.40459313964845 -2.5597690734863283 -512.1019266357422 -258.31134548950195 -4.101371849060059 -497.8000762939453 -263.80212936401364 -5.534411048889161 -481.5479736328125 -273.77790028463585 -7.162864685058594 -0.0 -0.0 -0.0 -478.1954345703125 -270.5584411621094 27.205387115478516 -484.9005126953125 -269.5248718261719 -41.5311164855957 -0.3906328082084656 0.19567935168743134 -0.13351699709892273 -0.4278186559677124 0.1517711877822876 0.06125308945775032 -0.6249098777770996 0.3350814878940582 -0.17473629117012024 -0.6732177138328552 0.2664439082145691 0.08175157755613327 -0.8809615969657898 0.3761519193649292 -0.1397126466035843 -0.888860821723938 0.35911059379577637 0.02698974870145321 -0.15673112869262695 0.2878202497959137 -0.026997631415724754 -0.08101547509431839 0.266889750957489 0.16586676239967346 -0.0 -0.0 -0.0 -0.0 -0.0 -0.0 -0.0 -0.0 -0.0 -0.0 -0.0 -0.0 -0.0 -0.0 -0.0 -0.0 -0.0 -0.0 -0.0 -0.0 -0.0 -0.0 -0.0 -0.0 -0.0 -0.0 -0.0 -0.0 -0.0 -0.0 -0.0 -0.0 -0.0 -0.0 -0.0 -0.0 -0.0 -0.0 -0.0 -0.0 -0.0 -0.0 -0.0 -0.0 -0.0 -0.0 -0.0 -0.0 -0.0 -0.0 -0.0 -0.0 -0.0 -0.0 -0.0 -0.0 -0.0 -0.0 -0.0 -0.0 -0.0 -0.0 -0.0 -0.0 -0.0 -0.0 -0.0 -0.0 -0.0 -0.0 -0.0 -0.0 -0.0 -0.0 -0.0 -0.0 -0.0 -0.0 -0.0 -0.0 -0.0 -0.0 -0.0 -0.0 -0.0 -0.0 -0.0 -0.0 -0.0 -0.0 -0.0 -0.0 -0.0 -0.0 -0.0 -0.0 -0.0 -0.0 -0.0 -0.0 -0.0 -0.0 -0.0 -0.0 -0.0 -0.0 -0.0 -0.0 -0.0 -0.0 -0.0 -0.0 -0.0 -0.0 -0.0 -0.0 -0.0 -0.0 -0.0 -0.0 -0.0 -0.0 -0.0 -0.0 -0.0 -0.0 -0.0 -0.0 -0.0 -0.0 -0.0 -0.0 -54.751947021484376 -24.40429229736328 -0.3425175905227661 -1.0 -1.0 -1.0 -1.0 -1.0 -1.0
2:491.3559 90.87503 272.6577 480.8979 86.4286 248.1035 546.1091 87.13663 277.8254 571.8445 63.61302 204.7345 504.3085 96.78125 293.9294 454.0091 87.50007 286.1253 440.109 81.01415 251.0254 443.609 87.50002 269.9255 454.409 87.50002 302.1255
1:-543.3059637451172 -246.33145339965822 -0.9747408676147462 -0.013752995058894157 0.012202230282127857 -0.059402454644441605 0.012745607644319534 -0.012006755918264389 0.0608559213578701 -0.058074336498975754 0.1502780020236969 -0.09306918829679489 -0.11300846934318542 0.13381001353263855 0.1265130341053009 -0.10520071536302567 0.23186326026916504 -0.026287268847227097 -0.06369935721158981 0.2626804709434509 0.1921149492263794 -527.4872504882812 -252.40459313964845 -2.5597690734863283 -512.1019266357422 -258.31134548950195 -4.101371849060059 -497.8000762939453 -263.80212936401364 -5.534411048889161 -481.5479736328125 -273.77790028463585 -7.162864685058594 -0.0 -0.0 -0.0 -478.1954345703125 -270.5584411621094 27.205387115478516 -484.9005126953125 -269.5248718261719 -41.5311164855957 -0.3906328082084656 0.19567935168743134 -0.13351699709892273 -0.4278186559677124 0.1517711877822876 0.06125308945775032 -0.6249098777770996 0.3350814878940582 -0.17473629117012024 -0.6732177138328552 0.2664439082145691 0.08175157755613327 -0.8809615969657898 0.3761519193649292 -0.1397126466035843 -0.888860821723938 0.35911059379577637 0.02698974870145321 -0.15673112869262695 0.2878202497959137 -0.026997631415724754 -0.08101547509431839 0.266889750957489 0.16586676239967346 -0.0 -0.0 -0.0 -0.0 -0.0 -0.0 -0.0 -0.0 -0.0 -0.0 -0.0 -0.0 -0.0 -0.0 -0.0 -0.0 -0.0 -0.0 -0.0 -0.0 -0.0 -0.0 -0.0 -0.0 -0.0 -0.0 -0.0 -0.0 -0.0 -0.0 -0.0 -0.0 -0.0 -0.0 -0.0 -0.0 -0.0 -0.0 -0.0 -0.0 -0.0 -0.0 -0.0 -0.0 -0.0 -0.0 -0.0 -0.0 -0.0 -0.0 -0.0 -0.0 -0.0 -0.0 -0.0 -0.0 -0.0 -0.0 -0.0 -0.0 -0.0 -0.0 -0.0 -0.0 -0.0 -0.0 -0.0 -0.0 -0.0 -0.0 -0.0 -0.0 -0.0 -0.0 -0.0 -0.0 -0.0 -0.0 -0.0 -0.0 -0.0 -0.0 -0.0 -0.0 -0.0 -0.0 -0.0 -0.0 -0.0 -0.0 -0.0 -0.0 -0.0 -0.0 -0.0 -0.0 -0.0 -0.0 -0.0 -0.0 -0.0 -0.0 -0.0 -0.0 -0.0 -0.0 -0.0 -0.0 -0.0 -0.0 -0.0 -0.0 -0.0 -0.0 -0.0 -0.0 -0.0 -0.0 -0.0 -0.0 -0.0 -0.0 -0.0 -0.0 -0.0 -0.0 -0.0 -0.0 -0.0 -0.0 -0.0 -0.0 -54.751947021484376 -24.40429229736328 -0.3425175905227661 -1.0 -1.0 -1.0 -1.0 -1.0 -1.0
2:491.3559 90.87503 272.6577 480.8979 86.4286 248.1035 546.1091 87.13663 277.8254 571.9536 63.61736 204.6985 504.3085 96.78125 293.9294 454.0091 87.50007 286.1253 440.109 81.01415 251.0254 443.609 87.50002 269.9255 454.409 87.50002 302.1255
1:-543.3059637451172 -246.33145339965822 -0.9747408676147462 -0.013752995058894157 0.012202230282127857 -0.059402454644441605 0.012745607644319534 -0.012006755918264389 0.0608559213578701 -0.058074336498975754 0.1502780020236969 -0.09306918829679489 -0.11300846934318542 0.13381001353263855 0.1265130341053009 -0.10520071536302567 0.23186326026916504 -0.026287268847227097 -0.06369935721158981 0.2626804709434509 0.1921149492263794 -527.4872504882812 -252.40459313964845 -2.5597690734863283 -512.1019266357422 -258.31134548950195 -4.101371849060059 -497.8000762939453 -263.80212936401364 -5.534411048889161 -481.5479736328125 -273.77790028463585 -7.162864685058594 -0.0 -0.0 -0.0 -478.1954345703125 -270.5584411621094 27.205387115478516 -484.9005126953125 -269.5248718261719 -41.5311164855957 -0.3906328082084656 0.19567935168743134 -0.13351699709892273 -0.4278186559677124 0.1517711877822876 0.06125308945775032 -0.6249098777770996 0.3350814878940582 -0.17473629117012024 -0.6732177138328552 0.2664439082145691 0.08175157755613327 -0.8809615969657898 0.3761519193649292 -0.1397126466035843 -0.888860821723938 0.35911059379577637 0.02698974870145321 -0.15673112869262695 0.2878202497959137 -0.026997631415724754 -0.08101547509431839 0.266889750957489 0.16586676239967346 -0.0 -0.0 -0.0 -0.0 -0.0 -0.0 -0.0 -0.0 -0.0 -0.0 -0.0 -0.0 -0.0 -0.0 -0.0 -0.0 -0.0 -0.0 -0.0 -0.0 -0.0 -0.0 -0.0 -0.0 -0.0 -0.0 -0.0 -0.0 -0.0 -0.0 -0.0 -0.0 -0.0 -0.0 -0.0 -0.0 -0.0 -0.0 -0.0 -0.0 -0.0 -0.0 -0.0 -0.0 -0.0 -0.0 -0.0 -0.0 -0.0 -0.0 -0.0 -0.0 -0.0 -0.0 -0.0 -0.0 -0.0 -0.0 -0.0 -0.0 -0.0 -0.0 -0.0 -0.0 -0.0 -0.0 -0.0 -0.0 -0.0 -0.0 -0.0 -0.0 -0.0 -0.0 -0.0 -0.0 -0.0 -0.0 -0.0 -0.0 -0.0 -0.0 -0.0 -0.0 -0.0 -0.0 -0.0 -0.0 -0.0 -0.0 -0.0 -0.0 -0.0 -0.0 -0.0 -0.0 -0.0 -0.0 -0.0 -0.0 -0.0 -0.0 -0.0 -0.0 -0.0 -0.0 -0.0 -0.0 -0.0 -0.0 -0.0 -0.0 -0.0 -0.0 -0.0 -0.0 -0.0 -0.0 -0.0 -0.0 -0.0 -0.0 -0.0 -0.0 -0.0 -0.0 -0.0 -0.0 -0.0 -0.0 -0.0 -0.0 -54.751947021484376 -24.40429229736328 -0.3425175905227661 -1.0 -1.0 -1.0 -1.0 -1.0 -1.0
2:491.3559 90.87503 272.6577 480.8979 86.4286 248.1035 546.1091 87.13663 277.8254 571.8448 63.61279 204.7351 504.3085 96.78125 293.9294 454.0091 87.50007 286.1253 440.109 81.01415 251.0254 443.609 87.50002 269.9255 454.409 87.50002 302.1255
1:-543.3059637451172 -246.33145339965822 -0.9747408676147462 -0.013752995058894157 0.012202230282127857 -0.059402454644441605 0.012745607644319534 -0.012006755918264389 0.0608559213578701 -0.058074336498975754 0.1502780020236969 -0.09306918829679489 -0.11300846934318542 0.13381001353263855 0.1265130341053009 -0.10520071536302567 0.23186326026916504 -0.026287268847227097 -0.06369935721158981 0.2626804709434509 0.1921149492263794 -527.4872504882812 -252.40459313964845 -2.5597690734863283 -512.1019266357422 -258.31134548950195 -4.101371849060059 -497.8000762939453 -263.80212936401364 -5.534411048889161 -481.5479736328125 -273.77790028463585 -7.162864685058594 -0.0 -0.0 -0.0 -478.1954345703125 -270.5584411621094 27.205387115478516 -484.9005126953125 -269.5248718261719 -41.5311164855957 -0.3906328082084656 0.19567935168743134 -0.13351699709892273 -0.4278186559677124 0.1517711877822876 0.06125308945775032 -0.6249098777770996 0.3350814878940582 -0.17473629117012024 -0.6732177138328552 0.2664439082145691 0.08175157755613327 -0.8809615969657898 0.3761519193649292 -0.1397126466035843 -0.888860821723938 0.35911059379577637 0.02698974870145321 -0.15673112869262695 0.2878202497959137 -0.026997631415724754 -0.08101547509431839 0.266889750957489 0.16586676239967346 -0.0 -0.0 -0.0 -0.0 -0.0 -0.0 -0.0 -0.0 -0.0 -0.0 -0.0 -0.0 -0.0 -0.0 -0.0 -0.0 -0.0 -0.0 -0.0 -0.0 -0.0 -0.0 -0.0 -0.0 -0.0 -0.0 -0.0 -0.0 -0.0 -0.0 -0.0 -0.0 -0.0 -0.0 -0.0 -0.0 -0.0 -0.0 -0.0 -0.0 -0.0 -0.0 -0.0 -0.0 -0.0 -0.0 -0.0 -0.0 -0.0 -0.0 -0.0 -0.0 -0.0 -0.0 -0.0 -0.0 -0.0 -0.0 -0.0 -0.0 -0.0 -0.0 -0.0 -0.0 -0.0 -0.0 -0.0 -0.0 -0.0 -0.0 -0.0 -0.0 -0.0 -0.0 -0.0 -0.0 -0.0 -0.0 -0.0 -0.0 -0.0 -0.0 -0.0 -0.0 -0.0 -0.0 -0.0 -0.0 -0.0 -0.0 -0.0 -0.0 -0.0 -0.0 -0.0 -0.0 -0.0 -0.0 -0.0 -0.0 -0.0 -0.0 -0.0 -0.0 -0.0 -0.0 -0.0 -0.0 -0.0 -0.0 -0.0 -0.0 -0.0 -0.0 -0.0 -0.0 -0.0 -0.0 -0.0 -0.0 -0.0 -0.0 -0.0 -0.0 -0.0 -0.0 -0.0 -0.0 -0.0 -0.0 -0.0 -0.0 -54.751947021484376 -24.40429229736328 -0.3425175905227661 -1.0 -1.0 -1.0 -1.0 -1.0 -1.0
2:491.3559 90.87503 272.6577 480.8979 86.4286 248.1035 546.1091 87.13663 277.8254 571.9538 63.61713 204.6991 504.3085 96.78125 293.9294 454.0091 87.50007 286.1253 440.109 81.01415 251.0254 443.609 87.50002 269.9255 454.409 87.50002 302.1255
1:-543.3059637451172 -246.33145339965822 -0.9747408676147462 -0.013752995058894157 0.012202230282127857 -0.059402454644441605 0.012745607644319534 -0.012006755918264389 0.0608559213578701 -0.058074336498975754 0.1502780020236969 -0.09306918829679489 -0.11300846934318542 0.13381001353263855 0.1265130341053009 -0.10520071536302567 0.23186326026916504 -0.026287268847227097 -0.06369935721158981 0.2626804709434509 0.1921149492263794 -527.4872504882812 -252.40459313964845 -2.5597690734863283 -512.1019266357422 -258.31134548950195 -4.101371849060059 -497.8000762939453 -263.80212936401364 -5.534411048889161 -481.5479736328125 -273.77790028463585 -7.162864685058594 -0.0 -0.0 -0.0 -478.1954345703125 -270.5584411621094 27.205387115478516 -484.9005126953125 -269.5248718261719 -41.5311164855957 -0.3906328082084656 0.19567935168743134 -0.13351699709892273 -0.4278186559677124 0.1517711877822876 0.06125308945775032 -0.6249098777770996 0.3350814878940582 -0.17473629117012024 -0.6732177138328552 0.2664439082145691 0.08175157755613327 -0.8809615969657898 0.3761519193649292 -0.1397126466035843 -0.888860821723938 0.35911059379577637 0.02698974870145321 -0.15673112869262695 0.2878202497959137 -0.026997631415724754 -0.08101547509431839 0.266889750957489 0.16586676239967346 -0.0 -0.0 -0.0 -0.0 -0.0 -0.0 -0.0 -0.0 -0.0 -0.0 -0.0 -0.0 -0.0 -0.0 -0.0 -0.0 -0.0 -0.0 -0.0 -0.0 -0.0 -0.0 -0.0 -0.0 -0.0 -0.0 -0.0 -0.0 -0.0 -0.0 -0.0 -0.0 -0.0 -0.0 -0.0 -0.0 -0.0 -0.0 -0.0 -0.0 -0.0 -0.0 -0.0 -0.0 -0.0 -0.0 -0.0 -0.0 -0.0 -0.0 -0.0 -0.0 -0.0 -0.0 -0.0 -0.0 -0.0 -0.0 -0.0 -0.0 -0.0 -0.0 -0.0 -0.0 -0.0 -0.0 -0.0 -0.0 -0.0 -0.0 -0.0 -0.0 -0.0 -0.0 -0.0 -0.0 -0.0 -0.0 -0.0 -0.0 -0.0 -0.0 -0.0 -0.0 -0.0 -0.0 -0.0 -0.0 -0.0 -0.0 -0.0 -0.0 -0.0 -0.0 -0.0 -0.0 -0.0 -0.0 -0.0 -0.0 -0.0 -0.0 -0.0 -0.0 -0.0 -0.0 -0.0 -0.0 -0.0 -0.0 -0.0 -0.0 -0.0 -0.0 -0.0 -0.0 -0.0 -0.0 -0.0 -0.0 -0.0 -0.0 -0.0 -0.0 -0.0 -0.0 -0.0 -0.0 -0.0 -0.0 -0.0 -0.0 -54.751947021484376 -24.40429229736328 -0.3425175905227661 -1.0 -1.0 -1.0 -1.0 -1.0 -1.0
2:491.3559 90.87503 272.6577 480.8979 86.4286 248.1035 546.1091 87.13663 277.8254 571.845 63.61258 204.7356 504.3085 96.78125 293.9294 454.0091 87.50007 286.1253 440.109 81.01415 251.0254 443.609 87.50002 269.9255 454.409 87.50002 302.1255
1:-543.3059637451172 -246.33145339965822 -0.9747408676147462 -0.013752995058894157 0.012202230282127857 -0.059402454644441605 0.012745607644319534 -0.012006755918264389 0.0608559213578701 -0.058074336498975754 0.1502780020236969 -0.09306918829679489 -0.11300846934318542 0.13381001353263855 0.1265130341053009 -0.10520071536302567 0.23186326026916504 -0.026287268847227097 -0.06369935721158981 0.2626804709434509 0.1921149492263794 -527.4872504882812 -252.40459313964845 -2.5597690734863283 -512.1019266357422 -258.31134548950195 -4.101371849060059 -497.8000762939453 -263.80212936401364 -5.534411048889161 -481.5479736328125 -273.77790028463585 -7.162864685058594 -0.0 -0.0 -0.0 -478.1954345703125 -270.5584411621094 27.205387115478516 -484.9005126953125 -269.5248718261719 -41.5311164855957 -0.3906328082084656 0.19567935168743134 -0.13351699709892273 -0.4278186559677124 0.1517711877822876 0.06125308945775032 -0.6249098777770996 0.3350814878940582 -0.17473629117012024 -0.6732177138328552 0.2664439082145691 0.08175157755613327 -0.8809615969657898 0.3761519193649292 -0.1397126466035843 -0.888860821723938 0.35911059379577637 0.02698974870145321 -0.15673112869262695 0.2878202497959137 -0.026997631415724754 -0.08101547509431839 0.266889750957489 0.16586676239967346 -0.0 -0.0 -0.0 -0.0 -0.0 -0.0 -0.0 -0.0 -0.0 -0.0 -0.0 -0.0 -0.0 -0.0 -0.0 -0.0 -0.0 -0.0 -0.0 -0.0 -0.0 -0.0 -0.0 -0.0 -0.0 -0.0 -0.0 -0.0 -0.0 -0.0 -0.0 -0.0 -0.0 -0.0 -0.0 -0.0 -0.0 -0.0 -0.0 -0.0 -0.0 -0.0 -0.0 -0.0 -0.0 -0.0 -0.0 -0.0 -0.0 -0.0 -0.0 -0.0 -0.0 -0.0 -0.0 -0.0 -0.0 -0.0 -0.0 -0.0 -0.0 -0.0 -0.0 -0.0 -0.0 -0.0 -0.0 -0.0 -0.0 -0.0 -0.0 -0.0 -0.0 -0.0 -0.0 -0.0 -0.0 -0.0 -0.0 -0.0 -0.0 -0.0 -0.0 -0.0 -0.0 -0.0 -0.0 -0.0 -0.0 -0.0 -0.0 -0.0 -0.0 -0.0 -0.0 -0.0 -0.0 -0.0 -0.0 -0.0 -0.0 -0.0 -0.0 -0.0 -0.0 -0.0 -0.0 -0.0 -0.0 -0.0 -0.0 -0.0 -0.0 -0.0 -0.0 -0.0 -0.0 -0.0 -0.0 -0.0 -0.0 -0.0 -0.0 -0.0 -0.0 -0.0 -0.0 -0.0 -0.0 -0.0 -0.0 -0.0 -54.751947021484376 -24.40429229736328 -0.3425175905227661 -1.0 -1.0 -1.0 -1.0 -1.0 -1.0
2:491.3559 90.87503 272.6577 480.8979 86.4286 248.1035 546.1091 87.13663 277.8254 571.845 63.61256 204.7357 504.3085 96.78125 293.9294 454.0091 87.50007 286.1253 440.109 81.01415 251.0254 443.609 87.50002 269.9255 454.409 87.50002 302.1255
1:-543.3059637451172 -246.33145339965822 -0.9747408676147462 -0.013752995058894157 0.012202230282127857 -0.059402454644441605 0.012745607644319534 -0.012006755918264389 0.0608559213578701 -0.058074336498975754 0.1502780020236969 -0.09306918829679489 -0.11300846934318542 0.13381001353263855 0.1265130341053009 -0.10520071536302567 0.23186326026916504 -0.026287268847227097 -0.06369935721158981 0.2626804709434509 0.1921149492263794 -527.4872504882812 -252.40459313964845 -2.5597690734863283 -512.1019266357422 -258.31134548950195 -4.101371849060059 -497.8000762939453 -263.80212936401364 -5.534411048889161 -481.5479736328125 -273.77790028463585 -7.162864685058594 -0.0 -0.0 -0.0 -478.1954345703125 -270.5584411621094 27.205387115478516 -484.9005126953125 -269.5248718261719 -41.5311164855957 -0.3906328082084656 0.19567935168743134 -0.13351699709892273 -0.4278186559677124 0.1517711877822876 0.06125308945775032 -0.6249098777770996 0.3350814878940582 -0.17473629117012024 -0.6732177138328552 0.2664439082145691 0.08175157755613327 -0.8809615969657898 0.3761519193649292 -0.1397126466035843 -0.888860821723938 0.35911059379577637 0.02698974870145321 -0.15673112869262695 0.2878202497959137 -0.026997631415724754 -0.08101547509431839 0.266889750957489 0.16586676239967346 -0.0 -0.0 -0.0 -0.0 -0.0 -0.0 -0.0 -0.0 -0.0 -0.0 -0.0 -0.0 -0.0 -0.0 -0.0 -0.0 -0.0 -0.0 -0.0 -0.0 -0.0 -0.0 -0.0 -0.0 -0.0 -0.0 -0.0 -0.0 -0.0 -0.0 -0.0 -0.0 -0.0 -0.0 -0.0 -0.0 -0.0 -0.0 -0.0 -0.0 -0.0 -0.0 -0.0 -0.0 -0.0 -0.0 -0.0 -0.0 -0.0 -0.0 -0.0 -0.0 -0.0 -0.0 -0.0 -0.0 -0.0 -0.0 -0.0 -0.0 -0.0 -0.0 -0.0 -0.0 -0.0 -0.0 -0.0 -0.0 -0.0 -0.0 -0.0 -0.0 -0.0 -0.0 -0.0 -0.0 -0.0 -0.0 -0.0 -0.0 -0.0 -0.0 -0.0 -0.0 -0.0 -0.0 -0.0 -0.0 -0.0 -0.0 -0.0 -0.0 -0.0 -0.0 -0.0 -0.0 -0.0 -0.0 -0.0 -0.0 -0.0 -0.0 -0.0 -0.0 -0.0 -0.0 -0.0 -0.0 -0.0 -0.0 -0.0 -0.0 -0.0 -0.0 -0.0 -0.0 -0.0 -0.0 -0.0 -0.0 -0.0 -0.0 -0.0 -0.0 -0.0 -0.0 -0.0 -0.0 -0.0 -0.0 -0.0 -0.0 -54.751947021484376 -24.40429229736328 -0.3425175905227661 -1.0 -1.0 -1.0 -1.0 -1.0 -1.0
2:491.3559 90.87503 272.6577 480.8979 86.4286 248.1035 546.1091 87.13663 277.8254 571.845 63.61247 204.7358 504.3085 96.78125 293.9294 454.0091 87.50007 286.1253 440.109 81.01415 251.0254 443.609 87.50002 269.9255 454.409 87.50002 302.1255
